movie_id,title,content_type,genre_primary,genre_secondary,release_year,duration_minutes,rating,language,country_of_origin,imdb_rating,production_budget,box_office_revenue,number_of_seasons,number_of_episodes,is_netflix_original,added_to_platform,content_warning,poster_url,director,overview
movie_0001,The Shawshank Redemption,Movie,Drama,,1994,142.0,A,English,USA,9.3,,28341469.0,,,False,2022-03-04,False,https://m.media-amazon.com/images/M/MV5BMDFkYTc0MGEtZmNhMC00ZDIzLWFmNTEtODM1ZmRlYWMwMWFmXkEyXkFqcGdeQXVyMTMxODk2OTU@._V1_SX600.jpg,Frank Darabont,"Two imprisoned men bond over a number of years, finding solace and eventual redemption through acts of common decency."
movie_0002,The Godfather,Movie,Crime,Drama,1972,175.0,A,English,USA,9.2,,134966411.0,,,False,2016-04-01,True,https://m.media-amazon.com/images/M/MV5BM2MyNjYxNmUtYTAwNi00MTYxLWJmNWYtYzZlODY3ZTk3OTFlXkEyXkFqcGdeQXVyNzkwMjQ5NzM@._V1_SX600.jpg,Francis Ford Coppola,An organized crime dynasty's aging patriarch transfers control of his clandestine empire to his reluctant son.
movie_0003,The Dark Knight,Movie,Action,Crime,2008,152.0,UA,English,USA,9.0,,534858444.0,,,False,2015-04-13,True,https://m.media-amazon.com/images/M/MV5BMTMxNTMwODM0NF5BMl5BanBnXkFtZTcwODAyMTk2Mw@._V1_SX600.jpg,Christopher Nolan,"When the menace known as the Joker wreaks havoc and chaos on the people of Gotham, Batman must accept one of the greatest psychological and physical tests of his ability to fight injustice."
movie_0004,The Godfather: Part II,Movie,Crime,Drama,1974,202.0,A,English,USA,9.0,,57300000.0,,,False,2023-04-26,True,https://m.media-amazon.com/images/M/MV5BMWMwMGQzZTItY2JlNC00OWZiLWIyMDctNDk2ZDQ2YjRjMWQ0XkEyXkFqcGdeQXVyNzkwMjQ5NzM@._V1_SX600.jpg,Francis Ford Coppola,"The early life and career of Vito Corleone in 1920s New York City is portrayed, while his son, Michael, expands and tightens his grip on the family crime syndicate."
movie_0005,12 Angry Men,Movie,Crime,Drama,1957,96.0,U,English,USA,9.0,,4360000.0,,,False,2018-01-31,True,https://m.media-amazon.com/images/M/MV5BMWU4N2FjNzYtNTVkNC00NzQ0LTg0MjAtYTJlMjFhNGUxZDFmXkEyXkFqcGdeQXVyNjc1NTYyMjg@._V1_SX600.jpg,Sidney Lumet,A jury holdout attempts to prevent a miscarriage of justice by forcing his colleagues to reconsider the evidence.
movie_0006,The Lord of the Rings: The Return of the King,Movie,Action,Adventure,2003,201.0,U,English,USA,8.9,,377845905.0,,,False,2017-09-30,False,https://m.media-amazon.com/images/M/MV5BNzA5ZDNlZWMtM2NhNS00NDJjLTk4NDItYTRmY2EwMWZlMTY3XkEyXkFqcGdeQXVyNzkwMjQ5NzM@._V1_SX600.jpg,Peter Jackson,Gandalf and Aragorn lead the World of Men against Sauron's army to draw his gaze from Frodo and Sam as they approach Mount Doom with the One Ring.
movie_0007,Pulp Fiction,Movie,Crime,Drama,1994,154.0,A,English,USA,8.9,,107928762.0,,,False,2017-07-03,True,https://m.media-amazon.com/images/M/MV5BNGNhMDIzZTUtNTBlZi00MTRlLWFjM2ItYzViMjE3YzI5MjljXkEyXkFqcGdeQXVyNzkwMjQ5NzM@._V1_SX600.jpg,Quentin Tarantino,"The lives of two mob hitmen, a boxer, a gangster and his wife, and a pair of diner bandits intertwine in four tales of violence and redemption."
movie_0008,Schindler's List,Movie,Biography,Drama,1993,195.0,A,English,USA,8.9,,96898818.0,,,False,2016-07-25,False,https://m.media-amazon.com/images/M/MV5BNDE4OTMxMTctNmRhYy00NWE2LTg3YzItYTk3M2UwOTU5Njg4XkEyXkFqcGdeQXVyNjU0OTQ0OTY@._V1_SX600.jpg,Steven Spielberg,"In German-occupied Poland during World War II, industrialist Oskar Schindler gradually becomes concerned for his Jewish workforce after witnessing their persecution by the Nazis."
movie_0009,Inception,Movie,Action,Adventure,2010,148.0,UA,English,USA,8.8,,292576195.0,,,False,2023-04-05,False,https://m.media-amazon.com/images/M/MV5BMjAxMzY3NjcxNF5BMl5BanBnXkFtZTcwNTI5OTM0Mw@._V1_SX600.jpg,Christopher Nolan,A thief who steals corporate secrets through the use of dream-sharing technology is given the inverse task of planting an idea into the mind of a C.E.O.
movie_0010,Fight Club,Movie,Drama,,1999,139.0,A,English,USA,8.8,,37030102.0,,,False,2016-02-24,False,https://m.media-amazon.com/images/M/MV5BMmEzNTkxYjQtZTc0MC00YTVjLTg5ZTEtZWMwOWVlYzY0NWIwXkEyXkFqcGdeQXVyNzkwMjQ5NzM@._V1_SX600.jpg,David Fincher,"An insomniac office worker and a devil-may-care soapmaker form an underground fight club that evolves into something much, much more."
movie_0011,The Lord of the Rings: The Fellowship of the Ring,Movie,Action,Adventure,2001,178.0,U,English,USA,8.8,,315544750.0,,,False,2022-08-03,False,https://m.media-amazon.com/images/M/MV5BN2EyZjM3NzUtNWUzMi00MTgxLWI0NTctMzY4M2VlOTdjZWRiXkEyXkFqcGdeQXVyNDUzOTQ5MjY@._V1_SX600.jpg,Peter Jackson,A meek Hobbit from the Shire and eight companions set out on a journey to destroy the powerful One Ring and save Middle-earth from the Dark Lord Sauron.
movie_0012,Forrest Gump,Movie,Drama,Romance,1994,142.0,UA,English,USA,8.8,,330252182.0,,,False,2023-04-22,False,https://m.media-amazon.com/images/M/MV5BNWIwODRlZTUtY2U3ZS00Yzg1LWJhNzYtMmZiYmEyNmU1NjMzXkEyXkFqcGdeQXVyMTQxNzMzNDI@._V1_SX600.jpg,Robert Zemeckis,"The presidencies of Kennedy and Johnson, the events of Vietnam, Watergate and other historical events unfold through the perspective of an Alabama man with an IQ of 75, whose only desire is to be reunited with his childhood sweetheart."
movie_0013,"Il buono, il brutto, il cattivo",Movie,Western,,1966,161.0,A,English,USA,8.8,,6100000.0,,,False,2025-01-02,False,https://m.media-amazon.com/images/M/MV5BOTQ5NDI3MTI4MF5BMl5BanBnXkFtZTgwNDQ4ODE5MDE@._V1_SX600.jpg,Sergio Leone,A bounty hunting scam joins two men in an uneasy alliance against a third in a race to find a fortune in gold buried in a remote cemetery.
movie_0014,The Lord of the Rings: The Two Towers,Movie,Action,Adventure,2002,179.0,UA,English,USA,8.7,,342551365.0,,,False,2021-02-11,False,https://m.media-amazon.com/images/M/MV5BZGMxZTdjZmYtMmE2Ni00ZTdkLWI5NTgtNjlmMjBiNzU2MmI5XkEyXkFqcGdeQXVyNjU0OTQ0OTY@._V1_SX600.jpg,Peter Jackson,"While Frodo and Sam edge closer to Mordor with the help of the shifty Gollum, the divided fellowship makes a stand against Sauron's new ally, Saruman, and his hordes of Isengard."
movie_0015,The Matrix,Movie,Action,Sci-Fi,1999,136.0,A,English,USA,8.7,,171479930.0,,,False,2015-12-23,False,https://m.media-amazon.com/images/M/MV5BNzQzOTk3OTAtNDQ0Zi00ZTVkLWI0MTEtMDllZjNkYzNjNTc4L2ltYWdlXkEyXkFqcGdeQXVyNjU0OTQ0OTY@._V1_SX600.jpg,Lana Wachowski,"When a beautiful stranger leads computer hacker Neo to a forbidding underworld, he discovers the shocking truth--the life he knows is the elaborate deception of an evil cyber-intelligence."
movie_0016,Goodfellas,Movie,Biography,Crime,1990,146.0,A,English,USA,8.7,,46836394.0,,,False,2021-08-15,True,https://m.media-amazon.com/images/M/MV5BY2NkZjEzMDgtN2RjYy00YzM1LWI4ZmQtMjIwYjFjNmI3ZGEwXkEyXkFqcGdeQXVyNzkwMjQ5NzM@._V1_SX600.jpg,Martin Scorsese,"The story of Henry Hill and his life in the mob, covering his relationship with his wife Karen Hill and his mob partners Jimmy Conway and Tommy DeVito in the Italian-American crime syndicate."
movie_0017,Star Wars: Episode V - The Empire Strikes Back,Movie,Action,Adventure,1980,124.0,UA,English,USA,8.7,,290475067.0,,,False,2019-09-25,False,https://m.media-amazon.com/images/M/MV5BYmU1NDRjNDgtMzhiMi00NjZmLTg5NGItZDNiZjU5NTU4OTE0XkEyXkFqcGdeQXVyNzkwMjQ5NzM@._V1_SX600.jpg,Irvin Kershner,"After the Rebels are brutally overpowered by the Empire on the ice planet Hoth, Luke Skywalker begins Jedi training with Yoda, while his friends are pursued by Darth Vader and a bounty hunter named Boba Fett all over the galaxy."
movie_0018,One Flew Over the Cuckoo's Nest,Movie,Drama,,1975,133.0,A,English,USA,8.7,,112000000.0,,,False,2015-05-11,False,https://m.media-amazon.com/images/M/MV5BZjA0OWVhOTAtYWQxNi00YzNhLWI4ZjYtNjFjZTEyYjJlNDVlL2ltYWdlL2ltYWdlXkEyXkFqcGdeQXVyMTQxNzMzNDI@._V1_SX600.jpg,Milos Forman,"A criminal pleads insanity and is admitted to a mental institution, where he rebels against the oppressive nurse and rallies up the scared patients."
movie_0019,Hamilton,Movie,Biography,Drama,2020,160.0,PG-13,English,USA,8.6,,,,,False,2015-05-03,False,https://m.media-amazon.com/images/M/MV5BNjViNWRjYWEtZTI0NC00N2E3LTk0NGQtMjY4NTM3OGNkZjY0XkEyXkFqcGdeQXVyMjUxMTY3ODM@._V1_SX600.jpg,Thomas Kail,"The real life of one of America's foremost founding fathers and first Secretary of the Treasury, Alexander Hamilton. Captured live on Broadway from the Richard Rodgers Theater with the original Broadway cast."
movie_0020,Gisaengchung,Movie,Comedy,Drama,2019,132.0,A,Korean,South Korea,8.6,,53367844.0,,,False,2016-01-19,False,https://m.media-amazon.com/images/M/MV5BYWZjMjk3ZTItODQ2ZC00NTY5LWE0ZDYtZTI3MjcwN2Q5NTVkXkEyXkFqcGdeQXVyODk4OTc3MTY@._V1_SX600.jpg,Bong Joon Ho,Greed and class discrimination threaten the newly formed symbiotic relationship between the wealthy Park family and the destitute Kim clan.
movie_0021,Soorarai Pottru,Movie,Drama,,2020,153.0,U,English,USA,8.6,,,,,False,2017-06-14,False,https://m.media-amazon.com/images/M/MV5BOTc2ZTlmYmItMDBhYS00YmMzLWI4ZjAtMTI5YTBjOTFiMGEwXkEyXkFqcGdeQXVyODE5NzE3OTE@._V1_SX600.jpg,Sudha Kongara,"Nedumaaran Rajangam ""Maara"" sets out to make the common man fly and in the process takes on the world's most capital intensive industry and several enemies who stand in his way."
movie_0022,Interstellar,Movie,Adventure,Drama,2014,169.0,UA,English,USA,8.6,,188020017.0,,,False,2017-08-10,False,https://m.media-amazon.com/images/M/MV5BZjdkOTU3MDktN2IxOS00OGEyLWFmMjktY2FiMmZkNWIyODZiXkEyXkFqcGdeQXVyMTMxODk2OTU@._V1_SX600.jpg,Christopher Nolan,A team of explorers travel through a wormhole in space in an attempt to ensure humanity's survival.
movie_0023,Cidade de Deus,Movie,Crime,Drama,2002,130.0,A,Portuguese,Brazil,8.6,,7563397.0,,,False,2020-08-31,True,https://m.media-amazon.com/images/M/MV5BOTMwYjc5ZmItYTFjZC00ZGQ3LTlkNTMtMjZiNTZlMWQzNzI5XkEyXkFqcGdeQXVyNzkwMjQ5NzM@._V1_SX600.jpg,Fernando Meirelles,"In the slums of Rio, two kids' paths diverge as one struggles to become a photographer and the other a kingpin."
movie_0024,Sen to Chihiro no kamikakushi,Movie,Animation,Adventure,2001,125.0,U,Japanese,Japan,8.6,,10055859.0,,,False,2021-10-01,False,https://m.media-amazon.com/images/M/MV5BMjlmZmI5MDctNDE2YS00YWE0LWE5ZWItZDBhYWQ0NTcxNWRhXkEyXkFqcGdeQXVyMTMxODk2OTU@._V1_SX600.jpg,Hayao Miyazaki,"During her family's move to the suburbs, a sullen 10-year-old girl wanders into a world ruled by gods, witches, and spirits, and where humans are changed into beasts."
movie_0025,Saving Private Ryan,Movie,Drama,War,1998,169.0,R,English,USA,8.6,,216540909.0,,,False,2015-04-19,True,https://m.media-amazon.com/images/M/MV5BZjhkMDM4MWItZTVjOC00ZDRhLThmYTAtM2I5NzBmNmNlMzI1XkEyXkFqcGdeQXVyNDYyMDk5MTU@._V1_SX600.jpg,Steven Spielberg,"Following the Normandy Landings, a group of U.S. soldiers go behind enemy lines to retrieve a paratrooper whose brothers have been killed in action."
movie_0026,The Green Mile,Movie,Crime,Drama,1999,189.0,A,English,USA,8.6,,136801374.0,,,False,2021-04-17,True,"https://m.media-amazon.com/images/M/MV5BMTUxMzQyNjA5MF5BMl5BanBnXkFtZTYwOTU2NTY3._V1_UX67_CR0,0,67,98_AL_.jpg@._V1_SX600.jpg",Frank Darabont,"The lives of guards on Death Row are affected by one of their charges: a black man accused of child murder and rape, yet who has a mysterious gift."
movie_0027,La vita è bella,Movie,Comedy,Drama,1997,116.0,U,English,USA,8.6,,57598247.0,,,False,2017-03-25,False,https://m.media-amazon.com/images/M/MV5BYmJmM2Q4NmMtYThmNC00ZjRlLWEyZmItZTIwOTBlZDQ3NTQ1XkEyXkFqcGdeQXVyMTQxNzMzNDI@._V1_SX600.jpg,Roberto Benigni,"When an open-minded Jewish librarian and his son become victims of the Holocaust, he uses a perfect mixture of will, humor, and imagination to protect his son from the dangers around their camp."
movie_0028,Se7en,Movie,Crime,Drama,1995,127.0,A,English,USA,8.6,,100125643.0,,,False,2023-01-11,True,https://m.media-amazon.com/images/M/MV5BOTUwODM5MTctZjczMi00OTk4LTg3NWUtNmVhMTAzNTNjYjcyXkEyXkFqcGdeQXVyNjU0OTQ0OTY@._V1_SX600.jpg,David Fincher,"Two detectives, a rookie and a veteran, hunt a serial killer who uses the seven deadly sins as his motives."
movie_0029,The Silence of the Lambs,Movie,Crime,Drama,1991,118.0,A,English,USA,8.6,,130742922.0,,,False,2022-04-15,True,https://m.media-amazon.com/images/M/MV5BNjNhZTk0ZmEtNjJhMi00YzFlLWE1MmEtYzM1M2ZmMGMwMTU4XkEyXkFqcGdeQXVyNjU0OTQ0OTY@._V1_SX600.jpg,Jonathan Demme,"A young F.B.I. cadet must receive the help of an incarcerated and manipulative cannibal killer to help catch another serial killer, a madman who skins his victims."
movie_0030,Star Wars,Movie,Action,Adventure,1977,121.0,UA,English,USA,8.6,,322740140.0,,,False,2022-11-12,False,https://m.media-amazon.com/images/M/MV5BNzVlY2MwMjktM2E4OS00Y2Y3LWE3ZjctYzhkZGM3YzA1ZWM2XkEyXkFqcGdeQXVyNzkwMjQ5NzM@._V1_SX600.jpg,George Lucas,"Luke Skywalker joins forces with a Jedi Knight, a cocky pilot, a Wookiee and two droids to save the galaxy from the Empire's world-destroying battle station, while also attempting to rescue Princess Leia from the mysterious Darth Vader."
movie_0031,Seppuku,Movie,Action,Drama,1962,133.0,Not Rated,Japanese,Japan,8.6,,,,,False,2021-02-10,False,https://m.media-amazon.com/images/M/MV5BYjBmYTQ1NjItZWU5MS00YjI0LTg2OTYtYmFkN2JkMmNiNWVkXkEyXkFqcGdeQXVyMTMxMTY0OTQ@._V1_SX600.jpg,Masaki Kobayashi,"When a ronin requesting seppuku at a feudal lord's palace is told of the brutal suicide of another ronin who previously visited, he reveals how their pasts are intertwined - and in doing so challenges the clan's integrity."
movie_0032,Shichinin no samurai,Movie,Action,Adventure,1954,207.0,U,Japanese,Japan,8.6,,269061.0,,,False,2019-09-15,False,https://m.media-amazon.com/images/M/MV5BOWE4ZDdhNmMtNzE5ZC00NzExLTlhNGMtY2ZhYjYzODEzODA1XkEyXkFqcGdeQXVyNTAyODkwOQ@._V1_SX600.jpg,Akira Kurosawa,A poor village under attack by bandits recruits seven unemployed samurai to help them defend themselves.
movie_0033,It's a Wonderful Life,Movie,Drama,Family,1946,130.0,PG,English,USA,8.6,,,,,False,2017-06-21,False,https://m.media-amazon.com/images/M/MV5BZjc4NDZhZWMtNGEzYS00ZWU2LThlM2ItNTA0YzQ0OTExMTE2XkEyXkFqcGdeQXVyNjUwMzI2NzU@._V1_SX600.jpg,Frank Capra,An angel is sent from Heaven to help a desperately frustrated businessman by showing him what life would have been like if he had never existed.
movie_0034,Joker,Movie,Crime,Drama,2019,122.0,A,English,USA,8.5,,335451311.0,,,False,2020-01-14,True,https://m.media-amazon.com/images/M/MV5BNGVjNWI4ZGUtNzE0MS00YTJmLWE0ZDctN2ZiYTk2YmI3NTYyXkEyXkFqcGdeQXVyMTkxNjUyNQ@._V1_SX600.jpg,Todd Phillips,"In Gotham City, mentally troubled comedian Arthur Fleck is disregarded and mistreated by society. He then embarks on a downward spiral of revolution and bloody crime. This path brings him face-to-face with his alter-ego: the Joker."
movie_0035,Whiplash,Movie,Drama,Music,2014,106.0,A,English,USA,8.5,,13092000.0,,,False,2021-08-10,False,https://m.media-amazon.com/images/M/MV5BOTA5NDZlZGUtMjAxOS00YTRkLTkwYmMtYWQ0NWEwZDZiNjEzXkEyXkFqcGdeQXVyMTMxODk2OTU@._V1_SX600.jpg,Damien Chazelle,A promising young drummer enrolls at a cut-throat music conservatory where his dreams of greatness are mentored by an instructor who will stop at nothing to realize a student's potential.
movie_0036,The Intouchables,Movie,Biography,Comedy,2011,112.0,UA,French,France,8.5,,13182281.0,,,False,2018-02-13,False,https://m.media-amazon.com/images/M/MV5BMTYxNDA3MDQwNl5BMl5BanBnXkFtZTcwNTU4Mzc1Nw@._V1_SX600.jpg,Olivier Nakache,"After he becomes a quadriplegic from a paragliding accident, an aristocrat hires a young man from the projects to be his caregiver."
movie_0037,The Prestige,Movie,Drama,Mystery,2006,130.0,U,English,USA,8.5,,53089891.0,,,False,2024-01-29,False,"https://m.media-amazon.com/images/M/MV5BMjA4NDI0MTIxNF5BMl5BanBnXkFtZTYwNTM0MzY2._V1_UX67_CR0,0,67,98_AL_.jpg@._V1_SX600.jpg",Christopher Nolan,"After a tragic accident, two stage magicians engage in a battle to create the ultimate illusion while sacrificing everything they have to outwit each other."
movie_0038,The Departed,Movie,Crime,Drama,2006,151.0,A,English,USA,8.5,,132384315.0,,,False,2024-09-30,True,"https://m.media-amazon.com/images/M/MV5BMTI1MTY2OTIxNV5BMl5BanBnXkFtZTYwNjQ4NjY3._V1_UX67_CR0,0,67,98_AL_.jpg@._V1_SX600.jpg",Martin Scorsese,An undercover cop and a mole in the police attempt to identify each other while infiltrating an Irish gang in South Boston.
movie_0039,The Pianist,Movie,Biography,Drama,2002,150.0,R,English,USA,8.5,,32572577.0,,,False,2015-01-27,False,https://m.media-amazon.com/images/M/MV5BOWRiZDIxZjktMTA1NC00MDQ2LWEzMjUtMTliZmY3NjQ3ODJiXkEyXkFqcGdeQXVyNjU0OTQ0OTY@._V1_SX600.jpg,Roman Polanski,A Polish Jewish musician struggles to survive the destruction of the Warsaw ghetto of World War II.
movie_0040,Gladiator,Movie,Action,Adventure,2000,155.0,UA,English,USA,8.5,,187705427.0,,,False,2023-07-06,False,https://m.media-amazon.com/images/M/MV5BMDliMmNhNDEtODUyOS00MjNlLTgxODEtN2U3NzIxMGVkZTA1L2ltYWdlXkEyXkFqcGdeQXVyNjU0OTQ0OTY@._V1_SX600.jpg,Ridley Scott,A former Roman General sets out to exact vengeance against the corrupt emperor who murdered his family and sent him into slavery.
movie_0041,American History X,Movie,Drama,,1998,119.0,R,English,USA,8.5,,6719864.0,,,False,2024-01-14,False,https://m.media-amazon.com/images/M/MV5BZjA0MTM4MTQtNzY5MC00NzY3LWI1ZTgtYzcxMjkyMzU4MDZiXkEyXkFqcGdeQXVyNDYyMDk5MTU@._V1_SX600.jpg,Tony Kaye,A former neo-nazi skinhead tries to prevent his younger brother from going down the same wrong path that he did.
movie_0042,The Usual Suspects,Movie,Crime,Mystery,1995,106.0,A,English,USA,8.5,,23341568.0,,,False,2016-10-15,True,https://m.media-amazon.com/images/M/MV5BYTViNjMyNmUtNDFkNC00ZDRlLThmMDUtZDU2YWE4NGI2ZjVmXkEyXkFqcGdeQXVyNjU0OTQ0OTY@._V1_SX600.jpg,Bryan Singer,"A sole survivor tells of the twisty events leading up to a horrific gun battle on a boat, which began when five criminals met at a seemingly random police lineup."
movie_0043,Léon,Movie,Action,Crime,1994,110.0,A,French,France,8.5,,19501238.0,,,False,2022-10-30,True,https://m.media-amazon.com/images/M/MV5BODllNWE0MmEtYjUwZi00ZjY3LThmNmQtZjZlMjI2YTZjYmQ0XkEyXkFqcGdeQXVyNTc1NTQxODI@._V1_SX600.jpg,Luc Besson,"Mathilda, a 12-year-old girl, is reluctantly taken in by Léon, a professional assassin, after her family is murdered. An unusual relationship forms as she becomes his protégée and learns the assassin's trade."
movie_0044,The Lion King,Movie,Animation,Adventure,1994,88.0,U,English,USA,8.5,,422783777.0,,,False,2019-09-28,False,https://m.media-amazon.com/images/M/MV5BYTYxNGMyZTYtMjE3MS00MzNjLWFjNmYtMDk3N2FmM2JiM2M1XkEyXkFqcGdeQXVyNjY5NDU4NzI@._V1_SX600.jpg,Roger Allers,"Lion prince Simba and his father are targeted by his bitter uncle, who wants to ascend the throne himself."
movie_0045,Terminator 2: Judgment Day,Movie,Action,Sci-Fi,1991,137.0,U,English,USA,8.5,,204843350.0,,,False,2018-10-25,False,https://m.media-amazon.com/images/M/MV5BMGU2NzRmZjUtOGUxYS00ZjdjLWEwZWItY2NlM2JhNjkxNTFmXkEyXkFqcGdeQXVyNjU0OTQ0OTY@._V1_SX600.jpg,James Cameron,"A cyborg, identical to the one who failed to kill Sarah Connor, must now protect her teenage son, John Connor, from a more advanced and powerful cyborg."
movie_0046,Nuovo Cinema Paradiso,Movie,Drama,Romance,1988,155.0,U,Italian,Italy,8.5,,11990401.0,,,False,2018-02-12,False,https://m.media-amazon.com/images/M/MV5BM2FhYjEyYmYtMDI1Yy00YTdlLWI2NWQtYmEzNzAxOGY1NjY2XkEyXkFqcGdeQXVyNTA3NTIyNDg@._V1_SX600.jpg,Giuseppe Tornatore,A filmmaker recalls his childhood when falling in love with the pictures at the cinema of his home village and forms a deep friendship with the cinema's projectionist.
movie_0047,Hotaru no haka,Movie,Animation,Drama,1988,89.0,U,Japanese,Japan,8.5,,,,,False,2016-09-28,False,https://m.media-amazon.com/images/M/MV5BZmY2NjUzNDQtNTgxNC00M2Q4LTljOWQtMjNjNDBjNWUxNmJlXkEyXkFqcGdeQXVyNTA4NzY1MzY@._V1_SX600.jpg,Isao Takahata,A young boy and his little sister struggle to survive in Japan during World War II.
movie_0048,Back to the Future,Movie,Adventure,Comedy,1985,116.0,U,English,USA,8.5,,210609762.0,,,False,2017-05-31,False,https://m.media-amazon.com/images/M/MV5BZmU0M2Y1OGUtZjIxNi00ZjBkLTg1MjgtOWIyNThiZWIwYjRiXkEyXkFqcGdeQXVyMTQxNzMzNDI@._V1_SX600.jpg,Robert Zemeckis,"Marty McFly, a 17-year-old high school student, is accidentally sent thirty years into the past in a time-traveling DeLorean invented by his close friend, the eccentric scientist Doc Brown."
movie_0049,Once Upon a Time in the West,Movie,Western,,1968,165.0,U,English,USA,8.5,,5321508.0,,,False,2025-09-25,False,https://m.media-amazon.com/images/M/MV5BZGI5MjBmYzYtMzJhZi00NGI1LTk3MzItYjBjMzcxM2U3MDdiXkEyXkFqcGdeQXVyNzkwMjQ5NzM@._V1_SX600.jpg,Sergio Leone,A mysterious stranger with a harmonica joins forces with a notorious desperado to protect a beautiful widow from a ruthless assassin working for the railroad.
movie_0050,Psycho,Movie,Horror,Mystery,1960,109.0,A,English,USA,8.5,,32000000.0,,,False,2023-07-25,True,https://m.media-amazon.com/images/M/MV5BNTQwNDM1YzItNDAxZC00NWY2LTk0M2UtNDIwNWI5OGUyNWUxXkEyXkFqcGdeQXVyNzkwMjQ5NzM@._V1_SX600.jpg,Alfred Hitchcock,"A Phoenix secretary embezzles $40,000 from her employer's client, goes on the run, and checks into a remote motel run by a young man under the domination of his mother."
movie_0051,Casablanca,Movie,Drama,Romance,1942,102.0,U,English,USA,8.5,,1024560.0,,,False,2018-10-10,False,https://m.media-amazon.com/images/M/MV5BY2IzZGY2YmEtYzljNS00NTM5LTgwMzUtMzM1NjQ4NGI0OTk0XkEyXkFqcGdeQXVyNDYyMDk5MTU@._V1_SX600.jpg,Michael Curtiz,A cynical expatriate American cafe owner struggles to decide whether or not to help his former lover and her fugitive husband escape the Nazis in French Morocco.
movie_0052,Modern Times,Movie,Comedy,Drama,1936,87.0,G,English,USA,8.5,,163245.0,,,False,2016-02-23,False,https://m.media-amazon.com/images/M/MV5BYjJiZjMzYzktNjU0NS00OTkxLWEwYzItYzdhYWJjN2QzMTRlL2ltYWdlL2ltYWdlXkEyXkFqcGdeQXVyNjU0OTQ0OTY@._V1_SX600.jpg,Charles Chaplin,The Tramp struggles to live in modern industrial society with the help of a young homeless woman.
movie_0053,City Lights,Movie,Comedy,Drama,1931,87.0,G,English,USA,8.5,,19181.0,,,False,2016-01-15,False,https://m.media-amazon.com/images/M/MV5BY2I4MmM1N2EtM2YzOS00OWUzLTkzYzctNDc5NDg2N2IyODJmXkEyXkFqcGdeQXVyNzkwMjQ5NzM@._V1_SX600.jpg,Charles Chaplin,"With the aid of a wealthy erratic tippler, a dewy-eyed tramp who has fallen in love with a sightless flower girl accumulates money to be able to help her medically."
movie_0054,Capharnaüm,Movie,Drama,,2018,126.0,A,Arabic,Lebanon,8.4,,1661096.0,,,False,2019-04-06,False,https://m.media-amazon.com/images/M/MV5BMmExNzU2ZWMtYzUwYi00YmM2LTkxZTQtNmVhNjY0NTMyMWI2XkEyXkFqcGdeQXVyMTMxODk2OTU@._V1_SX600.jpg,Nadine Labaki,"While serving a five-year sentence for a violent crime, a 12-year-old boy sues his parents for neglect."
movie_0055,Ayla: The Daughter of War,Movie,Biography,Drama,2017,125.0,Not Rated,English,USA,8.4,,,,,False,2016-02-01,False,https://m.media-amazon.com/images/M/MV5BNWJhMDlmZGUtYzcxNS00NDRiLWIwNjktNDY1Mjg3ZjBkYzY0XkEyXkFqcGdeQXVyMTU4MjUwMjI@._V1_SX600.jpg,Can Ulkay,"In 1950, amid-st the ravages of the Korean War, Sergeant Süleyman stumbles upon a half-frozen little girl, with no parents and no help in sight. Frantic, scared and on the verge of death, ...                See full summary »"
movie_0056,Vikram Vedha,Movie,Action,Crime,2017,147.0,UA,English,USA,8.4,,,,,False,2019-01-10,True,https://m.media-amazon.com/images/M/MV5BY2FiMTFmMzMtZDI2ZC00NDQyLWExYTUtOWNmZWM1ZDg5YjVjXkEyXkFqcGdeQXVyODIwMDI1NjM@._V1_SX600.jpg,Gayatri,"Vikram, a no-nonsense police officer, accompanied by Simon, his partner, is on the hunt to capture Vedha, a smuggler and a murderer. Vedha tries to change Vikram's life, which leads to a conflict."
movie_0057,Kimi no na wa.,Movie,Animation,Drama,2016,106.0,U,Japanese,Japan,8.4,,5017246.0,,,False,2024-07-03,False,https://m.media-amazon.com/images/M/MV5BODRmZDVmNzUtZDA4ZC00NjhkLWI2M2UtN2M0ZDIzNDcxYThjL2ltYWdlXkEyXkFqcGdeQXVyNTk0MzMzODA@._V1_SX600.jpg,Makoto Shinkai,"Two strangers find themselves linked in a bizarre way. When a connection forms, will distance be the only thing to keep them apart?"
movie_0058,Dangal,Movie,Action,Biography,2016,161.0,U,Hindi,India,8.4,,12391761.0,,,False,2018-11-09,False,https://m.media-amazon.com/images/M/MV5BMTQ4MzQzMzM2Nl5BMl5BanBnXkFtZTgwMTQ1NzU3MDI@._V1_SX600.jpg,Nitesh Tiwari,Former wrestler Mahavir Singh Phogat and his two wrestler daughters struggle towards glory at the Commonwealth Games in the face of societal oppression.
movie_0059,Spider-Man: Into the Spider-Verse,Movie,Animation,Action,2018,117.0,U,English,USA,8.4,,190241310.0,,,False,2021-10-08,False,https://m.media-amazon.com/images/M/MV5BMjMwNDkxMTgzOF5BMl5BanBnXkFtZTgwNTkwNTQ3NjM@._V1_SX600.jpg,Bob Persichetti,"Teen Miles Morales becomes the Spider-Man of his universe, and must join with five spider-powered individuals from other dimensions to stop a threat for all realities."
movie_0060,Avengers: Endgame,Movie,Action,Adventure,2019,181.0,UA,English,USA,8.4,,858373000.0,,,False,2017-12-19,False,https://m.media-amazon.com/images/M/MV5BMTc5MDE2ODcwNV5BMl5BanBnXkFtZTgwMzI2NzQ2NzM@._V1_SX600.jpg,Anthony Russo,"After the devastating events of Avengers: Infinity War (2018), the universe is in ruins. With the help of remaining allies, the Avengers assemble once more in order to reverse Thanos' actions and restore balance to the universe."
movie_0061,Avengers: Infinity War,Movie,Action,Adventure,2018,149.0,UA,English,USA,8.4,,678815482.0,,,False,2024-01-19,False,https://m.media-amazon.com/images/M/MV5BMjMxNjY2MDU1OV5BMl5BanBnXkFtZTgwNzY1MTUwNTM@._V1_SX600.jpg,Anthony Russo,The Avengers and their allies must be willing to sacrifice all in an attempt to defeat the powerful Thanos before his blitz of devastation and ruin puts an end to the universe.
movie_0062,Coco,Movie,Animation,Adventure,2017,105.0,U,English,USA,8.4,,209726015.0,,,False,2015-06-27,False,https://m.media-amazon.com/images/M/MV5BYjQ5NjM0Y2YtNjZkNC00ZDhkLWJjMWItN2QyNzFkMDE3ZjAxXkEyXkFqcGdeQXVyODIxMzk5NjA@._V1_SX600.jpg,Lee Unkrich,"Aspiring musician Miguel, confronted with his family's ancestral ban on music, enters the Land of the Dead to find his great-great-grandfather, a legendary singer."
movie_0063,Django Unchained,Movie,Drama,Western,2012,165.0,A,English,USA,8.4,,162805434.0,,,False,2023-03-08,False,https://m.media-amazon.com/images/M/MV5BMjIyNTQ5NjQ1OV5BMl5BanBnXkFtZTcwODg1MDU4OA@._V1_SX600.jpg,Quentin Tarantino,"With the help of a German bounty hunter, a freed slave sets out to rescue his wife from a brutal Mississippi plantation owner."
movie_0064,The Dark Knight Rises,Movie,Action,Adventure,2012,164.0,UA,English,USA,8.4,,448139099.0,,,False,2020-02-25,False,https://m.media-amazon.com/images/M/MV5BMTk4ODQzNDY3Ml5BMl5BanBnXkFtZTcwODA0NTM4Nw@._V1_SX600.jpg,Christopher Nolan,"Eight years after the Joker's reign of anarchy, Batman, with the help of the enigmatic Catwoman, is forced from his exile to save Gotham City from the brutal guerrilla terrorist Bane."
movie_0065,3 Idiots,Movie,Comedy,Drama,2009,170.0,UA,Hindi,India,8.4,,6532908.0,,,False,2021-01-05,False,https://m.media-amazon.com/images/M/MV5BNTkyOGVjMGEtNmQzZi00NzFlLTlhOWQtODYyMDc2ZGJmYzFhXkEyXkFqcGdeQXVyNjU0OTQ0OTY@._V1_SX600.jpg,Rajkumar Hirani,"Two friends are searching for their long lost companion. They revisit their college days and recall the memories of their friend who inspired them to think differently, even as the rest of the world called them ""idiots""."
movie_0066,Taare Zameen Par,Movie,Drama,Family,2007,165.0,U,Hindi,India,8.4,,1223869.0,,,False,2016-05-26,False,https://m.media-amazon.com/images/M/MV5BMDhjZWViN2MtNzgxOS00NmI4LThiZDQtZDI3MzM4MDE4NTc0XkEyXkFqcGdeQXVyMTMxODk2OTU@._V1_SX600.jpg,Aamir Khan,"An eight-year-old boy is thought to be a lazy trouble-maker, until the new art teacher has the patience and compassion to discover the real problem behind his struggles in school."
movie_0067,WALL·E,Movie,Animation,Adventure,2008,98.0,U,English,USA,8.4,,223808164.0,,,False,2025-11-29,False,https://m.media-amazon.com/images/M/MV5BMjExMTg5OTU0NF5BMl5BanBnXkFtZTcwMjMxMzMzMw@._V1_SX600.jpg,Andrew Stanton,"In the distant future, a small waste-collecting robot inadvertently embarks on a space journey that will ultimately decide the fate of mankind."
movie_0068,The Lives of Others,Movie,Drama,Mystery,2006,137.0,A,German,Germany,8.4,,11286112.0,,,False,2025-05-05,False,https://m.media-amazon.com/images/M/MV5BOThkM2EzYmMtNDE3NS00NjlhLTg4YzktYTdhNzgyOWY3ZDYzXkEyXkFqcGdeQXVyNzQzNzQxNzI@._V1_SX600.jpg,Florian Henckel von Donnersmarck,"In 1984 East Berlin, an agent of the secret police, conducting surveillance on a writer and his lover, finds himself becoming increasingly absorbed by their lives."
movie_0069,Oldeuboi,Movie,Action,Drama,2003,101.0,A,Korean,South Korea,8.4,,707481.0,,,False,2019-03-31,False,https://m.media-amazon.com/images/M/MV5BMTI3NTQyMzU5M15BMl5BanBnXkFtZTcwMTM2MjgyMQ@._V1_SX600.jpg,Chan-wook Park,"After being kidnapped and imprisoned for fifteen years, Oh Dae-Su is released, only to find that he must find his captor in five days."
movie_0070,Memento,Movie,Mystery,Thriller,2000,113.0,UA,English,USA,8.4,,25544867.0,,,False,2015-11-19,False,https://m.media-amazon.com/images/M/MV5BZTcyNjk1MjgtOWI3Mi00YzQwLWI5MTktMzY4ZmI2NDAyNzYzXkEyXkFqcGdeQXVyNjU0OTQ0OTY@._V1_SX600.jpg,Christopher Nolan,A man with short-term memory loss attempts to track down his wife's murderer.
movie_0071,Mononoke-hime,Movie,Animation,Action,1997,134.0,U,Japanese,Japan,8.4,,2375308.0,,,False,2021-03-11,False,https://m.media-amazon.com/images/M/MV5BNGIzY2IzODQtNThmMi00ZDE4LWI5YzAtNzNlZTM1ZjYyYjUyXkEyXkFqcGdeQXVyODEzNjM5OTQ@._V1_SX600.jpg,Hayao Miyazaki,"On a journey to find the cure for a Tatarigami's curse, Ashitaka finds himself in the middle of a war between the forest gods and Tatara, a mining colony. In this quest he also meets San, the Mononoke Hime."
movie_0072,Once Upon a Time in America,Movie,Crime,Drama,1984,229.0,A,English,USA,8.4,,5321508.0,,,False,2018-04-15,True,https://m.media-amazon.com/images/M/MV5BMGFkNWI4MTMtNGQ0OC00MWVmLTk3MTktOGYxN2Y2YWVkZWE2XkEyXkFqcGdeQXVyNjU0OTQ0OTY@._V1_SX600.jpg,Sergio Leone,"A former Prohibition-era Jewish gangster returns to the Lower East Side of Manhattan over thirty years later, where he once again must confront the ghosts and regrets of his old life."
movie_0073,Raiders of the Lost Ark,Movie,Action,Adventure,1981,115.0,A,English,USA,8.4,,248159971.0,,,False,2024-04-20,False,https://m.media-amazon.com/images/M/MV5BMjA0ODEzMTc1Nl5BMl5BanBnXkFtZTcwODM2MjAxNA@._V1_SX600.jpg,Steven Spielberg,"In 1936, archaeologist and adventurer Indiana Jones is hired by the U.S. government to find the Ark of the Covenant before Adolf Hitler's Nazis can obtain its awesome powers."
movie_0074,The Shining,Movie,Drama,Horror,1980,146.0,A,English,USA,8.4,,44017374.0,,,False,2022-01-18,True,https://m.media-amazon.com/images/M/MV5BZWFlYmY2MGEtZjVkYS00YzU4LTg0YjQtYzY1ZGE3NTA5NGQxXkEyXkFqcGdeQXVyMTQxNzMzNDI@._V1_SX600.jpg,Stanley Kubrick,"A family heads to an isolated hotel for the winter where a sinister presence influences the father into violence, while his psychic son sees horrific forebodings from both past and future."
movie_0075,Apocalypse Now,Movie,Drama,Mystery,1979,147.0,R,English,USA,8.4,,83471511.0,,,False,2021-12-08,False,https://m.media-amazon.com/images/M/MV5BMDdhODg0MjYtYzBiOS00ZmI5LWEwZGYtZDEyNDU4MmQyNzFkXkEyXkFqcGdeQXVyNzkwMjQ5NzM@._V1_SX600.jpg,Francis Ford Coppola,A U.S. Army officer serving in Vietnam is tasked with assassinating a renegade Special Forces Colonel who sees himself as a god.
movie_0076,Alien,Movie,Horror,Sci-Fi,1979,117.0,R,English,USA,8.4,,78900000.0,,,False,2024-12-05,True,https://m.media-amazon.com/images/M/MV5BMmQ2MmU3NzktZjAxOC00ZDZhLTk4YzEtMDMyMzcxY2IwMDAyXkEyXkFqcGdeQXVyNzkwMjQ5NzM@._V1_SX600.jpg,Ridley Scott,"After a space merchant vessel receives an unknown transmission as a distress call, one of the crew is attacked by a mysterious life form and they soon realize that its life cycle has merely begun."
movie_0077,Anand,Movie,Drama,Musical,1971,122.0,U,English,USA,8.4,,,,,False,2024-08-30,False,https://m.media-amazon.com/images/M/MV5BYmYzNmM2MDctZGY3Yi00NjRiLWIxZjctYjgzYTcxYTNhYTMyXkEyXkFqcGdeQXVyMjUxMTY3ODM@._V1_SX600.jpg,Hrishikesh Mukherjee,"The story of a terminally ill man who wishes to live life to the fullest before the inevitable occurs, as told by his best friend."
movie_0078,Tengoku to jigoku,Movie,Crime,Drama,1963,143.0,Not Rated,Japanese,Japan,8.4,,,,,False,2019-01-21,True,https://m.media-amazon.com/images/M/MV5BOTI4NTNhZDMtMWNkZi00MTRmLWJmZDQtMmJkMGVmZTEzODlhXkEyXkFqcGdeQXVyNjc1NTYyMjg@._V1_SX600.jpg,Akira Kurosawa,An executive of a shoe company becomes a victim of extortion when his chauffeur's son is kidnapped and held for ransom.
movie_0079,Dr. Strangelove or: How I Learned to Stop Worrying and Love the Bomb,Movie,Comedy,,1964,95.0,A,English,USA,8.4,,275902.0,,,False,2021-06-22,False,https://m.media-amazon.com/images/M/MV5BZWI3ZTMxNjctMjdlNS00NmUwLWFiM2YtZDUyY2I3N2MxYTE0XkEyXkFqcGdeQXVyNzkwMjQ5NzM@._V1_SX600.jpg,Stanley Kubrick,An insane general triggers a path to nuclear holocaust that a War Room full of politicians and generals frantically tries to stop.
movie_0080,Witness for the Prosecution,Movie,Crime,Drama,1957,116.0,U,English,USA,8.4,,8175000.0,,,False,2017-02-26,True,https://m.media-amazon.com/images/M/MV5BNDQwODU5OWYtNDcyNi00MDQ1LThiOGMtZDkwNWJiM2Y3MDg0XkEyXkFqcGdeQXVyMDI2NDg0NQ@._V1_SX600.jpg,Billy Wilder,A veteran British barrister must defend his client in a murder trial that has surprise after surprise.
movie_0081,Paths of Glory,Movie,Drama,War,1957,88.0,A,English,USA,8.4,,,,,False,2022-11-25,True,https://m.media-amazon.com/images/M/MV5BNjViMmRkOTEtM2ViOS00ODg0LWJhYWEtNTBlOGQxNDczOGY3XkEyXkFqcGdeQXVyMDI2NDg0NQ@._V1_SX600.jpg,Stanley Kubrick,"After refusing to attack an enemy position, a general accuses the soldiers of cowardice and their commanding officer must defend them."
movie_0082,Rear Window,Movie,Mystery,Thriller,1954,112.0,U,English,USA,8.4,,36764313.0,,,False,2015-10-12,False,https://m.media-amazon.com/images/M/MV5BNGUxYWM3M2MtMGM3Mi00ZmRiLWE0NGQtZjE5ODI2OTJhNTU0XkEyXkFqcGdeQXVyMTQxNzMzNDI@._V1_SX600.jpg,Alfred Hitchcock,A wheelchair-bound photographer spies on his neighbors from his apartment window and becomes convinced one of them has committed murder.
movie_0083,Sunset Blvd.,Movie,Drama,Film-Noir,1950,110.0,Passed,English,USA,8.4,,,,,False,2015-07-07,False,https://m.media-amazon.com/images/M/MV5BMTU0NTkyNzYwMF5BMl5BanBnXkFtZTgwMDU0NDk5MTI@._V1_SX600.jpg,Billy Wilder,A screenwriter develops a dangerous relationship with a faded film star determined to make a triumphant return.
movie_0084,The Great Dictator,Movie,Comedy,Drama,1940,125.0,Passed,English,USA,8.4,,288475.0,,,False,2022-06-01,False,https://m.media-amazon.com/images/M/MV5BMmExYWJjNTktNGUyZS00ODhmLTkxYzAtNWIzOGEyMGNiMmUwXkEyXkFqcGdeQXVyNjU0OTQ0OTY@._V1_SX600.jpg,Charles Chaplin,Dictator Adenoid Hynkel tries to expand his empire while a poor Jewish barber tries to avoid persecution from Hynkel's regime.
movie_0085,1917,Movie,Drama,Thriller,2019,119.0,R,English,USA,8.3,,159227644.0,,,False,2017-07-22,False,https://m.media-amazon.com/images/M/MV5BOTdmNTFjNDEtNzg0My00ZjkxLTg1ZDAtZTdkMDc2ZmFiNWQ1XkEyXkFqcGdeQXVyNTAzNzgwNTg@._V1_SX600.jpg,Sam Mendes,"April 6th, 1917. As a regiment assembles to wage war deep in enemy territory, two soldiers are assigned to race against time and deliver a message that will stop 1,600 men from walking straight into a deadly trap."
movie_0086,Tumbbad,Movie,Drama,Fantasy,2018,104.0,A,English,USA,8.3,,,,,False,2023-09-02,False,https://m.media-amazon.com/images/M/MV5BYmQxNmU4ZjgtYzE5Mi00ZDlhLTlhOTctMzJkNjk2ZGUyZGEwXkEyXkFqcGdeQXVyMzgxMDA0Nzk@._V1_SX600.jpg,Rahi Anil Barve,A mythological story about a goddess who created the entire universe. The plot revolves around the consequences when humans build a temple for her first-born.
movie_0087,Andhadhun,Movie,Crime,Drama,2018,139.0,UA,Hindi,India,8.3,,1373943.0,,,False,2018-03-31,True,https://m.media-amazon.com/images/M/MV5BZWZhMjhhZmYtOTIzOC00MGYzLWI1OGYtM2ZkN2IxNTI4ZWI3XkEyXkFqcGdeQXVyNDAzNDk0MTQ@._V1_SX600.jpg,Sriram Raghavan,"A series of mysterious events change the life of a blind pianist, who must now report a crime that he should technically know nothing of."
movie_0088,Drishyam,Movie,Crime,Drama,2013,160.0,U,English,USA,8.3,,,,,False,2015-11-23,True,https://m.media-amazon.com/images/M/MV5BYmY3MzYwMGUtOWMxYS00OGVhLWFjNmUtYzlkNGVmY2ZkMjA3XkEyXkFqcGdeQXVyMTExNDQ2MTI@._V1_SX600.jpg,Jeethu Joseph,A man goes to extreme lengths to save his family from punishment after the family commits an accidental crime.
movie_0089,Jagten,Movie,Drama,,2012,115.0,R,English,USA,8.3,,687185.0,,,False,2024-08-04,False,https://m.media-amazon.com/images/M/MV5BMTg2NDg3ODg4NF5BMl5BanBnXkFtZTcwNzk3NTc3Nw@._V1_SX600.jpg,Thomas Vinterberg,"A teacher lives a lonely life, all the while struggling over his son's custody. His life slowly gets better as he finds love and receives good news from his son, but his new luck is about to be brutally shattered by an innocent little lie."
movie_0090,Jodaeiye Nader az Simin,Movie,Drama,,2011,123.0,PG-13,Persian,Iran,8.3,,7098492.0,,,False,2017-08-11,False,https://m.media-amazon.com/images/M/MV5BN2JmMjViMjMtZTM5Mi00ZGZkLTk5YzctZDg5MjFjZDE4NjNkXkEyXkFqcGdeQXVyMTMxODk2OTU@._V1_SX600.jpg,Asghar Farhadi,A married couple are faced with a difficult decision - to improve the life of their child by moving to another country or to stay in Iran and look after a deteriorating parent who has Alzheimer's disease.
movie_0091,Incendies,Movie,Drama,Mystery,2010,131.0,R,English,USA,8.3,,6857096.0,,,False,2024-09-19,False,https://m.media-amazon.com/images/M/MV5BMWE3MGYzZjktY2Q5Mi00Y2NiLWIyYWUtMmIyNzA3YmZlMGFhXkEyXkFqcGdeQXVyMTMxODk2OTU@._V1_SX600.jpg,Denis Villeneuve,Twins journey to the Middle East to discover their family history and fulfill their mother's last wishes.
movie_0092,Miracle in cell NO.7,Movie,Drama,,2019,132.0,TV-14,English,USA,8.3,,,,,False,2016-02-18,False,https://m.media-amazon.com/images/M/MV5BOGE3N2QxN2YtM2ZlNS00MWIyLWE1NDAtYWFlN2FiYjY1MjczXkEyXkFqcGdeQXVyOTUwNzc0ODc@._V1_SX600.jpg,Mehmet Ada Öztekin,A story of love between a mentally-ill father who was wrongly accused of murder and his lovely six years old daughter. The prison would be their home. Based on the 2013 Korean movie 7-beon-bang-ui seon-mul (2013).
movie_0093,Babam ve Oglum,Movie,Drama,Family,2005,112.0,Not Rated,English,USA,8.3,,,,,False,2019-04-06,False,https://m.media-amazon.com/images/M/MV5BNjAzMzEwYzctNjc1MC00Nzg5LWFmMGItMTgzYmMyNTY2OTQ4XkEyXkFqcGdeQXVyNjU0OTQ0OTY@._V1_SX600.jpg,Çagan Irmak,The family of a left-wing journalist is torn apart after the military coup of Turkey in 1980.
movie_0094,Inglourious Basterds,Movie,Adventure,Drama,2009,153.0,A,English,USA,8.3,,120540719.0,,,False,2018-02-12,False,https://m.media-amazon.com/images/M/MV5BOTJiNDEzOWYtMTVjOC00ZjlmLWE0NGMtZmE1OWVmZDQ2OWJhXkEyXkFqcGdeQXVyNTIzOTk5ODM@._V1_SX600.jpg,Quentin Tarantino,"In Nazi-occupied France during World War II, a plan to assassinate Nazi leaders by a group of Jewish U.S. soldiers coincides with a theatre owner's vengeful plans for the same."
movie_0095,Eternal Sunshine of the Spotless Mind,Movie,Drama,Romance,2004,108.0,UA,English,USA,8.3,,34400301.0,,,False,2020-02-01,False,https://m.media-amazon.com/images/M/MV5BMTY4NzcwODg3Nl5BMl5BanBnXkFtZTcwNTEwOTMyMw@._V1_SX600.jpg,Michel Gondry,"When their relationship turns sour, a couple undergoes a medical procedure to have each other erased from their memories."
movie_0096,Amélie,Movie,Comedy,Romance,2001,122.0,U,French,France,8.3,,33225499.0,,,False,2022-02-16,False,https://m.media-amazon.com/images/M/MV5BNDg4NjM1YjMtYmNhZC00MjM0LWFiZmYtNGY1YjA3MzZmODc5XkEyXkFqcGdeQXVyNDk3NzU2MTQ@._V1_SX600.jpg,Jean-Pierre Jeunet,"Amélie is an innocent and naive girl in Paris with her own sense of justice. She decides to help those around her and, along the way, discovers love."
movie_0097,Snatch,Movie,Comedy,Crime,2000,104.0,UA,English,USA,8.3,,30328156.0,,,False,2024-05-09,True,https://m.media-amazon.com/images/M/MV5BMTA2NDYxOGYtYjU1Mi00Y2QzLTgxMTQtMWI1MGI0ZGQ5MmU4XkEyXkFqcGdeQXVyNDk3NzU2MTQ@._V1_SX600.jpg,Guy Ritchie,"Unscrupulous boxing promoters, violent bookmakers, a Russian gangster, incompetent amateur robbers and supposedly Jewish jewelers fight to track down a priceless stolen diamond."
movie_0098,Requiem for a Dream,Movie,Drama,,2000,102.0,A,English,USA,8.3,,3635482.0,,,False,2019-02-03,False,https://m.media-amazon.com/images/M/MV5BOTdiNzJlOWUtNWMwNS00NmFlLWI0YTEtZmI3YjIzZWUyY2Y3XkEyXkFqcGdeQXVyNjU0OTQ0OTY@._V1_SX600.jpg,Darren Aronofsky,The drug-induced utopias of four Coney Island people are shattered when their addictions run deep.
movie_0099,American Beauty,Movie,Drama,,1999,122.0,UA,English,USA,8.3,,130096601.0,,,False,2016-10-28,False,https://m.media-amazon.com/images/M/MV5BNTBmZWJkNjctNDhiNC00MGE2LWEwOTctZTk5OGVhMWMyNmVhXkEyXkFqcGdeQXVyMTMxODk2OTU@._V1_SX600.jpg,Sam Mendes,A sexually frustrated suburban father has a mid-life crisis after becoming infatuated with his daughter's best friend.
movie_0100,Good Will Hunting,Movie,Drama,Romance,1997,126.0,U,English,USA,8.3,,138433435.0,,,False,2019-02-25,False,https://m.media-amazon.com/images/M/MV5BOTI0MzcxMTYtZDVkMy00NjY1LTgyMTYtZmUxN2M3NmQ2NWJhXkEyXkFqcGdeQXVyMTQxNzMzNDI@._V1_SX600.jpg,Gus Van Sant,"Will Hunting, a janitor at M.I.T., has a gift for mathematics, but needs help from a psychologist to find direction in his life."
movie_0101,Bacheha-Ye aseman,Movie,Drama,Family,1997,89.0,PG,English,USA,8.3,,933933.0,,,False,2018-12-26,False,https://m.media-amazon.com/images/M/MV5BZTYwZWQ4ZTQtZWU0MS00N2YwLWEzMDItZWFkZWY0MWVjODVhXkEyXkFqcGdeQXVyNjU0OTQ0OTY@._V1_SX600.jpg,Majid Majidi,"After a boy loses his sister's pair of shoes, he goes on a series of adventures in order to find them. When he can't, he tries a new way to ""win"" a new pair."
movie_0102,Toy Story,Movie,Animation,Adventure,1995,81.0,U,English,USA,8.3,,191796233.0,,,False,2017-05-08,False,https://m.media-amazon.com/images/M/MV5BMDU2ZWJlMjktMTRhMy00ZTA5LWEzNDgtYmNmZTEwZTViZWJkXkEyXkFqcGdeQXVyNDQ2OTk4MzI@._V1_SX600.jpg,John Lasseter,A cowboy doll is profoundly threatened and jealous when a new spaceman figure supplants him as top toy in a boy's room.
movie_0103,Braveheart,Movie,Biography,Drama,1995,178.0,A,English,USA,8.3,,75600000.0,,,False,2022-07-08,False,https://m.media-amazon.com/images/M/MV5BMzkzMmU0YTYtOWM3My00YzBmLWI0YzctOGYyNTkwMWE5MTJkXkEyXkFqcGdeQXVyNzkwMjQ5NzM@._V1_SX600.jpg,Mel Gibson,Scottish warrior William Wallace leads his countrymen in a rebellion to free his homeland from the tyranny of King Edward I of England.
movie_0104,Reservoir Dogs,Movie,Crime,Drama,1992,99.0,R,English,USA,8.3,,2832029.0,,,False,2017-12-29,True,https://m.media-amazon.com/images/M/MV5BZmExNmEwYWItYmQzOS00YjA5LTk2MjktZjEyZDE1Y2QxNjA1XkEyXkFqcGdeQXVyMTQxNzMzNDI@._V1_SX600.jpg,Quentin Tarantino,"When a simple jewelry heist goes horribly wrong, the surviving criminals begin to suspect that one of them is a police informant."
movie_0105,Full Metal Jacket,Movie,Drama,War,1987,116.0,UA,English,USA,8.3,,46357676.0,,,False,2022-11-14,True,https://m.media-amazon.com/images/M/MV5BNzkxODk0NjEtYjc4Mi00ZDI0LTgyYjEtYzc1NDkxY2YzYTgyXkEyXkFqcGdeQXVyNzkwMjQ5NzM@._V1_SX600.jpg,Stanley Kubrick,A pragmatic U.S. Marine observes the dehumanizing effects the Vietnam War has on his fellow recruits from their brutal boot camp training to the bloody street fighting in Hue.
movie_0106,Idi i smotri,Movie,Drama,Thriller,1985,142.0,A,English,USA,8.3,,,,,False,2025-07-03,False,https://m.media-amazon.com/images/M/MV5BODM4Njg0NTAtYjI5Ny00ZjAxLTkwNmItZTMxMWU5M2U3M2RjXkEyXkFqcGdeQXVyNzkwMjQ5NzM@._V1_SX600.jpg,Elem Klimov,"After finding an old rifle, a young boy joins the Soviet resistance movement against ruthless German forces and experiences the horrors of World War II."
movie_0107,Aliens,Movie,Action,Adventure,1986,137.0,U,English,USA,8.3,,85160248.0,,,False,2022-08-31,False,https://m.media-amazon.com/images/M/MV5BZGU2OGY5ZTYtMWNhYy00NjZiLWI0NjUtZmNhY2JhNDRmODU3XkEyXkFqcGdeQXVyNzkwMjQ5NzM@._V1_SX600.jpg,James Cameron,"Fifty-seven years after surviving an apocalyptic attack aboard her space vessel by merciless space creatures, Officer Ripley awakens from hyper-sleep and tries to warn anyone who will listen about the predators."
movie_0108,Amadeus,Movie,Biography,Drama,1984,160.0,R,English,USA,8.3,,51973029.0,,,False,2022-04-08,False,https://m.media-amazon.com/images/M/MV5BNWJlNzUzNGMtYTAwMS00ZjI2LWFmNWQtODcxNWUxODA5YmU1XkEyXkFqcGdeQXVyNTIzOTk5ODM@._V1_SX600.jpg,Milos Forman,"The life, success and troubles of Wolfgang Amadeus Mozart, as told by Antonio Salieri, the contemporaneous composer who was insanely jealous of Mozart's talent and claimed to have murdered him."
movie_0109,Scarface,Movie,Crime,Drama,1983,170.0,A,English,USA,8.3,,45598982.0,,,False,2015-10-20,True,https://m.media-amazon.com/images/M/MV5BNjdjNGQ4NDEtNTEwYS00MTgxLTliYzQtYzE2ZDRiZjFhZmNlXkEyXkFqcGdeQXVyNjU0OTQ0OTY@._V1_SX600.jpg,Brian De Palma,"In 1980 Miami, a determined Cuban immigrant takes over a drug cartel and succumbs to greed."
movie_0110,Star Wars: Episode VI - Return of the Jedi,Movie,Action,Adventure,1983,131.0,U,English,USA,8.3,,309125409.0,,,False,2021-10-31,False,https://m.media-amazon.com/images/M/MV5BOWZlMjFiYzgtMTUzNC00Y2IzLTk1NTMtZmNhMTczNTk0ODk1XkEyXkFqcGdeQXVyNTAyODkwOQ@._V1_SX600.jpg,Richard Marquand,"After a daring mission to rescue Han Solo from Jabba the Hutt, the Rebels dispatch to Endor to destroy the second Death Star. Meanwhile, Luke struggles to help Darth Vader back from the dark side without falling into the Emperor's trap."
movie_0111,Das Boot,Movie,Adventure,Drama,1981,149.0,R,German,Germany,8.3,,11487676.0,,,False,2022-02-13,False,https://m.media-amazon.com/images/M/MV5BOGZhZDIzNWMtNjkxMS00MDQ1LThkMTYtZWQzYWU3MWMxMGU5XkEyXkFqcGdeQXVyNjc1NTYyMjg@._V1_SX600.jpg,Wolfgang Petersen,"The claustrophobic world of a WWII German U-boat; boredom, filth and sheer terror."
movie_0112,Taxi Driver,Movie,Crime,Drama,1976,114.0,A,English,USA,8.3,,28262574.0,,,False,2016-12-01,True,https://m.media-amazon.com/images/M/MV5BM2M1MmVhNDgtNmI0YS00ZDNmLTkyNjctNTJiYTQ2N2NmYzc2XkEyXkFqcGdeQXVyNzkwMjQ5NzM@._V1_SX600.jpg,Martin Scorsese,"A mentally unstable veteran works as a nighttime taxi driver in New York City, where the perceived decadence and sleaze fuels his urge for violent action by attempting to liberate a presidential campaign worker and an underage prostitute."
movie_0113,The Sting,Movie,Comedy,Crime,1973,129.0,U,English,USA,8.3,,159600000.0,,,False,2020-12-27,True,https://m.media-amazon.com/images/M/MV5BNGU3NjQ4YTMtZGJjOS00YTQ3LThmNmItMTI5MDE2ODI3NzY3XkEyXkFqcGdeQXVyMjUzOTY1NTc@._V1_SX600.jpg,George Roy Hill,Two grifters team up to pull off the ultimate con.
movie_0114,A Clockwork Orange,Movie,Crime,Drama,1971,136.0,A,English,USA,8.3,,6207725.0,,,False,2023-03-06,True,https://m.media-amazon.com/images/M/MV5BMTY3MjM1Mzc4N15BMl5BanBnXkFtZTgwODM0NzAxMDE@._V1_SX600.jpg,Stanley Kubrick,"In the future, a sadistic gang leader is imprisoned and volunteers for a conduct-aversion experiment, but it doesn't go as planned."
movie_0115,2001: A Space Odyssey,Movie,Adventure,Sci-Fi,1968,149.0,U,English,USA,8.3,,56954992.0,,,False,2017-09-29,False,https://m.media-amazon.com/images/M/MV5BMmNlYzRiNDctZWNhMi00MzI4LThkZTctMTUzMmZkMmFmNThmXkEyXkFqcGdeQXVyNzkwMjQ5NzM@._V1_SX600.jpg,Stanley Kubrick,"After discovering a mysterious artifact buried beneath the Lunar surface, mankind sets off on a quest to find its origins with help from intelligent supercomputer H.A.L. 9000."
movie_0116,Per qualche dollaro in più,Movie,Western,,1965,132.0,U,Italian,Italy,8.3,,15000000.0,,,False,2016-10-31,False,https://m.media-amazon.com/images/M/MV5BNWM1NmYyM2ItMTFhNy00NDU0LThlYWUtYjQyYTJmOTY0ZmM0XkEyXkFqcGdeQXVyNjU0OTQ0OTY@._V1_SX600.jpg,Sergio Leone,Two bounty hunters with the same intentions team up to track down a Western outlaw.
movie_0117,Lawrence of Arabia,Movie,Adventure,Biography,1962,228.0,U,English,USA,8.3,,44824144.0,,,False,2020-03-08,False,https://m.media-amazon.com/images/M/MV5BYWY5ZjhjNGYtZmI2Ny00ODM0LWFkNzgtZmI1YzA2N2MxMzA0XkEyXkFqcGdeQXVyNjUwNzk3NDc@._V1_SX600.jpg,David Lean,"The story of T.E. Lawrence, the English officer who successfully united and led the diverse, often warring, Arab tribes during World War I in order to fight the Turks."
movie_0118,The Apartment,Movie,Comedy,Drama,1960,125.0,U,English,USA,8.3,,18600000.0,,,False,2019-04-04,False,https://m.media-amazon.com/images/M/MV5BNzkwODFjNzItMmMwNi00MTU5LWE2MzktM2M4ZDczZGM1MmViXkEyXkFqcGdeQXVyNDY2MTk1ODk@._V1_SX600.jpg,Billy Wilder,"A man tries to rise in his company by letting its executives use his apartment for trysts, but complications and a romance of his own ensue."
movie_0119,North by Northwest,Movie,Adventure,Mystery,1959,136.0,U,English,USA,8.3,,13275000.0,,,False,2018-01-10,False,https://m.media-amazon.com/images/M/MV5BZDA3NDExMTUtMDlhOC00MmQ5LWExZGUtYmI1NGVlZWI4OWNiXkEyXkFqcGdeQXVyNjc1NTYyMjg@._V1_SX600.jpg,Alfred Hitchcock,A New York City advertising executive goes on the run after being mistaken for a government agent by a group of foreign spies.
movie_0120,Vertigo,Movie,Mystery,Romance,1958,128.0,A,English,USA,8.3,,3200000.0,,,False,2025-05-18,False,https://m.media-amazon.com/images/M/MV5BYTE4ODEwZDUtNDFjOC00NjAxLWEzYTQtYTI1NGVmZmFlNjdiL2ltYWdlL2ltYWdlXkEyXkFqcGdeQXVyNjc1NTYyMjg@._V1_SX600.jpg,Alfred Hitchcock,A former police detective juggles wrestling with his personal demons and becoming obsessed with a hauntingly beautiful woman.
movie_0121,Singin' in the Rain,Movie,Comedy,Musical,1952,103.0,G,English,USA,8.3,,8819028.0,,,False,2022-03-06,False,https://m.media-amazon.com/images/M/MV5BZDRjNGViMjQtOThlMi00MTA3LThkYzQtNzJkYjBkMGE0YzE1XkEyXkFqcGdeQXVyNDYyMDk5MTU@._V1_SX600.jpg,Stanley Donen,A silent film production company and cast make a difficult transition to sound.
movie_0122,Ikiru,Movie,Drama,,1952,143.0,Not Rated,Japanese,Japan,8.3,,55240.0,,,False,2022-09-19,False,https://m.media-amazon.com/images/M/MV5BZmM0NGY3Y2MtMTA1YS00YmQzLTk2YTctYWFhMDkzMDRjZWQzXkEyXkFqcGdeQXVyNTA4NzY1MzY@._V1_SX600.jpg,Akira Kurosawa,A bureaucrat tries to find a meaning in his life after he discovers he has terminal cancer.
movie_0123,Ladri di biciclette,Movie,Drama,,1948,89.0,Not Rated,Italian,Italy,8.3,,332930.0,,,False,2021-03-31,False,https://m.media-amazon.com/images/M/MV5BNmI1ODdjODctMDlmMC00ZWViLWI5MzYtYzRhNDdjYmM3MzFjXkEyXkFqcGdeQXVyMTMxODk2OTU@._V1_SX600.jpg,Vittorio De Sica,"In post-war Italy, a working-class man's bicycle is stolen. He and his son set out to find it."
movie_0124,Double Indemnity,Movie,Crime,Drama,1944,107.0,Passed,English,USA,8.3,,5720000.0,,,False,2017-06-18,True,https://m.media-amazon.com/images/M/MV5BOTdlNjgyZGUtOTczYi00MDdhLTljZmMtYTEwZmRiOWFkYjRhXkEyXkFqcGdeQXVyNDY2MTk1ODk@._V1_SX600.jpg,Billy Wilder,An insurance representative lets himself be talked by a seductive housewife into a murder/insurance fraud scheme that arouses the suspicion of an insurance investigator.
movie_0125,Citizen Kane,Movie,Drama,Mystery,1941,119.0,UA,English,USA,8.3,,1585634.0,,,False,2022-09-05,False,https://m.media-amazon.com/images/M/MV5BYjBiOTYxZWItMzdiZi00NjlkLWIzZTYtYmFhZjhiMTljOTdkXkEyXkFqcGdeQXVyNzkwMjQ5NzM@._V1_SX600.jpg,Orson Welles,"Following the death of publishing tycoon Charles Foster Kane, reporters scramble to uncover the meaning of his final utterance; 'Rosebud'."
movie_0126,M - Eine Stadt sucht einen Mörder,Movie,Crime,Mystery,1931,117.0,Passed,German,Germany,8.3,,28877.0,,,False,2018-08-21,True,https://m.media-amazon.com/images/M/MV5BODA4ODk3OTEzMF5BMl5BanBnXkFtZTgwMTQ2ODMwMzE@._V1_SX600.jpg,Fritz Lang,"When the police in a German city are unable to catch a child-murderer, other criminals join in the manhunt."
movie_0127,Metropolis,Movie,Drama,Sci-Fi,1927,153.0,Not Rated,German,Germany,8.3,,1236166.0,,,False,2024-06-14,False,https://m.media-amazon.com/images/M/MV5BMTg5YWIyMWUtZDY5My00Zjc1LTljOTctYmI0MWRmY2M2NmRkXkEyXkFqcGdeQXVyMTMxODk2OTU@._V1_SX600.jpg,Fritz Lang,"In a futuristic city sharply divided between the working class and the city planners, the son of the city's mastermind falls in love with a working-class prophet who predicts the coming of a savior to mediate their differences."
movie_0128,The Kid,Movie,Comedy,Drama,1921,68.0,Passed,English,USA,8.3,,5450000.0,,,False,2023-08-14,False,https://m.media-amazon.com/images/M/MV5BZjhhMThhNDItNTY2MC00MmU1LTliNDEtNDdhZjdlNTY5ZDQ1XkEyXkFqcGdeQXVyNjc1NTYyMjg@._V1_SX600.jpg,Charles Chaplin,"The Tramp cares for an abandoned child, but events put that relationship in jeopardy."
movie_0129,Chhichhore,Movie,Comedy,Drama,2019,143.0,UA,English,USA,8.2,,898575.0,,,False,2023-09-14,False,https://m.media-amazon.com/images/M/MV5BYjg2ZDI2YTYtN2EwYi00YWI5LTgyMWQtMWFkYmE3NmJkOGVhXkEyXkFqcGdeQXVyODE5NzE3OTE@._V1_SX600.jpg,Nitesh Tiwari,"A tragic incident forces Anirudh, a middle-aged man, to take a trip down memory lane and reminisce his college days along with his friends, who were labelled as losers."
movie_0130,Uri: The Surgical Strike,Movie,Action,Drama,2018,138.0,UA,English,USA,8.2,,4186168.0,,,False,2015-08-18,False,https://m.media-amazon.com/images/M/MV5BMWU4ZjNlNTQtOGE2MS00NDI0LWFlYjMtMmY3ZWVkMjJkNGRmXkEyXkFqcGdeQXVyNjE1OTQ0NjA@._V1_SX600.jpg,Aditya Dhar,"Indian army special forces execute a covert operation, avenging the killing of fellow army men at their base by a terrorist group."
movie_0131,K.G.F: Chapter 1,Movie,Action,Drama,2018,156.0,UA,English,USA,8.2,,,,,False,2017-07-27,False,https://m.media-amazon.com/images/M/MV5BZDNlNzBjMGUtYTA0Yy00OTI2LWJmZjMtODliYmUyYTI0OGFmXkEyXkFqcGdeQXVyODIwMDI1NjM@._V1_SX600.jpg,Prashanth Neel,"In the 1970s, a fierce rebel rises against brutal oppression and becomes the symbol of hope to legions of downtrodden people."
movie_0132,Green Book,Movie,Biography,Comedy,2018,130.0,UA,English,USA,8.2,,85080171.0,,,False,2024-03-20,False,https://m.media-amazon.com/images/M/MV5BYzIzYmJlYTYtNGNiYy00N2EwLTk4ZjItMGYyZTJiOTVkM2RlXkEyXkFqcGdeQXVyODY1NDk1NjE@._V1_SX600.jpg,Peter Farrelly,A working-class Italian-American bouncer becomes the driver of an African-American classical pianist on a tour of venues through the 1960s American South.
movie_0133,"Three Billboards Outside Ebbing, Missouri",Movie,Comedy,Crime,2017,115.0,A,English,USA,8.2,,54513740.0,,,False,2015-05-12,True,https://m.media-amazon.com/images/M/MV5BMjI0ODcxNzM1N15BMl5BanBnXkFtZTgwMzIwMTEwNDI@._V1_SX600.jpg,Martin McDonagh,A mother personally challenges the local authorities to solve her daughter's murder when they fail to catch the culprit.
movie_0134,Talvar,Movie,Crime,Drama,2015,132.0,UA,English,USA,8.2,,342370.0,,,False,2024-01-11,True,https://m.media-amazon.com/images/M/MV5BMTYzODg0Mjc4M15BMl5BanBnXkFtZTgwNzY4Mzc3NjE@._V1_SX600.jpg,Meghna Gulzar,An experienced investigator confronts several conflicting theories about the perpetrators of a violent double homicide.
movie_0135,Baahubali 2: The Conclusion,Movie,Action,Drama,2017,167.0,UA,English,USA,8.2,,20186659.0,,,False,2018-07-16,False,https://m.media-amazon.com/images/M/MV5BOGNlNmRkMjctNDgxMC00NzFhLWIzY2YtZDk3ZDE0NWZhZDBlXkEyXkFqcGdeQXVyODIwMDI1NjM@._V1_SX600.jpg,S.S. Rajamouli,"When Shiva, the son of Bahubali, learns about his heritage, he begins to look for answers. His story is juxtaposed with past events that unfolded in the Mahishmati Kingdom."
movie_0136,Klaus,Movie,Animation,Adventure,2019,96.0,PG,English,USA,8.2,,,,,False,2019-07-02,False,https://m.media-amazon.com/images/M/MV5BMWYwOThjM2ItZGYxNy00NTQwLWFlZWEtM2MzM2Q5MmY3NDU5XkEyXkFqcGdeQXVyMTkxNjUyNQ@._V1_SX600.jpg,Sergio Pablos,"A simple act of kindness always sparks another, even in a frozen, faraway place. When Smeerensburg's new postman, Jesper, befriends toymaker Klaus, their gifts melt an age-old feud and deliver a sleigh full of holiday traditions."
movie_0137,Drishyam,Movie,Crime,Drama,2015,163.0,UA,English,USA,8.2,,739478.0,,,False,2018-01-01,True,https://m.media-amazon.com/images/M/MV5BYmJhZmJlYTItZmZlNy00MGY0LTg0ZGMtNWFkYWU5NTA1YTNhXkEyXkFqcGdeQXVyODE5NzE3OTE@._V1_SX600.jpg,Nishikant Kamat,"Desperate measures are taken by a man who tries to save his family from the dark side of the law, after they commit an unexpected crime."
movie_0138,Queen,Movie,Adventure,Comedy,2013,146.0,UA,English,USA,8.2,,1429534.0,,,False,2015-09-29,False,https://m.media-amazon.com/images/M/MV5BNWYyOWRlOWItZWM5MS00ZjJkLWI0MTUtYTE3NTI5MDAwYjgyXkEyXkFqcGdeQXVyODE5NzE3OTE@._V1_SX600.jpg,Vikas Bahl,A Delhi girl from a traditional family sets out on a solo honeymoon after her marriage gets cancelled.
movie_0139,Mandariinid,Movie,Drama,War,2013,87.0,Not Rated,English,USA,8.2,,144501.0,,,False,2017-05-14,True,https://m.media-amazon.com/images/M/MV5BMTgwNzA3MDQzOV5BMl5BanBnXkFtZTgwNTE5MDE5NDE@._V1_SX600.jpg,Zaza Urushadze,"In 1992, war rages in Abkhazia, a breakaway region of Georgia. An Estonian man Ivo has decided to stay behind and harvest his crops of tangerines. In a bloody conflict at his door, a wounded man is left behind, and Ivo takes him in."
movie_0140,Bhaag Milkha Bhaag,Movie,Biography,Drama,2013,186.0,U,English,USA,8.2,,1626289.0,,,False,2025-03-29,False,https://m.media-amazon.com/images/M/MV5BMTY1Nzg4MjcwN15BMl5BanBnXkFtZTcwOTc1NTk1OQ@._V1_SX600.jpg,Rakeysh Omprakash Mehra,The truth behind the ascension of Milkha Singh who was scarred because of the India-Pakistan partition.
movie_0141,Gangs of Wasseypur,Movie,Action,Comedy,2012,321.0,A,English,USA,8.2,,,,,False,2025-07-29,False,https://m.media-amazon.com/images/M/MV5BMTc5NjY4MjUwNF5BMl5BanBnXkFtZTgwODM3NzM5MzE@._V1_SX600.jpg,Anurag Kashyap,"A clash between Sultan and Shahid Khan leads to the expulsion of Khan from Wasseypur, and ignites a deadly blood feud spanning three generations."
movie_0142,Udaan,Movie,Drama,,2010,134.0,UA,English,USA,8.2,,7461.0,,,False,2021-05-12,False,https://m.media-amazon.com/images/M/MV5BNzgxMzExMzUwNV5BMl5BanBnXkFtZTcwMDc2MjUwNA@._V1_SX600.jpg,Vikramaditya Motwane,"Expelled from his school, a 16-year old boy returns home to his abusive and oppressive father."
movie_0143,Paan Singh Tomar,Movie,Action,Biography,2012,135.0,UA,English,USA,8.2,,39567.0,,,False,2024-10-29,False,https://m.media-amazon.com/images/M/MV5BNTgwODM5OTMzN15BMl5BanBnXkFtZTcwMTA3NzI1Nw@._V1_SX600.jpg,Tigmanshu Dhulia,"The story of Paan Singh Tomar, an Indian athlete and seven-time national steeplechase champion who becomes one of the most feared dacoits in Chambal Valley after his retirement."
movie_0144,El secreto de sus ojos,Movie,Drama,Mystery,2009,129.0,R,Spanish,Argentina,8.2,,6391436.0,,,False,2023-01-19,False,https://m.media-amazon.com/images/M/MV5BY2FhZGI5M2QtZWFiZS00NjkwLWE4NWQtMzg3ZDZjNjdkYTJiXkEyXkFqcGdeQXVyMTMxODk2OTU@._V1_SX600.jpg,Juan José Campanella,A retired legal counselor writes a novel hoping to find closure for one of his past unresolved homicide cases and for his unreciprocated love with his superior - both of which still haunt him decades later.
movie_0145,Warrior,Movie,Action,Drama,2011,140.0,UA,English,USA,8.2,,13657115.0,,,False,2018-07-12,False,https://m.media-amazon.com/images/M/MV5BMTk4ODk5MTMyNV5BMl5BanBnXkFtZTcwMDMyNTg0Ng@._V1_SX600.jpg,Gavin O'Connor,"The youngest son of an alcoholic former boxer returns home, where he's trained by his father for competition in a mixed martial arts tournament - a path that puts the fighter on a collision course with his estranged, older brother."
movie_0146,Shutter Island,Movie,Mystery,Thriller,2010,138.0,A,English,USA,8.2,,128012934.0,,,False,2017-05-20,False,https://m.media-amazon.com/images/M/MV5BYzhiNDkyNzktNTZmYS00ZTBkLTk2MDAtM2U0YjU1MzgxZjgzXkEyXkFqcGdeQXVyMTMxODk2OTU@._V1_SX600.jpg,Martin Scorsese,"In 1954, a U.S. Marshal investigates the disappearance of a murderer who escaped from a hospital for the criminally insane."
movie_0147,Up,Movie,Animation,Adventure,2009,96.0,U,English,USA,8.2,,293004164.0,,,False,2022-05-08,False,https://m.media-amazon.com/images/M/MV5BMTk3NDE2NzI4NF5BMl5BanBnXkFtZTgwNzE1MzEyMTE@._V1_SX600.jpg,Pete Docter,"78-year-old Carl Fredricksen travels to Paradise Falls in his house equipped with balloons, inadvertently taking a young stowaway."
movie_0148,The Wolf of Wall Street,Movie,Biography,Crime,2013,180.0,A,English,USA,8.2,,116900694.0,,,False,2020-08-06,True,https://m.media-amazon.com/images/M/MV5BMjIxMjgxNTk0MF5BMl5BanBnXkFtZTgwNjIyOTg2MDE@._V1_SX600.jpg,Martin Scorsese,"Based on the true story of Jordan Belfort, from his rise to a wealthy stock-broker living the high life to his fall involving crime, corruption and the federal government."
movie_0149,Chak De! India,Movie,Drama,Family,2007,153.0,U,English,USA,8.2,,1113541.0,,,False,2019-06-09,False,https://m.media-amazon.com/images/M/MV5BMTUzODMyNzk4NV5BMl5BanBnXkFtZTgwNTk1NTYyNTM@._V1_SX600.jpg,Shimit Amin,Kabir Khan is the coach of the Indian Women's National Hockey Team and his dream is to make his all girls team emerge victorious against all odds.
movie_0150,There Will Be Blood,Movie,Drama,,2007,158.0,A,English,USA,8.2,,40222514.0,,,False,2024-12-02,False,https://m.media-amazon.com/images/M/MV5BMjAxODQ4MDU5NV5BMl5BanBnXkFtZTcwMDU4MjU1MQ@._V1_SX600.jpg,Paul Thomas Anderson,"A story of family, religion, hatred, oil and madness, focusing on a turn-of-the-century prospector in the early days of the business."
movie_0151,Pan's Labyrinth,Movie,Drama,Fantasy,2006,118.0,UA,Spanish,Mexico,8.2,,37634615.0,,,False,2025-04-03,False,https://m.media-amazon.com/images/M/MV5BMTU3ODg2NjQ5NF5BMl5BanBnXkFtZTcwMDEwODgzMQ@._V1_SX600.jpg,Guillermo del Toro,"In the Falangist Spain of 1944, the bookish young stepdaughter of a sadistic army officer escapes into an eerie but captivating fantasy world."
movie_0152,Toy Story 3,Movie,Animation,Adventure,2010,103.0,U,English,USA,8.2,,415004880.0,,,False,2022-03-18,False,https://m.media-amazon.com/images/M/MV5BMTgxOTY4Mjc0MF5BMl5BanBnXkFtZTcwNTA4MDQyMw@._V1_SX600.jpg,Lee Unkrich,"The toys are mistakenly delivered to a day-care center instead of the attic right before Andy leaves for college, and it's up to Woody to convince the other toys that they weren't abandoned and to return home."
movie_0153,V for Vendetta,Movie,Action,Drama,2005,132.0,A,English,USA,8.2,,70511035.0,,,False,2020-02-23,False,https://m.media-amazon.com/images/M/MV5BOTI5ODc3NzExNV5BMl5BanBnXkFtZTcwNzYxNzQzMw@._V1_SX600.jpg,James McTeigue,"In a future British tyranny, a shadowy freedom fighter, known only by the alias of ""V"", plots to overthrow it with the help of a young woman."
movie_0154,Rang De Basanti,Movie,Comedy,Crime,2006,167.0,UA,Hindi,India,8.2,,2197331.0,,,False,2016-08-08,True,https://m.media-amazon.com/images/M/MV5BYThmZDA0YmQtMWJhNy00MDQwLTk0Y2YtMDhmZTE5ZjhlNjliXkEyXkFqcGdeQXVyODE5NzE3OTE@._V1_SX600.jpg,Rakeysh Omprakash Mehra,"The story of six young Indians who assist an English woman to film a documentary on the freedom fighters from their past, and the events that lead them to relive the long-forgotten saga of freedom."
movie_0155,Black,Movie,Drama,,2005,122.0,U,English,USA,8.2,,733094.0,,,False,2017-12-20,False,https://m.media-amazon.com/images/M/MV5BNTI5MmE5M2UtZjIzYS00M2JjLWIwNDItYTY2ZWNiODBmYTBiXkEyXkFqcGdeQXVyNjQ2MjQ5NzM@._V1_SX600.jpg,Sanjay Leela Bhansali,"The cathartic tale of a young woman who can't see, hear or talk and the teacher who brings a ray of light into her dark world."
movie_0156,Batman Begins,Movie,Action,Adventure,2005,140.0,UA,English,USA,8.2,,206852432.0,,,False,2016-07-25,False,https://m.media-amazon.com/images/M/MV5BOTY4YjI2N2MtYmFlMC00ZjcyLTg3YjEtMDQyM2ZjYzQ5YWFkXkEyXkFqcGdeQXVyMTQxNzMzNDI@._V1_SX600.jpg,Christopher Nolan,"After training with his mentor, Batman begins his fight to free crime-ridden Gotham City from corruption."
movie_0157,"Swades: We, the People",Movie,Drama,,2004,210.0,U,English,USA,8.2,,1223240.0,,,False,2017-10-07,False,https://m.media-amazon.com/images/M/MV5BYzExOTcwNjYtZTljMC00YTQ2LWI2YjYtNWFlYzQ0YTJhNzJmXkEyXkFqcGdeQXVyNjQ2MjQ5NzM@._V1_SX600.jpg,Ashutosh Gowariker,A successful Indian scientist returns to an Indian village to take his nanny to America with him and in the process rediscovers his roots.
movie_0158,Der Untergang,Movie,Biography,Drama,2004,156.0,R,German,Germany,8.2,,5509040.0,,,False,2023-05-10,False,"https://m.media-amazon.com/images/M/MV5BMTU0NTU5NTAyMl5BMl5BanBnXkFtZTYwNzYwMDg2._V1_UX67_CR0,0,67,98_AL_.jpg@._V1_SX600.jpg",Oliver Hirschbiegel,"Traudl Junge, the final secretary for Adolf Hitler, tells of the Nazi dictator's final days in his Berlin bunker at the end of WWII."
movie_0159,Hauru no ugoku shiro,Movie,Animation,Adventure,2004,119.0,U,Japanese,Japan,8.2,,4711096.0,,,False,2021-04-18,False,https://m.media-amazon.com/images/M/MV5BNmM4YTFmMmItMGE3Yy00MmRkLTlmZGEtMzZlOTQzYjk3MzA2XkEyXkFqcGdeQXVyMTMxODk2OTU@._V1_SX600.jpg,Hayao Miyazaki,"When an unconfident young woman is cursed with an old body by a spiteful witch, her only chance of breaking the spell lies with a self-indulgent yet insecure young wizard and his companions in his legged, walking castle."
movie_0160,A Beautiful Mind,Movie,Biography,Drama,2001,135.0,UA,English,USA,8.2,,170742341.0,,,False,2021-01-16,False,https://m.media-amazon.com/images/M/MV5BMzcwYWFkYzktZjAzNC00OGY1LWI4YTgtNzc5MzVjMDVmNjY0XkEyXkFqcGdeQXVyMTQxNzMzNDI@._V1_SX600.jpg,Ron Howard,"After John Nash, a brilliant but asocial mathematician, accepts secret work in cryptography, his life takes a turn for the nightmarish."
movie_0161,Hera Pheri,Movie,Action,Comedy,2000,156.0,U,English,USA,8.2,,,,,False,2017-12-12,False,https://m.media-amazon.com/images/M/MV5BMGMzZjY2ZWQtZjQxYS00NWY3LThhNjItNWQzNTkzOTllODljXkEyXkFqcGdeQXVyNjY1MTg4Mzc@._V1_SX600.jpg,Priyadarshan,"Three unemployed men look for answers to all their money problems - but when their opportunity arrives, will they know what to do with it?"
movie_0162,"Lock, Stock and Two Smoking Barrels",Movie,Action,Comedy,1998,107.0,A,English,USA,8.2,,3897569.0,,,False,2023-05-18,False,https://m.media-amazon.com/images/M/MV5BMTAyN2JmZmEtNjAyMy00NzYwLThmY2MtYWQ3OGNhNjExMmM4XkEyXkFqcGdeQXVyNDk3NzU2MTQ@._V1_SX600.jpg,Guy Ritchie,"A botched card game in London triggers four friends, thugs, weed-growers, hard gangsters, loan sharks and debt collectors to collide with each other in a series of unexpected events, all for the sake of weed, cash and two antique shotguns."
movie_0163,L.A. Confidential,Movie,Crime,Drama,1997,138.0,A,English,USA,8.2,,64616940.0,,,False,2021-07-22,True,https://m.media-amazon.com/images/M/MV5BMDQ2YzEyZGItYWRhOS00MjBmLTkzMDUtMTdjYzkyMmQxZTJlXkEyXkFqcGdeQXVyNjU0OTQ0OTY@._V1_SX600.jpg,Curtis Hanson,"As corruption grows in 1950s Los Angeles, three policemen - one strait-laced, one brutal, and one sleazy - investigate a series of murders with their own brand of justice."
movie_0164,Eskiya,Movie,Crime,Drama,1996,128.0,Not Rated,English,USA,8.2,,,,,False,2019-10-21,True,https://m.media-amazon.com/images/M/MV5BOGQ4ZjFmYjktOGNkNS00OWYyLWIyZjgtMGJjM2U1ZTA0ZTlhXkEyXkFqcGdeQXVyNTA4NzY1MzY@._V1_SX600.jpg,Yavuz Turgul,"Baran the Bandit, released from prison after 35 years, searches for vengeance and his lover."
movie_0165,Heat,Movie,Crime,Drama,1995,170.0,A,English,USA,8.2,,67436818.0,,,False,2025-01-25,True,https://m.media-amazon.com/images/M/MV5BNGMwNzUwNjYtZWM5NS00YzMyLWI4NjAtNjM0ZDBiMzE1YWExXkEyXkFqcGdeQXVyNDk3NzU2MTQ@._V1_SX600.jpg,Michael Mann,A group of professional bank robbers start to feel the heat from police when they unknowingly leave a clue at their latest heist.
movie_0166,Casino,Movie,Crime,Drama,1995,178.0,A,English,USA,8.2,,42438300.0,,,False,2021-07-18,True,https://m.media-amazon.com/images/M/MV5BMTcxOWYzNDYtYmM4YS00N2NkLTk0NTAtNjg1ODgwZjAxYzI3XkEyXkFqcGdeQXVyNTA4NzY1MzY@._V1_SX600.jpg,Martin Scorsese,"A tale of greed, deception, money, power, and murder occur between two best friends: a mafia enforcer and a casino executive compete against each other over a gambling empire, and over a fast-living and fast-loving socialite."
movie_0167,Andaz Apna Apna,Movie,Action,Comedy,1994,160.0,U,English,USA,8.2,,,,,False,2019-06-24,False,https://m.media-amazon.com/images/M/MV5BZTIwYzRjMGYtZWQ0Ni00NDZhLThhZDYtOGViZGJiZTkwMzk2XkEyXkFqcGdeQXVyODE5NzE3OTE@._V1_SX600.jpg,Rajkumar Santoshi,Two slackers competing for the affections of an heiress inadvertently become her protectors from an evil criminal.
movie_0168,Unforgiven,Movie,Drama,Western,1992,130.0,A,English,USA,8.2,,101157447.0,,,False,2019-01-22,False,https://m.media-amazon.com/images/M/MV5BODM3YWY4NmQtN2Y3Ni00OTg0LWFhZGQtZWE3ZWY4MTJlOWU4XkEyXkFqcGdeQXVyNjU0OTQ0OTY@._V1_SX600.jpg,Clint Eastwood,"Retired Old West gunslinger William Munny reluctantly takes on one last job, with the help of his old partner Ned Logan and a young man, The ""Schofield Kid."""
movie_0169,Indiana Jones and the Last Crusade,Movie,Action,Adventure,1989,127.0,U,English,USA,8.2,,197171806.0,,,False,2017-06-17,False,https://m.media-amazon.com/images/M/MV5BMjNkMzc2N2QtNjVlNS00ZTk5LTg0MTgtODY2MDAwNTMwZjBjXkEyXkFqcGdeQXVyNDk3NzU2MTQ@._V1_SX600.jpg,Steven Spielberg,"In 1938, after his father Professor Henry Jones, Sr. goes missing while pursuing the Holy Grail, Professor Henry ""Indiana"" Jones, Jr. finds himself up against Adolf Hitler's Nazis again to stop them from obtaining its powers."
movie_0170,Dom za vesanje,Movie,Comedy,Crime,1988,142.0,R,English,USA,8.2,,280015.0,,,False,2016-07-20,True,https://m.media-amazon.com/images/M/MV5BODI2ZjVlMGQtMWE5ZS00MjJiLWIyMWYtMGU5NmIxNDc0OTMyXkEyXkFqcGdeQXVyMTQ3Njg3MQ@._V1_SX600.jpg,Emir Kusturica,"In this luminous tale set in the area around Sarajevo and in Italy, Perhan, an engaging young Romany (gypsy) with telekinetic powers, is seduced by the quick-cash world of petty crime, which threatens to destroy him and those he loves."
movie_0171,Tonari no Totoro,Movie,Animation,Family,1988,86.0,U,Japanese,Japan,8.2,,1105564.0,,,False,2020-09-18,False,https://m.media-amazon.com/images/M/MV5BYzJjMTYyMjQtZDI0My00ZjE2LTkyNGYtOTllNGQxNDMyZjE0XkEyXkFqcGdeQXVyMTMxODk2OTU@._V1_SX600.jpg,Hayao Miyazaki,"When two girls move to the country to be near their ailing mother, they have adventures with the wondrous forest spirits who live nearby."
movie_0172,Die Hard,Movie,Action,Thriller,1988,132.0,A,English,USA,8.2,,83008852.0,,,False,2020-07-14,False,https://m.media-amazon.com/images/M/MV5BZjRlNDUxZjAtOGQ4OC00OTNlLTgxNmQtYTBmMDgwZmNmNjkxXkEyXkFqcGdeQXVyNzkwMjQ5NzM@._V1_SX600.jpg,John McTiernan,An NYPD officer tries to save his wife and several others taken hostage by German terrorists during a Christmas party at the Nakatomi Plaza in Los Angeles.
movie_0173,Ran,Movie,Action,Drama,1985,162.0,U,Japanese,Japan,8.2,,4135750.0,,,False,2016-01-08,False,https://m.media-amazon.com/images/M/MV5BZDBjZTM4ZmEtOTA5ZC00NTQzLTkyNzYtMmUxNGU2YjI5YjU5L2ltYWdlXkEyXkFqcGdeQXVyNTAyODkwOQ@._V1_SX600.jpg,Akira Kurosawa,"In Medieval Japan, an elderly warlord retires, handing over his empire to his three sons. However, he vastly underestimates how the new-found power will corrupt them and cause them to turn on each other...and him."
movie_0174,Raging Bull,Movie,Biography,Drama,1980,129.0,A,English,USA,8.2,,23383987.0,,,False,2023-06-23,False,https://m.media-amazon.com/images/M/MV5BYjRmODkzNDItMTNhNi00YjJlLTg0ZjAtODlhZTM0YzgzYThlXkEyXkFqcGdeQXVyNzQ1ODk3MTQ@._V1_SX600.jpg,Martin Scorsese,"The life of boxer Jake LaMotta, whose violence and temper that led him to the top in the ring destroyed his life outside of it."
movie_0175,Stalker,Movie,Drama,Sci-Fi,1979,162.0,U,Russian,Soviet Union,8.2,,234723.0,,,False,2015-07-12,False,https://m.media-amazon.com/images/M/MV5BMDgwODNmMGItMDcwYi00OWZjLTgyZjAtMGYwMmI4N2Q0NmJmXkEyXkFqcGdeQXVyNzY1MTU0Njk@._V1_SX600.jpg,Andrei Tarkovsky,A guide leads two men through an area known as the Zone to find a room that grants wishes.
movie_0176,Höstsonaten,Movie,Drama,Music,1978,99.0,U,Swedish,Sweden,8.2,,,,,False,2024-08-28,False,https://m.media-amazon.com/images/M/MV5BNGIyMWRlYTctMWNlMi00ZGIzLThjOTgtZjQzZjRjNmRhMDdlXkEyXkFqcGdeQXVyMTAwMzUyOTc@._V1_SX600.jpg,Ingmar Bergman,"A married daughter who longs for her mother's love is visited by the latter, a successful concert pianist."
movie_0177,The Message,Movie,Biography,Drama,1976,177.0,PG,English,USA,8.2,,,,,False,2016-03-25,False,https://m.media-amazon.com/images/M/MV5BMjk3YjJmYTctMTAzZC00MzE4LWFlZGMtNDM5OTMyMDEzZWIxXkEyXkFqcGdeQXVyNTI4MjkwNjA@._V1_SX600.jpg,Moustapha Akkad,This epic historical drama chronicles the life and times of Prophet Muhammad and serves as an introduction to early Islamic history.
movie_0178,Sholay,Movie,Action,Adventure,1975,204.0,U,English,USA,8.2,,,,,False,2016-09-18,False,https://m.media-amazon.com/images/M/MV5BOGZiM2IwODktNTdiMC00MGU1LWEyZTYtOTk4NTkwYmJkNmI1L2ltYWdlL2ltYWdlXkEyXkFqcGdeQXVyNjU0OTQ0OTY@._V1_SX600.jpg,Ramesh Sippy,"After his family is murdered by a notorious and ruthless bandit, a former police officer enlists the services of two outlaws to capture the bandit."
movie_0179,Monty Python and the Holy Grail,Movie,Adventure,Comedy,1975,91.0,PG,English,USA,8.2,,1229197.0,,,False,2022-01-14,False,https://m.media-amazon.com/images/M/MV5BN2IyNTE4YzUtZWU0Mi00MGIwLTgyMmQtMzQ4YzQxYWNlYWE2XkEyXkFqcGdeQXVyNjU0OTQ0OTY@._V1_SX600.jpg,Terry Gilliam,"King Arthur and his Knights of the Round Table embark on a surreal, low-budget search for the Holy Grail, encountering many, very silly obstacles."
movie_0180,The Great Escape,Movie,Adventure,Drama,1963,172.0,U,English,USA,8.2,,12100000.0,,,False,2016-10-17,False,https://m.media-amazon.com/images/M/MV5BNzA2NmYxMWUtNzBlMC00MWM2LTkwNmQtYTFlZjQwODNhOWE0XkEyXkFqcGdeQXVyNTIzOTk5ODM@._V1_SX600.jpg,John Sturges,Allied prisoners of war plan for several hundred of their number to escape from a German camp during World War II.
movie_0181,To Kill a Mockingbird,Movie,Crime,Drama,1962,129.0,U,English,USA,8.2,,,,,False,2023-11-19,True,https://m.media-amazon.com/images/M/MV5BNmVmYzcwNzMtMWM1NS00MWIyLThlMDEtYzUwZDgzODE1NmE2XkEyXkFqcGdeQXVyNzkwMjQ5NzM@._V1_SX600.jpg,Robert Mulligan,"Atticus Finch, a lawyer in the Depression-era South, defends a black man against an undeserved rape charge, and his children against prejudice."
movie_0182,Yôjinbô,Movie,Action,Drama,1961,110.0,Not Rated,Japanese,Japan,8.2,,,,,False,2022-08-19,False,https://m.media-amazon.com/images/M/MV5BZThiZjAzZjgtNDU3MC00YThhLThjYWUtZGRkYjc2ZWZlOTVjXkEyXkFqcGdeQXVyNTA4NzY1MzY@._V1_SX600.jpg,Akira Kurosawa,A crafty ronin comes to a town divided by two criminal gangs and decides to play them against each other to free the town.
movie_0183,Judgment at Nuremberg,Movie,Drama,War,1961,179.0,A,English,USA,8.2,,,,,False,2019-09-26,True,https://m.media-amazon.com/images/M/MV5BNDc2ODQ5NTE2MV5BMl5BanBnXkFtZTcwODExMjUyNA@._V1_SX600.jpg,Stanley Kramer,"In 1948, an American court in occupied Germany tries four Nazis judged for war crimes."
movie_0184,Some Like It Hot,Movie,Comedy,Music,1959,121.0,U,English,USA,8.2,,25000000.0,,,False,2021-09-08,False,https://m.media-amazon.com/images/M/MV5BNzAyOGIxYjAtMGY2NC00ZTgyLWIwMWEtYzY0OWQ4NDFjOTc5XkEyXkFqcGdeQXVyNjU0OTQ0OTY@._V1_SX600.jpg,Billy Wilder,"After two male musicians witness a mob hit, they flee the state in an all-female band disguised as women, but further complications set in."
movie_0185,Smultronstället,Movie,Drama,Romance,1957,91.0,U,Swedish,Sweden,8.2,,,,,False,2015-09-18,False,https://m.media-amazon.com/images/M/MV5BZjJhNTBmNTgtMDViOC00NDY2LWE4N2ItMDJiM2ZiYmQzYzliXkEyXkFqcGdeQXVyMzg1ODEwNQ@._V1_SX600.jpg,Ingmar Bergman,"After living a life marked by coldness, an aging professor is forced to confront the emptiness of his existence."
movie_0186,Det sjunde inseglet,Movie,Drama,Fantasy,1957,96.0,A,Swedish,Sweden,8.2,,,,,False,2019-04-26,False,https://m.media-amazon.com/images/M/MV5BM2I1ZWU4YjMtYzU0My00YmMzLWFmNTAtZDJhZGYwMmI3YWQ5XkEyXkFqcGdeQXVyNjU0OTQ0OTY@._V1_SX600.jpg,Ingmar Bergman,"A man seeks answers about life, death, and the existence of God as he plays chess against the Grim Reaper during the Black Plague."
movie_0187,Du rififi chez les hommes,Movie,Crime,Drama,1955,118.0,Not Rated,French,France,8.2,,57226.0,,,False,2019-04-13,True,"https://m.media-amazon.com/images/M/MV5BNjZmZGRiMDgtNDkwNi00OTZhLWFhZmMtYTdkYjgyNThhOWY3XkEyXkFqcGdeQXVyMTA1NTM1NDI2._V1_UX67_CR0,0,67,98_AL_.jpg@._V1_SX600.jpg",Jules Dassin,"Four men plan a technically perfect crime, but the human element intervenes..."
movie_0188,Dial M for Murder,Movie,Crime,Thriller,1954,105.0,A,English,USA,8.2,,12562.0,,,False,2021-09-06,True,https://m.media-amazon.com/images/M/MV5BOWIwODIxYWItZDI4MS00YzhhLWE3MmYtMzlhZDIwOTMzZmE5L2ltYWdlXkEyXkFqcGdeQXVyNjc1NTYyMjg@._V1_SX600.jpg,Alfred Hitchcock,A former tennis player tries to arrange his wife's murder after learning of her affair.
movie_0189,Tôkyô monogatari,Movie,Drama,,1953,136.0,U,Japanese,Japan,8.2,,,,,False,2020-04-01,False,https://m.media-amazon.com/images/M/MV5BYWQ4ZTRiODktNjAzZC00Nzg1LTk1YWQtNDFmNDI0NmZiNGIwXkEyXkFqcGdeQXVyNzkwMjQ5NzM@._V1_SX600.jpg,Yasujirô Ozu,"An old couple visit their children and grandchildren in the city, but receive little attention."
movie_0190,Rashômon,Movie,Crime,Drama,1950,88.0,Not Rated,Japanese,Japan,8.2,,96568.0,,,False,2020-12-07,True,https://m.media-amazon.com/images/M/MV5BMjEzMzA4NDE2OF5BMl5BanBnXkFtZTcwNTc5MDI2NQ@._V1_SX600.jpg,Akira Kurosawa,"The rape of a bride and the murder of her samurai husband are recalled from the perspectives of a bandit, the bride, the samurai's ghost and a woodcutter."
movie_0191,All About Eve,Movie,Drama,,1950,138.0,Passed,English,USA,8.2,,10177.0,,,False,2017-10-26,False,https://m.media-amazon.com/images/M/MV5BMTY2MTAzODI5NV5BMl5BanBnXkFtZTgwMjM4NzQ0MjE@._V1_SX600.jpg,Joseph L. Mankiewicz,A seemingly timid but secretly ruthless ingénue insinuates herself into the lives of an aging Broadway star and her circle of theater friends.
movie_0192,The Treasure of the Sierra Madre,Movie,Adventure,Drama,1948,126.0,Passed,English,USA,8.2,,5014000.0,,,False,2025-11-21,False,https://m.media-amazon.com/images/M/MV5BOTJlZWMxYzEtMjlkMS00ODE0LThlM2ItMDI3NGQ2YjhmMzkxXkEyXkFqcGdeQXVyMDI2NDg0NQ@._V1_SX600.jpg,John Huston,Two Americans searching for work in Mexico convince an old prospector to help them mine for gold in the Sierra Madre Mountains.
movie_0193,To Be or Not to Be,Movie,Comedy,War,1942,99.0,Passed,English,USA,8.2,,,,,False,2021-03-16,True,https://m.media-amazon.com/images/M/MV5BYTIwNDcyMjktMTczMy00NDM5LTlhNDEtMmE3NGVjOTM2YjQ3XkEyXkFqcGdeQXVyNjc0MzMzNjA@._V1_SX600.jpg,Ernst Lubitsch,"During the Nazi occupation of Poland, an acting troupe becomes embroiled in a Polish soldier's efforts to track down a German spy."
movie_0194,The Gold Rush,Movie,Adventure,Comedy,1925,95.0,Passed,English,USA,8.2,,5450000.0,,,False,2024-08-26,False,https://m.media-amazon.com/images/M/MV5BZjEyOTE4MzMtNmMzMy00Mzc3LWJlOTQtOGJiNDE0ZmJiOTU4L2ltYWdlXkEyXkFqcGdeQXVyNTAyODkwOQ@._V1_SX600.jpg,Charles Chaplin,A prospector goes to the Klondike in search of gold and finds it and more.
movie_0195,Sherlock Jr.,Movie,Action,Comedy,1924,45.0,Passed,English,USA,8.2,,977375.0,,,False,2025-07-27,False,https://m.media-amazon.com/images/M/MV5BZWFhOGU5NDctY2Q3YS00Y2VlLWI1NzEtZmIwY2ZiZjY4OTA2XkEyXkFqcGdeQXVyMDI2NDg0NQ@._V1_SX600.jpg,Buster Keaton,"A film projectionist longs to be a detective, and puts his meagre skills to work when he is framed by a rival for stealing his girlfriend's father's pocketwatch."
movie_0196,Portrait de la jeune fille en feu,Movie,Drama,Romance,2019,122.0,R,French,France,8.1,,3759854.0,,,False,2015-02-17,False,https://m.media-amazon.com/images/M/MV5BNjgwNjkwOWYtYmM3My00NzI1LTk5OGItYWY0OTMyZTY4OTg2XkEyXkFqcGdeQXVyODk4OTc3MTY@._V1_SX600.jpg,Céline Sciamma,"On an isolated island in Brittany at the end of the eighteenth century, a female painter is obliged to paint a wedding portrait of a young woman."
movie_0197,Pink,Movie,Drama,Thriller,2016,136.0,UA,English,USA,8.1,,1241223.0,,,False,2022-08-18,False,https://m.media-amazon.com/images/M/MV5BNGI1MTI1YTQtY2QwYi00YzUzLTg3NWYtNzExZDlhOTZmZWU0XkEyXkFqcGdeQXVyMDkwNTkwNg@._V1_SX600.jpg,Aniruddha Roy Chowdhury,"When three young women are implicated in a crime, a retired lawyer steps forward to help them clear their names."
movie_0198,Koe no katachi,Movie,Animation,Drama,2016,130.0,16,Japanese,Japan,8.1,,,,,False,2023-01-31,False,https://m.media-amazon.com/images/M/MV5BZGRkOGMxYTUtZTBhYS00NzI3LWEzMDQtOWRhMmNjNjJjMzM4XkEyXkFqcGdeQXVyMTMxODk2OTU@._V1_SX600.jpg,Naoko Yamada,"A young man is ostracized by his classmates after he bullies a deaf girl to the point where she moves away. Years later, he sets off on a path for redemption."
movie_0199,Contratiempo,Movie,Crime,Drama,2016,106.0,TV-MA,English,USA,8.1,,,,,False,2016-04-14,True,https://m.media-amazon.com/images/M/MV5BMDk0YzAwYjktMWFiZi00Y2FmLWJmMmMtMzUyZDZmMmU5MjkzXkEyXkFqcGdeQXVyMTMxODk2OTU@._V1_SX600.jpg,Oriol Paulo,A successful entrepreneur accused of murder and a witness preparation expert have less than three hours to come up with an impregnable defense.
movie_0200,Ah-ga-ssi,Movie,Drama,Romance,2016,145.0,A,English,USA,8.1,,2006788.0,,,False,2022-08-24,False,https://m.media-amazon.com/images/M/MV5BNDJhYTk2MTctZmVmOS00OTViLTgxNjQtMzQxOTRiMDdmNGRjXkEyXkFqcGdeQXVyMTMxODk2OTU@._V1_SX600.jpg,Chan-wook Park,"A woman is hired as a handmaiden to a Japanese heiress, but secretly she is involved in a plot to defraud her."
movie_0201,Mommy,Movie,Drama,,2014,139.0,R,English,USA,8.1,,3492754.0,,,False,2024-12-03,False,https://m.media-amazon.com/images/M/MV5BMGI3YWFmNDQtNjc0Ny00ZDBjLThlNjYtZTc1ZTk5MzU2YTVjXkEyXkFqcGdeQXVyNzA4ODc3ODU@._V1_SX600.jpg,Xavier Dolan,"A widowed single mother, raising her violent son alone, finds new hope when a mysterious neighbor inserts herself into their household."
movie_0202,Haider,Movie,Action,Crime,2014,160.0,UA,English,USA,8.1,,901610.0,,,False,2021-01-08,True,https://m.media-amazon.com/images/M/MV5BMjA1NTEwMDMxMF5BMl5BanBnXkFtZTgwODkzMzI0MjE@._V1_SX600.jpg,Vishal Bhardwaj,"A young man returns to Kashmir after his father's disappearance to confront his uncle, whom he suspects of playing a role in his father's fate."
movie_0203,Logan,Movie,Action,Drama,2017,137.0,A,English,USA,8.1,,226277068.0,,,False,2023-06-03,False,https://m.media-amazon.com/images/M/MV5BYzc5MTU4N2EtYTkyMi00NjdhLTg3NWEtMTY4OTEyMzJhZTAzXkEyXkFqcGdeQXVyNjc1NTYyMjg@._V1_SX600.jpg,James Mangold,"In a future where mutants are nearly extinct, an elderly and weary Logan leads a quiet life. But when Laura, a mutant child pursued by scientists, comes to him for help, he must get her to safety."
movie_0204,Room,Movie,Drama,Thriller,2015,118.0,R,English,USA,8.1,,14677674.0,,,False,2017-12-28,False,https://m.media-amazon.com/images/M/MV5BMjE4NzgzNzEwMl5BMl5BanBnXkFtZTgwMTMzMDE0NjE@._V1_SX600.jpg,Lenny Abrahamson,"Held captive for 7 years in an enclosed space, a woman and her young son finally gain their freedom, allowing the boy to experience the outside world for the first time."
movie_0205,Relatos salvajes,Movie,Comedy,Drama,2014,122.0,R,English,USA,8.1,,3107072.0,,,False,2023-08-15,False,https://m.media-amazon.com/images/M/MV5BNGQzY2Y0MTgtMDA4OC00NjM3LWI0ZGQtNTJlM2UxZDQxZjI0XkEyXkFqcGdeQXVyNDUzOTQ5MjY@._V1_SX600.jpg,Damián Szifron,Six short stories that explore the extremities of human behavior involving people in distress.
movie_0206,Soul,Movie,Animation,Adventure,2020,100.0,U,English,USA,8.1,,,,,False,2022-03-10,False,https://m.media-amazon.com/images/M/MV5BZGE1MDg5M2MtNTkyZS00MTY5LTg1YzUtZTlhZmM1Y2EwNmFmXkEyXkFqcGdeQXVyNjA3OTI0MDc@._V1_SX600.jpg,Pete Docter,"After landing the gig of a lifetime, a New York jazz pianist suddenly finds himself trapped in a strange land between Earth and the afterlife."
movie_0207,Kis Uykusu,Movie,Drama,,2014,196.0,Not Rated,English,USA,8.1,,165520.0,,,False,2018-10-25,False,"https://m.media-amazon.com/images/M/MV5BYzE2MjEwMTQtOTQ2Mi00ZWExLTkyMjUtNmJjMjBlYWFjZDdlXkEyXkFqcGdeQXVyMTI3ODAyMzE2._V1_UY98_CR0,0,67,98_AL_.jpg@._V1_SX600.jpg",Nuri Bilge Ceylan,A hotel owner and landlord in a remote Turkish village deals with conflicts within his family and a tenant behind on his rent.
movie_0208,PK,Movie,Comedy,Drama,2014,153.0,UA,Hindi,India,8.1,,10616104.0,,,False,2016-04-01,False,https://m.media-amazon.com/images/M/MV5BMTYzOTE2NjkxN15BMl5BanBnXkFtZTgwMDgzMTg0MzE@._V1_SX600.jpg,Rajkumar Hirani,An alien on Earth loses the only device he can use to communicate with his spaceship. His innocent nature and child-like questions force the country to evaluate the impact of religion on its people.
movie_0209,OMG: Oh My God!,Movie,Comedy,Drama,2012,125.0,U,English,USA,8.1,,923221.0,,,False,2018-04-17,False,https://m.media-amazon.com/images/M/MV5BMGNhYjUwNmYtNDQxNi00NDdmLTljMDAtZWM1NDQyZTk3ZDYwXkEyXkFqcGdeQXVyODE5NzE3OTE@._V1_SX600.jpg,Umesh Shukla,A shopkeeper takes God to court when his shop is destroyed by an earthquake.
movie_0210,The Grand Budapest Hotel,Movie,Adventure,Comedy,2014,99.0,UA,English,USA,8.1,,59100318.0,,,False,2019-11-16,False,https://m.media-amazon.com/images/M/MV5BMzM5NjUxOTEyMl5BMl5BanBnXkFtZTgwNjEyMDM0MDE@._V1_SX600.jpg,Wes Anderson,"A writer encounters the owner of an aging high-class hotel, who tells him of his early years serving as a lobby boy in the hotel's glorious years under an exceptional concierge."
movie_0211,Gone Girl,Movie,Drama,Mystery,2014,149.0,A,English,USA,8.1,,167767189.0,,,False,2016-10-09,False,https://m.media-amazon.com/images/M/MV5BMTk0MDQ3MzAzOV5BMl5BanBnXkFtZTgwNzU1NzE3MjE@._V1_SX600.jpg,David Fincher,"With his wife's disappearance having become the focus of an intense media circus, a man sees the spotlight turned on him when it's suspected that he may not be innocent."
movie_0212,Ôkami kodomo no Ame to Yuki,Movie,Animation,Drama,2012,117.0,U,Japanese,Japan,8.1,,,,,False,2020-02-02,False,https://m.media-amazon.com/images/M/MV5BYzQxNDZhNDUtNDUwOC00NjQyLTg2OWUtZWVlYThjYjYyMTc2XkEyXkFqcGdeQXVyNTAyODkwOQ@._V1_SX600.jpg,Mamoru Hosoda,"After her werewolf lover unexpectedly dies in an accident while hunting for food for their children, a young woman must find ways to raise the werewolf son and daughter that she had with him while keeping their trait hidden from society."
movie_0213,Hacksaw Ridge,Movie,Biography,Drama,2016,139.0,A,English,USA,8.1,,67209615.0,,,False,2015-01-14,False,https://m.media-amazon.com/images/M/MV5BMjQ1NjM3MTUxNV5BMl5BanBnXkFtZTgwMDc5MTY5OTE@._V1_SX600.jpg,Mel Gibson,"World War II American Army Medic Desmond T. Doss, who served during the Battle of Okinawa, refuses to kill people, and becomes the first man in American history to receive the Medal of Honor without firing a shot."
movie_0214,Inside Out,Movie,Animation,Adventure,2015,95.0,U,English,USA,8.1,,356461711.0,,,False,2025-09-11,False,https://m.media-amazon.com/images/M/MV5BOTgxMDQwMDk0OF5BMl5BanBnXkFtZTgwNjU5OTg2NDE@._V1_SX600.jpg,Pete Docter,"After young Riley is uprooted from her Midwest life and moved to San Francisco, her emotions - Joy, Fear, Anger, Disgust and Sadness - conflict on how best to navigate a new city, house, and school."
movie_0215,Barfi!,Movie,Comedy,Drama,2012,151.0,U,English,USA,8.1,,2804874.0,,,False,2023-02-05,False,https://m.media-amazon.com/images/M/MV5BMTQzMTEyODY2Ml5BMl5BanBnXkFtZTgwMjA0MDUyMjE@._V1_SX600.jpg,Anurag Basu,Three young people learn that love can neither be defined nor contained by society's definition of normal and abnormal.
movie_0216,12 Years a Slave,Movie,Biography,Drama,2013,134.0,A,English,USA,8.1,,56671993.0,,,False,2024-10-27,False,https://m.media-amazon.com/images/M/MV5BMjExMTEzODkyN15BMl5BanBnXkFtZTcwNTU4NTc4OQ@._V1_SX600.jpg,Steve McQueen,"In the antebellum United States, Solomon Northup, a free black man from upstate New York, is abducted and sold into slavery."
movie_0217,Rush,Movie,Action,Biography,2013,123.0,UA,English,USA,8.1,,26947624.0,,,False,2023-01-26,False,https://m.media-amazon.com/images/M/MV5BOWEwODJmZDItYTNmZC00OGM4LThlNDktOTQzZjIzMGQxODA4XkEyXkFqcGdeQXVyNjU0OTQ0OTY@._V1_SX600.jpg,Ron Howard,The merciless 1970s rivalry between Formula One rivals James Hunt and Niki Lauda.
movie_0218,Ford v Ferrari,Movie,Action,Biography,2019,152.0,UA,English,USA,8.1,,117624028.0,,,False,2017-12-14,False,"https://m.media-amazon.com/images/M/MV5BM2UwMDVmMDItM2I2Yi00NGZmLTk4ZTUtY2JjNTQ3OGQ5ZjM2XkEyXkFqcGdeQXVyMTA1OTYzOTUx._V1_UX67_CR0,0,67,98_AL_.jpg@._V1_SX600.jpg",James Mangold,American car designer Carroll Shelby and driver Ken Miles battle corporate interference and the laws of physics to build a revolutionary race car for Ford in order to defeat Ferrari at the 24 Hours of Le Mans in 1966.
movie_0219,Spotlight,Movie,Biography,Crime,2015,129.0,A,English,USA,8.1,,45055776.0,,,False,2025-11-24,True,https://m.media-amazon.com/images/M/MV5BMjIyOTM5OTIzNV5BMl5BanBnXkFtZTgwMDkzODE2NjE@._V1_SX600.jpg,Tom McCarthy,"The true story of how the Boston Globe uncovered the massive scandal of child molestation and cover-up within the local Catholic Archdiocese, shaking the entire Catholic Church to its core."
movie_0220,Song of the Sea,Movie,Animation,Adventure,2014,93.0,PG,English,USA,8.1,,857524.0,,,False,2020-08-12,False,https://m.media-amazon.com/images/M/MV5BMTQ2MDMwNjEwNV5BMl5BanBnXkFtZTgwOTkxMzI0MzE@._V1_SX600.jpg,Tomm Moore,"Ben, a young Irish boy, and his little sister Saoirse, a girl who can turn into a seal, go on an adventure to free the fairies and save the spirit world."
movie_0221,Kahaani,Movie,Mystery,Thriller,2012,122.0,UA,English,USA,8.1,,1035953.0,,,False,2023-07-18,False,https://m.media-amazon.com/images/M/MV5BMTQ1NDI0NzkyOF5BMl5BanBnXkFtZTcwNzAyNzE2Nw@._V1_SX600.jpg,Sujoy Ghosh,"A pregnant woman's search for her missing husband takes her from London to Kolkata, but everyone she questions denies having ever met him."
movie_0222,Zindagi Na Milegi Dobara,Movie,Comedy,Drama,2011,155.0,U,English,USA,8.1,,3108485.0,,,False,2017-01-01,False,https://m.media-amazon.com/images/M/MV5BZGFmMjM5OWMtZTRiNC00ODhlLThlYTItYTcyZDMyYmMyYjFjXkEyXkFqcGdeQXVyNDUzOTQ5MjY@._V1_SX600.jpg,Zoya Akhtar,Three friends decide to turn their fantasy vacation into reality after one of their friends gets engaged.
movie_0223,Prisoners,Movie,Crime,Drama,2013,153.0,A,English,USA,8.1,,61002302.0,,,False,2020-09-10,True,https://m.media-amazon.com/images/M/MV5BMTg0NTIzMjQ1NV5BMl5BanBnXkFtZTcwNDc3MzM5OQ@._V1_SX600.jpg,Denis Villeneuve,"When Keller Dover's daughter and her friend go missing, he takes matters into his own hands as the police pursue multiple leads and the pressure mounts."
movie_0224,Mad Max: Fury Road,Movie,Action,Adventure,2015,120.0,UA,English,USA,8.1,,154058340.0,,,False,2025-03-27,False,https://m.media-amazon.com/images/M/MV5BN2EwM2I5OWMtMGQyMi00Zjg1LWJkNTctZTdjYTA4OGUwZjMyXkEyXkFqcGdeQXVyMTMxODk2OTU@._V1_SX600.jpg,George Miller,"In a post-apocalyptic wasteland, a woman rebels against a tyrannical ruler in search for her homeland with the aid of a group of female prisoners, a psychotic worshiper, and a drifter named Max."
movie_0225,A Wednesday,Movie,Action,Crime,2008,104.0,UA,English,USA,8.1,,,,,False,2016-03-11,True,https://m.media-amazon.com/images/M/MV5BOTcwMzdiMWItMjZlOS00MzAzLTg5OTItNTA4OGYyMjBhMmRiXkEyXkFqcGdeQXVyODE5NzE3OTE@._V1_SX600.jpg,Neeraj Pandey,A retiring police officer reminisces about the most astounding day of his career. About a case that was never filed but continues to haunt him in his memories - the case of a man and a Wednesday.
movie_0226,Gran Torino,Movie,Drama,,2008,116.0,R,English,USA,8.1,,148095302.0,,,False,2024-10-05,False,https://m.media-amazon.com/images/M/MV5BMTc5NTk2OTU1Nl5BMl5BanBnXkFtZTcwMDc3NjAwMg@._V1_SX600.jpg,Clint Eastwood,"Disgruntled Korean War veteran Walt Kowalski sets out to reform his neighbor, Thao Lor, a Hmong teenager who tried to steal Kowalski's prized possession: a 1972 Gran Torino."
movie_0227,Harry Potter and the Deathly Hallows: Part 2,Movie,Adventure,Drama,2011,130.0,UA,English,USA,8.1,,381011219.0,,,False,2022-01-05,False,https://m.media-amazon.com/images/M/MV5BMGVmMWNiMDktYjQ0Mi00MWIxLTk0N2UtN2ZlYTdkN2IzNDNlXkEyXkFqcGdeQXVyODE5NzE3OTE@._V1_SX600.jpg,David Yates,"Harry, Ron, and Hermione search for Voldemort's remaining Horcruxes in their effort to destroy the Dark Lord as the final battle rages on at Hogwarts."
movie_0228,Okuribito,Movie,Drama,Music,2008,130.0,PG-13,English,USA,8.1,,1498210.0,,,False,2018-05-07,False,https://m.media-amazon.com/images/M/MV5BMTUzOTcwOTA2NV5BMl5BanBnXkFtZTcwNDczMzczMg@._V1_SX600.jpg,Yôjirô Takita,A newly unemployed cellist takes a job preparing the dead for funerals.
movie_0229,Hachi: A Dog's Tale,Movie,Biography,Drama,2009,93.0,G,English,USA,8.1,,,,,False,2024-06-09,False,https://m.media-amazon.com/images/M/MV5BNzE4NDg5OWMtMzg3NC00ZDRjLTllMDMtZTRjNWZmNjBmMGZlXkEyXkFqcGdeQXVyMTMxODk2OTU@._V1_SX600.jpg,Lasse Hallström,A college professor bonds with an abandoned dog he takes into his home.
movie_0230,Mary and Max,Movie,Animation,Comedy,2009,92.0,Not Rated,English,USA,8.1,,,,,False,2022-03-02,False,https://m.media-amazon.com/images/M/MV5BMDgzYjQwMDMtNGUzYi00MTRmLWIyMGMtNjE1OGZkNzY2YWIzL2ltYWdlXkEyXkFqcGdeQXVyNjU0OTQ0OTY@._V1_SX600.jpg,Adam Elliot,"A tale of friendship between two unlikely pen pals: Mary, a lonely, eight-year-old girl living in the suburbs of Melbourne, and Max, a forty-four-year old, severely obese man living in New York."
movie_0231,How to Train Your Dragon,Movie,Animation,Action,2010,98.0,U,English,USA,8.1,,217581231.0,,,False,2020-09-10,False,https://m.media-amazon.com/images/M/MV5BMjA5NDQyMjc2NF5BMl5BanBnXkFtZTcwMjg5ODcyMw@._V1_SX600.jpg,Dean DeBlois,"A hapless young Viking who aspires to hunt dragons becomes the unlikely friend of a young dragon himself, and learns there may be more to the creatures than he assumed."
movie_0232,Into the Wild,Movie,Adventure,Biography,2007,148.0,R,English,USA,8.1,,18354356.0,,,False,2021-10-30,False,https://m.media-amazon.com/images/M/MV5BMTAwNDEyODU1MjheQTJeQWpwZ15BbWU2MDc3NDQwNw@._V1_SX600.jpg,Sean Penn,"After graduating from Emory University, top student and athlete Christopher McCandless abandons his possessions, gives his entire $24,000 savings account to charity and hitchhikes to Alaska to live in the wilderness. Along the way, Christopher encounters a series of characters that shape his life."
movie_0233,No Country for Old Men,Movie,Crime,Drama,2007,122.0,R,English,USA,8.1,,74283625.0,,,False,2017-03-25,True,https://m.media-amazon.com/images/M/MV5BMjA5Njk3MjM4OV5BMl5BanBnXkFtZTcwMTc5MTE1MQ@._V1_SX600.jpg,Ethan Coen,Violence and mayhem ensue after a hunter stumbles upon a drug deal gone wrong and more than two million dollars in cash near the Rio Grande.
movie_0234,Lage Raho Munna Bhai,Movie,Comedy,Drama,2006,144.0,U,English,USA,8.1,,2217561.0,,,False,2016-09-18,False,https://m.media-amazon.com/images/M/MV5BN2ZmMDMwODgtMzA5MS00MGU0LWEyYTgtYzQ5MmQzMzU2NTVkXkEyXkFqcGdeQXVyODE5NzE3OTE@._V1_SX600.jpg,Rajkumar Hirani,Munna Bhai embarks on a journey with Mahatma Gandhi in order to fight against a corrupt property dealer.
movie_0235,Million Dollar Baby,Movie,Drama,Sport,2004,132.0,UA,English,USA,8.1,,100492203.0,,,False,2019-03-12,False,https://m.media-amazon.com/images/M/MV5BMTkxNzA1NDQxOV5BMl5BanBnXkFtZTcwNTkyMTIzMw@._V1_SX600.jpg,Clint Eastwood,A determined woman works with a hardened boxing trainer to become a professional.
movie_0236,Hotel Rwanda,Movie,Biography,Drama,2004,121.0,PG-13,English,USA,8.1,,23530892.0,,,False,2023-07-21,False,https://m.media-amazon.com/images/M/MV5BZGJjYmIzZmQtNWE4Yy00ZGVmLWJkZGEtMzUzNmQ4ZWFlMjRhXkEyXkFqcGdeQXVyMTMxODk2OTU@._V1_SX600.jpg,Terry George,"Paul Rusesabagina, a hotel manager, houses over a thousand Tutsi refugees during their struggle against the Hutu militia in Rwanda, Africa."
movie_0237,Taegukgi hwinalrimyeo,Movie,Action,Drama,2004,140.0,R,English,USA,8.1,,1111061.0,,,False,2016-10-23,False,https://m.media-amazon.com/images/M/MV5BNjAxZTEzNzQtYjdlNy00ZTJmLTkwZDUtOTAwNTM3YjI2MWUyL2ltYWdlXkEyXkFqcGdeQXVyNTAyODkwOQ@._V1_SX600.jpg,Je-kyu Kang,"When two brothers are forced to fight in the Korean War, the elder decides to take the riskiest missions if it will help shield the younger from battle."
movie_0238,Before Sunset,Movie,Drama,Romance,2004,80.0,R,English,USA,8.1,,5820649.0,,,False,2021-01-18,False,"https://m.media-amazon.com/images/M/MV5BMTQ1MjAwNTM5Ml5BMl5BanBnXkFtZTYwNDM0MTc3._V1_UX67_CR0,0,67,98_AL_.jpg@._V1_SX600.jpg",Richard Linklater,"Nine years after Jesse and Celine first met, they encounter each other again on the French leg of Jesse's book tour."
movie_0239,Munna Bhai M.B.B.S.,Movie,Comedy,Drama,2003,156.0,U,English,USA,8.1,,,,,False,2025-09-10,False,https://m.media-amazon.com/images/M/MV5BMzQ4MTBlYTQtMzJkYS00OGNjLTk1MWYtNzQ0OTQ0OWEyOWU1XkEyXkFqcGdeQXVyNDgyODgxNjE@._V1_SX600.jpg,Rajkumar Hirani,A gangster sets out to fulfill his father's dream of becoming a doctor.
movie_0240,Salinui chueok,Movie,Crime,Drama,2003,131.0,UA,Korean,South Korea,8.1,,14131.0,,,False,2023-09-25,True,https://m.media-amazon.com/images/M/MV5BOGViNTg4YTktYTQ2Ni00MTU0LTk2NWUtMTI4OTc1YTM0NzQ2XkEyXkFqcGdeQXVyMDM2NDM2MQ@._V1_SX600.jpg,Bong Joon Ho,"In a small Korean province in 1986, two detectives struggle with the case of multiple young women being found raped and murdered by an unknown culprit."
movie_0241,Dil Chahta Hai,Movie,Comedy,Drama,2001,183.0,Unrated,English,USA,8.1,,300000.0,,,False,2025-05-06,False,https://m.media-amazon.com/images/M/MV5BMjRjMTYwMTYtMmRkNi00MmVkLWE0MjQtNmM3YjI0NWFhZDNmXkEyXkFqcGdeQXVyODE5NzE3OTE@._V1_SX600.jpg,Farhan Akhtar,"Three inseparable childhood friends are just out of college. Nothing comes between them - until they each fall in love, and their wildly different approaches to relationships creates tension."
movie_0242,Kill Bill: Vol. 1,Movie,Action,Crime,2003,111.0,R,English,USA,8.1,,70099045.0,,,False,2020-12-12,True,https://m.media-amazon.com/images/M/MV5BNzM3NDFhYTAtYmU5Mi00NGRmLTljYjgtMDkyODQ4MjNkMGY2XkEyXkFqcGdeQXVyNzkwMjQ5NzM@._V1_SX600.jpg,Quentin Tarantino,"After awakening from a four-year coma, a former assassin wreaks vengeance on the team of assassins who betrayed her."
movie_0243,Finding Nemo,Movie,Animation,Adventure,2003,100.0,U,English,USA,8.1,,380843261.0,,,False,2025-04-20,False,https://m.media-amazon.com/images/M/MV5BZTAzNWZlNmUtZDEzYi00ZjA5LWIwYjEtZGM1NWE1MjE4YWRhXkEyXkFqcGdeQXVyNjU0OTQ0OTY@._V1_SX600.jpg,Andrew Stanton,"After his son is captured in the Great Barrier Reef and taken to Sydney, a timid clownfish sets out on a journey to bring him home."
movie_0244,Catch Me If You Can,Movie,Biography,Crime,2002,141.0,A,English,USA,8.1,,164615351.0,,,False,2015-01-03,True,"https://m.media-amazon.com/images/M/MV5BMTY5MzYzNjc5NV5BMl5BanBnXkFtZTYwNTUyNTc2._V1_UX67_CR0,0,67,98_AL_.jpg@._V1_SX600.jpg",Steven Spielberg,"Barely 21 yet, Frank is a skilled forger who has passed as a doctor, lawyer and pilot. FBI agent Carl becomes obsessed with tracking down the con man, who only revels in the pursuit."
movie_0245,Amores perros,Movie,Drama,Thriller,2000,154.0,A,Spanish,Mexico,8.1,,5383834.0,,,False,2021-09-19,False,"https://m.media-amazon.com/images/M/MV5BMjQxMWJhMzMtMzllZi00NzMwLTllYjktNTcwZmU4ZmU3NTA0XkEyXkFqcGdeQXVyMTAzMDM4MjM0._V1_UY98_CR3,0,67,98_AL_.jpg@._V1_SX600.jpg",Alejandro G. Iñárritu,"A horrific car accident connects three stories, each involving characters dealing with loss, regret, and life's harsh realities, all in the name of love."
movie_0246,"Monsters, Inc.",Movie,Animation,Adventure,2001,92.0,U,English,USA,8.1,,289916256.0,,,False,2018-08-20,False,https://m.media-amazon.com/images/M/MV5BMTY1NTI0ODUyOF5BMl5BanBnXkFtZTgwNTEyNjQ0MDE@._V1_SX600.jpg,Pete Docter,"In order to power the city, monsters have to scare children so that they scream. However, the children are toxic to the monsters, and after a child gets through, 2 monsters realize things may not be what they think."
movie_0247,"Shin seiki Evangelion Gekijô-ban: Air/Magokoro wo, kimi ni",Movie,Animation,Action,1997,87.0,UA,Japanese,Japan,8.1,,,,,False,2020-06-24,False,"https://m.media-amazon.com/images/M/MV5BZjJhMThkNTQtNjkxNy00MDdjLTg4MWQtMTI2MmQ3MDVmODUzXkEyXkFqcGdeQXVyMTAwOTA3NzY3._V1_UY98_CR1,0,67,98_AL_.jpg@._V1_SX600.jpg",Hideaki Anno,Concurrent theatrical ending of the TV series Shin seiki evangerion (1995).
movie_0248,Lagaan: Once Upon a Time in India,Movie,Adventure,Drama,2001,224.0,U,Hindi,India,8.1,,70147.0,,,False,2015-03-21,False,https://m.media-amazon.com/images/M/MV5BNDYxNWUzZmYtOGQxMC00MTdkLTkxOTctYzkyOGIwNWQxZjhmXkEyXkFqcGdeQXVyNjU0OTQ0OTY@._V1_SX600.jpg,Ashutosh Gowariker,The people of a small village in Victorian India stake their future on a game of cricket against their ruthless British rulers.
movie_0249,The Sixth Sense,Movie,Drama,Mystery,1999,107.0,A,English,USA,8.1,,293506292.0,,,False,2016-04-03,False,https://m.media-amazon.com/images/M/MV5BMWM4NTFhYjctNzUyNi00NGMwLTk3NTYtMDIyNTZmMzRlYmQyXkEyXkFqcGdeQXVyMTAwMzUyOTc@._V1_SX600.jpg,M. Night Shyamalan,A boy who communicates with spirits seeks the help of a disheartened child psychologist.
movie_0250,La leggenda del pianista sull'oceano,Movie,Drama,Music,1998,169.0,U,English,USA,8.1,,259127.0,,,False,2025-06-02,False,https://m.media-amazon.com/images/M/MV5BMzIwOTdmNjQtOWQ1ZS00ZWQ4LWIxYTMtOWFkM2NjODJiMGY4L2ltYWdlL2ltYWdlXkEyXkFqcGdeQXVyNTI4MjkwNjA@._V1_SX600.jpg,Giuseppe Tornatore,"A baby boy, discovered in 1900 on an ocean liner, grows into a musical prodigy, never setting foot on land."
movie_0251,The Truman Show,Movie,Comedy,Drama,1998,103.0,U,English,USA,8.1,,125618201.0,,,False,2019-01-26,False,https://m.media-amazon.com/images/M/MV5BMDIzODcyY2EtMmY2MC00ZWVlLTgwMzAtMjQwOWUyNmJjNTYyXkEyXkFqcGdeQXVyNDk3NzU2MTQ@._V1_SX600.jpg,Peter Weir,An insurance salesman discovers his whole life is actually a reality TV show.
movie_0252,"Crna macka, beli macor",Movie,Comedy,Crime,1998,127.0,R,English,USA,8.1,,348660.0,,,False,2024-11-08,True,https://m.media-amazon.com/images/M/MV5BMmExZTZhN2QtMzg5Mi00Y2M5LTlmMWYtNTUzMzUwMGM2OGQ3XkEyXkFqcGdeQXVyNTA4NzY1MzY@._V1_SX600.jpg,Emir Kusturica,Matko and his son Zare live on the banks of the Danube river and get by through hustling and basically doing anything to make a living. In order to pay off a business debt Matko agrees to marry off Zare to the sister of a local gangster.
movie_0253,The Big Lebowski,Movie,Comedy,Crime,1998,117.0,R,English,USA,8.1,,17498804.0,,,False,2024-04-29,True,https://m.media-amazon.com/images/M/MV5BMTQ0NjUzMDMyOF5BMl5BanBnXkFtZTgwODA1OTU0MDE@._V1_SX600.jpg,Joel Coen,"Jeff ""The Dude"" Lebowski, mistaken for a millionaire of the same name, seeks restitution for his ruined rug and enlists his bowling buddies to help get it."
movie_0254,Fa yeung nin wah,Movie,Drama,Romance,2000,98.0,U,English,USA,8.1,,2734044.0,,,False,2024-01-18,False,https://m.media-amazon.com/images/M/MV5BYjZjODRlMjQtMjJlYy00ZDBjLTkyYTQtZGQxZTk5NzJhYmNmXkEyXkFqcGdeQXVyMTQxNzMzNDI@._V1_SX600.jpg,Kar-Wai Wong,"Two neighbors, a woman and a man, form a strong bond after both suspect extramarital activities of their spouses. However, they agree to keep their bond platonic so as not to commit similar wrongs."
movie_0255,Trainspotting,Movie,Drama,,1996,93.0,A,English,USA,8.1,,16501785.0,,,False,2018-06-13,False,https://m.media-amazon.com/images/M/MV5BMzA5Zjc3ZTMtMmU5YS00YTMwLWI4MWUtYTU0YTVmNjVmODZhXkEyXkFqcGdeQXVyNjU0OTQ0OTY@._V1_SX600.jpg,Danny Boyle,"Renton, deeply immersed in the Edinburgh drug scene, tries to clean up and get out, despite the allure of the drugs and influence of friends."
movie_0256,Fargo,Movie,Crime,Drama,1996,98.0,A,English,USA,8.1,,24611975.0,,,False,2017-09-07,True,https://m.media-amazon.com/images/M/MV5BNDJiZDgyZjctYmRjMS00ZjdkLTkwMTEtNGU1NDg3NDQ0Yzk1XkEyXkFqcGdeQXVyNzkwMjQ5NzM@._V1_SX600.jpg,Joel Coen,Jerry Lundegaard's inept crime falls apart due to his and his henchmen's bungling and the persistent police work of the quite pregnant Marge Gunderson.
movie_0257,Underground,Movie,Comedy,Drama,1995,170.0,Not Rated,English,USA,8.1,,171082.0,,,False,2015-08-26,False,https://m.media-amazon.com/images/M/MV5BNzI4YTVmMWEtMWQ3MS00OGE1LWE5YjMtNjc4NWJmYjRmZTQyXkEyXkFqcGdeQXVyNTA4NzY1MzY@._V1_SX600.jpg,Emir Kusturica,"A group of Serbian socialists prepares for the war in a surreal underground filled by parties, tragedies, love and hate."
movie_0258,La haine,Movie,Crime,Drama,1995,98.0,UA,French,France,8.1,,309811.0,,,False,2017-09-13,True,https://m.media-amazon.com/images/M/MV5BNDNiOTA5YjktY2Q0Ni00ODgzLWE5MWItNGExOWRlYjY2MjBlXkEyXkFqcGdeQXVyNjQ2MjQ5NzM@._V1_SX600.jpg,Mathieu Kassovitz,24 hours in the lives of three young men in the French suburbs the day after a violent riot.
movie_0259,Dilwale Dulhania Le Jayenge,Movie,Drama,Romance,1995,189.0,U,Hindi,India,8.1,,,,,False,2024-11-05,False,https://m.media-amazon.com/images/M/MV5BYmNjYzRlM2YtZTZjZC00ODVmLTljZWMtODg1YmYyNDBiNzU3XkEyXkFqcGdeQXVyNTkzNDQ4ODc@._V1_SX600.jpg,Aditya Chopra,"When Raj meets Simran in Europe, it isn't love at first sight but when Simran moves to India for an arranged marriage, love makes its presence felt."
movie_0260,Before Sunrise,Movie,Drama,Romance,1995,101.0,R,English,USA,8.1,,5535405.0,,,False,2021-05-12,False,https://m.media-amazon.com/images/M/MV5BZDdiZTAwYzAtMDI3Ni00OTRjLTkzN2UtMGE3MDMyZmU4NTU4XkEyXkFqcGdeQXVyNjU0OTQ0OTY@._V1_SX600.jpg,Richard Linklater,"A young man and woman meet on a train in Europe, and wind up spending one evening together in Vienna. Unfortunately, both know that this will probably be their only night together."
movie_0261,Trois couleurs: Rouge,Movie,Drama,Mystery,1994,99.0,U,French,France,8.1,,4043686.0,,,False,2025-08-14,False,https://m.media-amazon.com/images/M/MV5BYTg1MmNiMjItMmY4Yy00ZDQ3LThjMzYtZGQ0ZTQzNTdkMGQ1L2ltYWdlL2ltYWdlXkEyXkFqcGdeQXVyMTQxNzMzNDI@._V1_SX600.jpg,Krzysztof Kieslowski,A model discovers a retired judge is keen on invading people's privacy.
movie_0262,Chung Hing sam lam,Movie,Comedy,Crime,1994,102.0,U,English,USA,8.1,,600200.0,,,False,2015-11-19,True,https://m.media-amazon.com/images/M/MV5BMGQ5MzljNzYtMDM1My00NmI0LThlYzQtMTg0ZmQ0MTk1YjkxXkEyXkFqcGdeQXVyNTAyODkwOQ@._V1_SX600.jpg,Kar-Wai Wong,"Two melancholy Hong Kong policemen fall in love: one with a mysterious female underworld figure, the other with a beautiful and ethereal server at a late-night restaurant he frequents."
movie_0263,Jurassic Park,Movie,Action,Adventure,1993,127.0,UA,English,USA,8.1,,402453882.0,,,False,2015-12-17,False,https://m.media-amazon.com/images/M/MV5BMjM2MDgxMDg0Nl5BMl5BanBnXkFtZTgwNTM2OTM5NDE@._V1_SX600.jpg,Steven Spielberg,A pragmatic paleontologist visiting an almost complete theme park is tasked with protecting a couple of kids after a power failure causes the park's cloned dinosaurs to run loose.
movie_0264,In the Name of the Father,Movie,Biography,Crime,1993,133.0,UA,English,USA,8.1,,25010410.0,,,False,2023-03-17,True,https://m.media-amazon.com/images/M/MV5BMmYyOTgwYWItYmU3Ny00M2E2LTk0NWMtMDVlNmQ0MWZiMTMxXkEyXkFqcGdeQXVyNzkwMjQ5NzM@._V1_SX600.jpg,Jim Sheridan,A man's coerced confession to an I.R.A. bombing he did not commit results in the imprisonment of his father as well. An English lawyer fights to free them.
movie_0265,Ba wang bie ji,Movie,Drama,Music,1993,171.0,R,English,USA,8.1,,5216888.0,,,False,2020-06-13,False,https://m.media-amazon.com/images/M/MV5BYmFhZmM3Y2MtNDA1Ny00NjkzLWJkM2EtYWU1ZjEwYmNjZDQ0XkEyXkFqcGdeQXVyMTMxMTY0OTQ@._V1_SX600.jpg,Kaige Chen,Two boys meet at an opera training school in Peking in 1924. Their resulting friendship will span nearly 70 years and will endure some of the most troublesome times in China's history.
movie_0266,Dà hóng denglong gaogao guà,Movie,Drama,History,1991,125.0,PG,Mandarin,China,8.1,,2603061.0,,,False,2024-02-25,False,https://m.media-amazon.com/images/M/MV5BMjEzNjY5NDcwNV5BMl5BanBnXkFtZTcwNzEwMzg4NA@._V1_SX600.jpg,Yimou Zhang,"A young woman becomes the fourth wife of a wealthy lord, and must learn to live with the strict rules and tensions within the household."
movie_0267,Dead Poets Society,Movie,Comedy,Drama,1989,128.0,U,English,USA,8.1,,95860116.0,,,False,2015-10-11,False,https://m.media-amazon.com/images/M/MV5BOGYwYWNjMzgtNGU4ZC00NWQ2LWEwZjUtMzE1Zjc3NjY3YTU1XkEyXkFqcGdeQXVyMTQxNzMzNDI@._V1_SX600.jpg,Peter Weir,Maverick teacher John Keating uses poetry to embolden his boarding school students to new heights of self-expression.
movie_0268,Stand by Me,Movie,Adventure,Drama,1986,89.0,U,English,USA,8.1,,52287414.0,,,False,2025-12-19,False,https://m.media-amazon.com/images/M/MV5BODJmY2Y2OGQtMDg2My00N2Q3LWJmZTUtYTc2ODBjZDVlNDlhXkEyXkFqcGdeQXVyMTQxNzMzNDI@._V1_SX600.jpg,Rob Reiner,"After the death of one of his friends, a writer recounts a childhood journey with his friends to find the body of a missing boy."
movie_0269,Platoon,Movie,Drama,War,1986,120.0,A,English,USA,8.1,,138530565.0,,,False,2023-07-13,True,https://m.media-amazon.com/images/M/MV5BMzRjZjdlMjQtODVkYS00N2YzLWJlYWYtMGVlN2E5MWEwMWQzXkEyXkFqcGdeQXVyMTQxNzMzNDI@._V1_SX600.jpg,Oliver Stone,"Chris Taylor, a neophyte recruit in Vietnam, finds himself caught in a battle of wills between two sergeants, one good and the other evil. A shrewd examination of the brutality of war and the duality of man in conflict."
movie_0270,"Paris, Texas",Movie,Drama,,1984,145.0,U,English,USA,8.1,,2181987.0,,,False,2020-12-21,False,https://m.media-amazon.com/images/M/MV5BM2RjMmU3ZWItYzBlMy00ZmJkLWE5YzgtNTVkODdhOWM3NGZhXkEyXkFqcGdeQXVyNDA5Mjg5MjA@._V1_SX600.jpg,Wim Wenders,"Travis Henderson, an aimless drifter who has been missing for four years, wanders out of the desert and must reconnect with society, himself, his life, and his family."
movie_0271,Kaze no tani no Naushika,Movie,Animation,Adventure,1984,117.0,U,Japanese,Japan,8.1,,495770.0,,,False,2023-08-03,False,https://m.media-amazon.com/images/M/MV5BZWFkN2ZhODAtYTNkZS00Y2NjLWIzNDYtNzJjNDNlMzAyNTIyXkEyXkFqcGdeQXVyODEzNjM5OTQ@._V1_SX600.jpg,Hayao Miyazaki,Warrior and pacifist Princess Nausicaä desperately struggles to prevent two warring nations from destroying themselves and their dying planet.
movie_0272,The Thing,Movie,Horror,Mystery,1982,109.0,A,English,USA,8.1,,13782838.0,,,False,2016-05-30,True,https://m.media-amazon.com/images/M/MV5BNGViZWZmM2EtNGYzZi00ZDAyLTk3ODMtNzIyZTBjN2Y1NmM1XkEyXkFqcGdeQXVyNTAyODkwOQ@._V1_SX600.jpg,John Carpenter,A research team in Antarctica is hunted by a shape-shifting alien that assumes the appearance of its victims.
movie_0273,Pink Floyd: The Wall,Movie,Drama,Fantasy,1982,95.0,UA,English,USA,8.1,,22244207.0,,,False,2016-06-09,False,https://m.media-amazon.com/images/M/MV5BZDhlZTYxOTYtYTk3Ny00ZDljLTk3ZmItZTcxZWU5YTIyYmFkXkEyXkFqcGdeQXVyMTQxNzMzNDI@._V1_SX600.jpg,Alan Parker,A confined but troubled rock star descends into madness in the midst of his physical and social isolation from everyone.
movie_0274,Fitzcarraldo,Movie,Adventure,Drama,1982,158.0,R,German,Germany,8.1,,,,,False,2022-05-26,False,https://m.media-amazon.com/images/M/MV5BYjIzNTYxMTctZjAwNS00YzI3LWExMGMtMGQxNGM5ZTc1NzhlXkEyXkFqcGdeQXVyMTQxNzMzNDI@._V1_SX600.jpg,Werner Herzog,"The story of Brian Sweeney Fitzgerald, an extremely determined man who intends to build an opera house in the middle of a jungle."
movie_0275,Fanny och Alexander,Movie,Drama,,1982,188.0,A,Swedish,Sweden,8.1,,4971340.0,,,False,2020-04-30,False,https://m.media-amazon.com/images/M/MV5BZmQzMDE5ZWQtOTU3ZS00ZjdhLWI0OTctZDNkODk4YThmOTRhL2ltYWdlXkEyXkFqcGdeQXVyNjc1NTYyMjg@._V1_SX600.jpg,Ingmar Bergman,"Two young Swedish children experience the many comedies and tragedies of their family, the Ekdahls."
movie_0276,Blade Runner,Movie,Action,Sci-Fi,1982,117.0,UA,English,USA,8.1,,32868943.0,,,False,2025-08-14,False,https://m.media-amazon.com/images/M/MV5BNzQzMzJhZTEtOWM4NS00MTdhLTg0YjgtMjM4MDRkZjUwZDBlXkEyXkFqcGdeQXVyNjU0OTQ0OTY@._V1_SX600.jpg,Ridley Scott,"A blade runner must pursue and terminate four replicants who stole a ship in space, and have returned to Earth to find their creator."
movie_0277,The Elephant Man,Movie,Biography,Drama,1980,124.0,UA,English,USA,8.1,,,,,False,2021-03-01,False,https://m.media-amazon.com/images/M/MV5BMDVjNjIwOGItNDE3Ny00OThjLWE0NzQtZTU3YjMzZTZjMzhkXkEyXkFqcGdeQXVyMTQxNzMzNDI@._V1_SX600.jpg,David Lynch,"A Victorian surgeon rescues a heavily disfigured man who is mistreated while scraping a living as a side-show freak. Behind his monstrous façade, there is revealed a person of kindness, intelligence and sophistication."
movie_0278,Life of Brian,Movie,Comedy,,1979,94.0,R,English,USA,8.1,,20045115.0,,,False,2016-11-07,False,https://m.media-amazon.com/images/M/MV5BMzAwNjU1OTktYjY3Mi00NDY5LWFlZWUtZjhjNGE0OTkwZDkwXkEyXkFqcGdeQXVyMTQxNzMzNDI@._V1_SX600.jpg,Terry Jones,"Born on the original Christmas in the stable next door to Jesus Christ, Brian of Nazareth spends his life being mistaken for a messiah."
movie_0279,The Deer Hunter,Movie,Drama,War,1978,183.0,A,English,USA,8.1,,48979328.0,,,False,2017-12-21,True,https://m.media-amazon.com/images/M/MV5BNDhmNTA0ZDMtYjhkNS00NzEzLWIzYTItOGNkMTVmYjE2YmI3XkEyXkFqcGdeQXVyNzkwMjQ5NzM@._V1_SX600.jpg,Michael Cimino,An in-depth examination of the ways in which the U.S. Vietnam War impacts and disrupts the lives of people in a small industrial town in Pennsylvania.
movie_0280,Rocky,Movie,Drama,Sport,1976,120.0,U,English,USA,8.1,,117235247.0,,,False,2020-12-01,False,https://m.media-amazon.com/images/M/MV5BMTY5MDMzODUyOF5BMl5BanBnXkFtZTcwMTQ3NTMyNA@._V1_SX600.jpg,John G. Avildsen,A small-time boxer gets a supremely rare chance to fight a heavy-weight champion in a bout in which he strives to go the distance for his self-respect.
movie_0281,Network,Movie,Drama,,1976,121.0,UA,English,USA,8.1,,,,,False,2024-10-13,False,https://m.media-amazon.com/images/M/MV5BZGNjYjM2MzItZGQzZi00NmY3LTgxOGUtMTQ2MWQxNWQ2MmMwXkEyXkFqcGdeQXVyNzM0MTUwNTY@._V1_SX600.jpg,Sidney Lumet,A television network cynically exploits a deranged former anchor's ravings and revelations about the news media for its own profit.
movie_0282,Barry Lyndon,Movie,Adventure,Drama,1975,185.0,PG,English,USA,8.1,,,,,False,2021-10-20,False,https://m.media-amazon.com/images/M/MV5BNmY0MWY2NDctZDdmMi00MjA1LTk0ZTQtZDMyZTQ1NTNlYzVjXkEyXkFqcGdeQXVyMjUzOTY1NTc@._V1_SX600.jpg,Stanley Kubrick,An Irish rogue wins the heart of a rich widow and assumes her dead husband's aristocratic position in 18th-century England.
movie_0283,Zerkalo,Movie,Biography,Drama,1975,107.0,G,Russian,Soviet Union,8.1,,177345.0,,,False,2019-09-30,False,https://m.media-amazon.com/images/M/MV5BMTg1MDg3OTk3M15BMl5BanBnXkFtZTgwMDEzMzE5MTE@._V1_SX600.jpg,Andrei Tarkovsky,"A dying man in his forties remembers his past. His childhood, his mother, the war, personal moments and things that tell of the recent history of all the Russian nation."
movie_0284,Chinatown,Movie,Drama,Mystery,1974,130.0,UA,English,USA,8.1,,29000000.0,,,False,2025-10-25,False,https://m.media-amazon.com/images/M/MV5BOGMwYmY5ZmEtMzY1Yi00OWJiLTk1Y2MtMzI2MjBhYmZkNTQ0XkEyXkFqcGdeQXVyNzkwMjQ5NzM@._V1_SX600.jpg,Roman Polanski,"A private detective hired to expose an adulterer finds himself caught up in a web of deceit, corruption, and murder."
movie_0285,Paper Moon,Movie,Comedy,Crime,1973,102.0,U,English,USA,8.1,,30933743.0,,,False,2017-05-17,True,https://m.media-amazon.com/images/M/MV5BOWVmYzQwY2MtOTBjNi00MDNhLWI5OGMtN2RiMDYxODI3MjU5XkEyXkFqcGdeQXVyMjUzOTY1NTc@._V1_SX600.jpg,Peter Bogdanovich,"During the Great Depression, a con man finds himself saddled with a young girl who may or may not be his daughter, and the two forge an unlikely partnership."
movie_0286,Viskningar och rop,Movie,Drama,,1972,91.0,A,Swedish,Sweden,8.1,,1742348.0,,,False,2025-06-01,False,https://m.media-amazon.com/images/M/MV5BMTg3NzYzOTEtNmE2Ni00M2EyLWJhMjctNjMyMTk4ZTViOGUzXkEyXkFqcGdeQXVyNzQxNDExNTU@._V1_SX600.jpg,Ingmar Bergman,"When a woman dying of cancer in early twentieth-century Sweden is visited by her two sisters, long-repressed feelings between the siblings rise to the surface."
movie_0287,Solaris,Movie,Drama,Mystery,1972,167.0,PG,Russian,Soviet Union,8.1,,,,,False,2021-01-17,False,https://m.media-amazon.com/images/M/MV5BZmY4Yjc0OWQtZDRhMy00ODc2LWI2NGYtMWFlODYyN2VlNDQyXkEyXkFqcGdeQXVyNjU0OTQ0OTY@._V1_SX600.jpg,Andrei Tarkovsky,A psychologist is sent to a station orbiting a distant planet in order to discover what has caused the crew to go insane.
movie_0288,Le samouraï,Movie,Crime,Drama,1967,105.0,GP,French,France,8.1,,39481.0,,,False,2023-06-21,True,https://m.media-amazon.com/images/M/MV5BMWFjZjRiM2QtZmRkOC00MDUxLTlhYmQtYmY5ZTNiMTI5Nzc2L2ltYWdlXkEyXkFqcGdeQXVyNTAyODkwOQ@._V1_SX600.jpg,Jean-Pierre Melville,After professional hitman Jef Costello is seen by witnesses his efforts to provide himself an alibi drive him further into a corner.
movie_0289,Cool Hand Luke,Movie,Crime,Drama,1967,127.0,A,English,USA,8.1,,16217773.0,,,False,2023-03-09,True,https://m.media-amazon.com/images/M/MV5BOWFlNzZhYmYtYTI5YS00MDQyLWIyNTUtNTRjMWUwNTEzNjA0XkEyXkFqcGdeQXVyNjUwNzk3NDc@._V1_SX600.jpg,Stuart Rosenberg,"A laid back Southern man is sentenced to two years in a rural prison, but refuses to conform."
movie_0290,Persona,Movie,Drama,Thriller,1966,85.0,Not Rated,Swedish,Sweden,8.1,,,,,False,2022-09-26,False,https://m.media-amazon.com/images/M/MV5BMTM0YzExY2EtMjUyZi00ZmIwLWFkYTktNjY5NmVkYTdkMjI5XkEyXkFqcGdeQXVyNzQxNDExNTU@._V1_SX600.jpg,Ingmar Bergman,A nurse is put in charge of a mute actress and finds that their personae are melding together.
movie_0291,Andrei Rublev,Movie,Biography,Drama,1966,205.0,R,Russian,Soviet Union,8.1,,102021.0,,,False,2017-04-03,False,https://m.media-amazon.com/images/M/MV5BNjM2MjMwNzUzN15BMl5BanBnXkFtZTgwMjEzMzE5MTE@._V1_SX600.jpg,Andrei Tarkovsky,"The life, times and afflictions of the fifteenth-century Russian iconographer St. Andrei Rublev."
movie_0292,La battaglia di Algeri,Movie,Drama,War,1966,121.0,Not Rated,Arabic,Algeria,8.1,,55908.0,,,False,2022-12-30,True,https://m.media-amazon.com/images/M/MV5BZWEzMGY4OTQtYTdmMy00M2QwLTliYTQtYWUzYzc3OTA5YzIwXkEyXkFqcGdeQXVyNjc1NTYyMjg@._V1_SX600.jpg,Gillo Pontecorvo,"In the 1950s, fear and violence escalate as the people of Algiers fight for independence from the French government."
movie_0293,El ángel exterminador,Movie,Drama,Fantasy,1962,95.0,Not Rated,Spanish,Mexico,8.1,,,,,False,2018-06-30,False,https://m.media-amazon.com/images/M/MV5BZTg3M2ExY2EtZmI5Yy00YWM1LTg4NzItZWEzZTgxNzE2MjhhXkEyXkFqcGdeQXVyNDE5MTU2MDE@._V1_SX600.jpg,Luis Buñuel,The guests at an upper-class dinner party find themselves unable to leave.
movie_0294,What Ever Happened to Baby Jane?,Movie,Drama,Horror,1962,134.0,Passed,English,USA,8.1,,4050000.0,,,False,2019-06-23,True,https://m.media-amazon.com/images/M/MV5BZmI0M2VmNTgtMWVhYS00Zjg1LTk1YTYtNmJmMjRkZmMwYTc2XkEyXkFqcGdeQXVyNTA4NzY1MzY@._V1_SX600.jpg,Robert Aldrich,A former child star torments her paraplegic sister in their decaying Hollywood mansion.
movie_0295,Sanjuro,Movie,Action,Comedy,1962,96.0,U,Japanese,Japan,8.1,,,,,False,2022-07-14,False,https://m.media-amazon.com/images/M/MV5BZmY3MDlmODctYTY3Yi00NzYyLWIxNTUtYjVlZWZjMmMwZTBkXkEyXkFqcGdeQXVyMzAxNjg3MjQ@._V1_SX600.jpg,Akira Kurosawa,"A crafty samurai helps a young man and his fellow clansmen save his uncle, who has been framed and imprisoned by a corrupt superintendent."
movie_0296,The Man Who Shot Liberty Valance,Movie,Drama,Western,1962,123.0,Not Rated,English,USA,8.1,,,,,False,2022-04-15,False,https://m.media-amazon.com/images/M/MV5BMGEyNzhkYzktMGMyZS00YzRiLWJlYjktZjJkOTU5ZDY0ZGI4XkEyXkFqcGdeQXVyNjUwNzk3NDc@._V1_SX600.jpg,John Ford,A senator returns to a western town for the funeral of an old friend and tells the story of his origins.
movie_0297,Ivanovo detstvo,Movie,Drama,War,1962,95.0,Not Rated,Russian,Soviet Union,8.1,,,,,False,2019-03-10,True,https://m.media-amazon.com/images/M/MV5BYTYzYzBhYjQtNDQxYS00MmUwLTkyZjgtZWVkOWFjNzE5OTI2XkEyXkFqcGdeQXVyNjMxMjkwMjI@._V1_SX600.jpg,Andrei Tarkovsky,"In WW2, twelve year old Soviet orphan Ivan Bondarev works for the Soviet army as a scout behind the German lines and strikes a friendship with three sympathetic Soviet officers."
movie_0298,Jungfrukällan,Movie,Drama,,1960,89.0,A,Swedish,Sweden,8.1,,1526000.0,,,False,2019-11-30,False,https://m.media-amazon.com/images/M/MV5BZjgyMzZkMGUtNTBhZC00OTkzLWI4ZmMtYzcwMzc5MjQ0YTM3XkEyXkFqcGdeQXVyMTMxMTY0OTQ@._V1_SX600.jpg,Ingmar Bergman,"An innocent yet pampered young virgin and her family's pregnant and jealous servant set out to deliver candles to church, but only one returns from events that transpire in the woods along the way."
movie_0299,Inherit the Wind,Movie,Biography,Drama,1960,128.0,Passed,English,USA,8.1,,,,,False,2025-02-01,False,https://m.media-amazon.com/images/M/MV5BMGQ5ODNkNWYtYTgxZS00YjJkLThhODAtYzUwNGNiYjRmNjdkXkEyXkFqcGdeQXVyMTg2NTc4MzA@._V1_SX600.jpg,Stanley Kramer,"Based on a real-life case in 1925, two great lawyers argue the case for and against a science teacher accused of the crime of teaching evolution."
movie_0300,Les quatre cents coups,Movie,Crime,Drama,1959,99.0,Not Rated,French,France,8.1,,,,,False,2020-10-20,True,https://m.media-amazon.com/images/M/MV5BYTQ4MjA4NmYtYjRhNi00MTEwLTg0NjgtNjk3ODJlZGU4NjRkL2ltYWdlL2ltYWdlXkEyXkFqcGdeQXVyNjU0OTQ0OTY@._V1_SX600.jpg,François Truffaut,"A young boy, left without attention, delves into a life of petty crime."
movie_0301,Ben-Hur,Movie,Adventure,Drama,1959,212.0,U,English,USA,8.1,,74700000.0,,,False,2020-01-24,False,https://m.media-amazon.com/images/M/MV5BNjgxY2JiZDYtZmMwOC00ZmJjLWJmODUtMTNmNWNmYWI5ODkwL2ltYWdlL2ltYWdlXkEyXkFqcGdeQXVyNjc1NTYyMjg@._V1_SX600.jpg,William Wyler,"After a Jewish prince is betrayed and sent into slavery by a Roman friend, he regains his freedom and comes back for revenge."
movie_0302,Kakushi-toride no san-akunin,Movie,Adventure,Drama,1958,139.0,Not Rated,Japanese,Japan,8.1,,,,,False,2016-05-10,False,https://m.media-amazon.com/images/M/MV5BYjJkN2Y5MTktZDRhOS00NTUwLWFiMzEtMTVlNWU4ODM0Y2E5XkEyXkFqcGdeQXVyNjc1NTYyMjg@._V1_SX600.jpg,Akira Kurosawa,"Lured by gold, two greedy peasants unknowingly escort a princess and her general across enemy lines."
movie_0303,Le notti di Cabiria,Movie,Drama,,1957,110.0,Not Rated,Italian,Italy,8.1,,752045.0,,,False,2017-10-12,False,https://m.media-amazon.com/images/M/MV5BOTdhNmUxZmQtNmMwNC00MzE3LWE1MTUtZDgxZTYwYjEzZjcwXkEyXkFqcGdeQXVyNTA1NjYyMDk@._V1_SX600.jpg,Federico Fellini,A waifish prostitute wanders the streets of Rome looking for true love but finds only heartbreak.
movie_0304,Kumonosu-jô,Movie,Drama,History,1957,110.0,Not Rated,Japanese,Japan,8.1,,,,,False,2017-07-09,False,https://m.media-amazon.com/images/M/MV5BNGYxZjA2M2ItYTRmNS00NzRmLWJkYzgtYTdiNGFlZDI5ZjNmXkEyXkFqcGdeQXVyNDE5MTU2MDE@._V1_SX600.jpg,Akira Kurosawa,"A war-hardened general, egged on by his ambitious wife, works to fulfill a prophecy that he would become lord of Spider's Web Castle."
movie_0305,The Bridge on the River Kwai,Movie,Adventure,Drama,1957,161.0,PG,English,USA,8.1,,44908000.0,,,False,2015-09-20,False,https://m.media-amazon.com/images/M/MV5BMGVhNjhjODktODgxYS00MDdhLTlkZjktYTkyNzQxMTU0ZDYxXkEyXkFqcGdeQXVyNzkwMjQ5NzM@._V1_SX600.jpg,David Lean,"British POWs are forced to build a railway bridge across the river Kwai for their Japanese captors, not knowing that the allied forces are planning to destroy it."
movie_0306,On the Waterfront,Movie,Crime,Drama,1954,108.0,A,English,USA,8.1,,9600000.0,,,False,2018-10-16,True,https://m.media-amazon.com/images/M/MV5BY2I0MWFiZDMtNWQyYy00Njk5LTk3MDktZjZjNTNmZmVkYjkxXkEyXkFqcGdeQXVyNjc1NTYyMjg@._V1_SX600.jpg,Elia Kazan,An ex-prize fighter turned longshoreman struggles to stand up to his corrupt union bosses.
movie_0307,Le salaire de la peur,Movie,Adventure,Drama,1953,131.0,U,French,France,8.1,,,,,False,2015-03-28,False,https://m.media-amazon.com/images/M/MV5BZDdkNzMwZmUtY2Q5MS00ZmM2LWJhYjItYTBjMWY0MGM4MDRjXkEyXkFqcGdeQXVyNTA4NzY1MzY@._V1_SX600.jpg,Henri-Georges Clouzot,"In a decrepit South American village, four men are hired to transport an urgent nitroglycerine shipment without the equipment that would make it safe."
movie_0308,Ace in the Hole,Movie,Drama,Film-Noir,1951,111.0,Approved,English,USA,8.1,,3969893.0,,,False,2021-08-06,False,https://m.media-amazon.com/images/M/MV5BNDUzZjlhZTYtN2E5MS00ODQ3LWI1ZjgtNzdiZmI0NTZiZTljXkEyXkFqcGdeQXVyMjI4MjA5MzA@._V1_SX600.jpg,Billy Wilder,"A frustrated former big-city journalist now stuck working for an Albuquerque newspaper exploits a story about a man trapped in a cave to rekindle his career, but the situation quickly escalates into an out-of-control circus."
movie_0309,White Heat,Movie,Action,Crime,1949,114.0,Not Rated,English,USA,8.1,,,,,False,2021-03-18,True,https://m.media-amazon.com/images/M/MV5BZmI5NTA3MjItYzdhMi00MWMxLTg3OWMtYWQyYjg5MTFmM2U0L2ltYWdlL2ltYWdlXkEyXkFqcGdeQXVyNjc1NTYyMjg@._V1_SX600.jpg,Raoul Walsh,A psychopathic criminal with a mother complex makes a daring break from prison and leads his old gang in a chemical plant payroll heist.
movie_0310,The Third Man,Movie,Film-Noir,Mystery,1949,104.0,Approved,English,USA,8.1,,449191.0,,,False,2017-07-31,False,https://m.media-amazon.com/images/M/MV5BYjE2OTdhMWUtOGJlMy00ZDViLWIzZjgtYjZkZGZmMDZjYmEyXkEyXkFqcGdeQXVyNzkwMjQ5NzM@._V1_SX600.jpg,Carol Reed,"Pulp novelist Holly Martins travels to shadowy, postwar Vienna, only to find himself investigating the mysterious death of an old friend, Harry Lime."
movie_0311,The Red Shoes,Movie,Drama,Music,1948,135.0,Not Rated,English,USA,8.1,,10900000.0,,,False,2021-08-07,False,https://m.media-amazon.com/images/M/MV5BOWRmNGEwZjUtZjEwNS00OGZmLThhMmEtZTJlMTU5MGQ3ZWUwXkEyXkFqcGdeQXVyNjc1NTYyMjg@._V1_SX600.jpg,Michael Powell,A young ballet dancer is torn between the man she loves and her pursuit to become a prima ballerina.
movie_0312,The Shop Around the Corner,Movie,Comedy,Drama,1940,99.0,Not Rated,English,USA,8.1,,203300.0,,,False,2017-06-21,False,https://m.media-amazon.com/images/M/MV5BNzc1MTcyNTQ5N15BMl5BanBnXkFtZTgwMzgwMDI0MjE@._V1_SX600.jpg,Ernst Lubitsch,"Two employees at a gift shop can barely stand each other, without realizing that they are falling in love through the post as each other's anonymous pen pal."
movie_0313,Rebecca,Movie,Drama,Mystery,1940,130.0,Approved,English,USA,8.1,,4360000.0,,,False,2015-01-30,False,https://m.media-amazon.com/images/M/MV5BYTcxYWExOTMtMWFmYy00ZjgzLWI0YjktNWEzYzJkZTg0NDdmL2ltYWdlXkEyXkFqcGdeQXVyNjc1NTYyMjg@._V1_SX600.jpg,Alfred Hitchcock,A self-conscious woman juggles adjusting to her new role as an aristocrat's wife and avoiding being intimidated by his first wife's spectral presence.
movie_0314,Mr. Smith Goes to Washington,Movie,Comedy,Drama,1939,129.0,Passed,English,USA,8.1,,9600000.0,,,False,2015-10-18,False,https://m.media-amazon.com/images/M/MV5BZTYwYjYxYzgtMDE1Ni00NzU4LWJlMTEtODQ5YmJmMGJhZjI5L2ltYWdlXkEyXkFqcGdeQXVyMDI2NDg0NQ@._V1_SX600.jpg,Frank Capra,"A naive man is appointed to fill a vacancy in the United States Senate. His plans promptly collide with political corruption, but he doesn't back down."
movie_0315,Gone with the Wind,Movie,Drama,History,1939,238.0,U,English,USA,8.1,,198676459.0,,,False,2022-12-09,False,https://m.media-amazon.com/images/M/MV5BYjUyZWZkM2UtMzYxYy00ZmQ3LWFmZTQtOGE2YjBkNjA3YWZlXkEyXkFqcGdeQXVyNzkwMjQ5NzM@._V1_SX600.jpg,Victor Fleming,A manipulative woman and a roguish man conduct a turbulent romance during the American Civil War and Reconstruction periods.
movie_0316,La Grande Illusion,Movie,Drama,War,1937,113.0,Not Rated,French,France,8.1,,172885.0,,,False,2022-01-28,True,https://m.media-amazon.com/images/M/MV5BMTg3MTI5NTk0N15BMl5BanBnXkFtZTgwMjU1MDM5MTE@._V1_SX600.jpg,Jean Renoir,"During WWI, two French soldiers are captured and imprisoned in a German P.O.W. camp. Several escape attempts follow until they are eventually sent to a seemingly inescapable fortress."
movie_0317,It Happened One Night,Movie,Comedy,Romance,1934,105.0,Approved,English,USA,8.1,,4360000.0,,,False,2015-08-30,False,https://m.media-amazon.com/images/M/MV5BYzJmMWE5NjAtNWMyZS00NmFiLWIwMDgtZDE2NzczYWFhNzIzXkEyXkFqcGdeQXVyNjc1NTYyMjg@._V1_SX600.jpg,Frank Capra,"A renegade reporter and a crazy young heiress meet on a bus heading for New York, and end up stuck with each other when the bus leaves them behind at one of the stops."
movie_0318,La passion de Jeanne d'Arc,Movie,Biography,Drama,1928,110.0,Passed,French,France,8.1,,21877.0,,,False,2017-07-26,False,https://m.media-amazon.com/images/M/MV5BNjBjNDJiYTUtOWY0OS00OGVmLTg2YzctMTE0NzVhODM1ZWJmXkEyXkFqcGdeQXVyNjU0OTQ0OTY@._V1_SX600.jpg,Carl Theodor Dreyer,"In 1431, Jeanne d'Arc is placed on trial on charges of heresy. The ecclesiastical jurists attempt to force Jeanne to recant her claims of holy visions."
movie_0319,The Circus,Movie,Comedy,Romance,1928,72.0,Passed,English,USA,8.1,,,,,False,2015-10-04,False,https://m.media-amazon.com/images/M/MV5BM2QwYWQ0MWMtNzcwOC00N2Q2LWE1MDEtZmQxZjhiM2U1YzFhXkEyXkFqcGdeQXVyMTQxNzMzNDI@._V1_SX600.jpg,Charles Chaplin,The Tramp finds work and the girl of his dreams at a circus.
movie_0320,Sunrise: A Song of Two Humans,Movie,Drama,Romance,1927,94.0,Passed,English,USA,8.1,,539540.0,,,False,2025-02-25,False,https://m.media-amazon.com/images/M/MV5BNDVkYmYwM2ItNzRiMy00NWQ4LTlhMjMtNDI1ZDYyOGVmMzJjXkEyXkFqcGdeQXVyNTgzMzU5MDI@._V1_SX600.jpg,F.W. Murnau,An allegorical tale about a man fighting the good and evil within him. Both sides are made flesh - one a sophisticated woman he is attracted to and the other his wife.
movie_0321,The General,Movie,Action,Adventure,1926,67.0,Passed,English,USA,8.1,,1033895.0,,,False,2015-05-09,False,https://m.media-amazon.com/images/M/MV5BYmRiMDFlYjYtOTMwYy00OGY2LWE0Y2QtYzQxOGNhZmUwNTIxXkEyXkFqcGdeQXVyNzkwMjQ5NzM@._V1_SX600.jpg,Clyde Bruckman,"When Union spies steal an engineer's beloved locomotive, he pursues it single-handedly and straight through enemy lines."
movie_0322,Das Cabinet des Dr. Caligari,Movie,Fantasy,Horror,1920,76.0,Not Rated,German,Germany,8.1,,,,,False,2024-08-22,True,https://m.media-amazon.com/images/M/MV5BNWJiNGJiMTEtMGM3OC00ZWNlLTgwZTgtMzdhNTRiZjk5MTQ1XkEyXkFqcGdeQXVyMTMxODk2OTU@._V1_SX600.jpg,Robert Wiene,"Hypnotist Dr. Caligari uses a somnambulist, Cesare, to commit murders."
movie_0323,Badhaai ho,Movie,Comedy,Drama,2018,124.0,UA,English,USA,8.0,,,,,False,2018-09-15,False,https://m.media-amazon.com/images/M/MV5BNjZlMDdmN2YtYThmZi00NGQzLTk0ZTQtNTUyZDFmODExOGNiXkEyXkFqcGdeQXVyODE5NzE3OTE@._V1_SX600.jpg,Amit Ravindernath Sharma,A man is embarrassed when he finds out his mother is pregnant.
movie_0324,Togo,Movie,Adventure,Biography,2019,113.0,U,English,USA,8.0,,,,,False,2015-10-18,False,https://m.media-amazon.com/images/M/MV5BNjJkYTc5N2UtMGRlMC00M2FmLTk0ZWMtOTYxNDUwNjI2YzljXkEyXkFqcGdeQXVyNDg4NjY5OTQ@._V1_SX600.jpg,Ericson Core,"The story of Togo, the sled dog who led the 1925 serum run yet was considered by most to be too small and weak to lead such an intense race."
movie_0325,Airlift,Movie,Drama,History,2016,130.0,UA,English,USA,8.0,,,,,False,2020-10-06,False,https://m.media-amazon.com/images/M/MV5BMGE1ZTkyOTMtMTdiZS00YzI2LTlmYWQtOTE5YWY0NWVlNjlmXkEyXkFqcGdeQXVyNjQ3ODkxMjE@._V1_SX600.jpg,Raja Menon,"When Iraq invades Kuwait in August 1990, a callous Indian businessman becomes the spokesperson for more than 170,000 stranded countrymen."
movie_0326,Bajrangi Bhaijaan,Movie,Action,Adventure,2015,163.0,UA,English,USA,8.0,,8178001.0,,,False,2017-09-01,False,https://m.media-amazon.com/images/M/MV5BMjE1NjQ5ODc2NV5BMl5BanBnXkFtZTgwOTM5ODIxNjE@._V1_SX600.jpg,Kabir Khan,An Indian man with a magnanimous heart takes a young mute Pakistani girl back to her homeland to reunite her with her family.
movie_0327,Baby,Movie,Action,Crime,2015,159.0,UA,English,USA,8.0,,,,,False,2018-02-14,True,https://m.media-amazon.com/images/M/MV5BYTdhNjBjZDctYTlkYy00ZGIxLWFjYTktODk5ZjNlMzI4NjI3XkEyXkFqcGdeQXVyMjY1MjkzMjE@._V1_SX600.jpg,Neeraj Pandey,"An elite counter-intelligence unit learns of a plot, masterminded by a maniacal madman. With the clock ticking, it's up to them to track the terrorists' international tentacles and prevent them from striking at the heart of India."
movie_0328,La La Land,Movie,Comedy,Drama,2016,128.0,A,English,USA,8.0,,151101803.0,,,False,2022-07-03,False,https://m.media-amazon.com/images/M/MV5BMzUzNDM2NzM2MV5BMl5BanBnXkFtZTgwNTM3NTg4OTE@._V1_SX600.jpg,Damien Chazelle,"While navigating their careers in Los Angeles, a pianist and an actress fall in love while attempting to reconcile their aspirations for the future."
movie_0329,Lion,Movie,Biography,Drama,2016,118.0,U,English,USA,8.0,,51739495.0,,,False,2020-06-11,False,https://m.media-amazon.com/images/M/MV5BMjA3NjkzNjg2MF5BMl5BanBnXkFtZTgwMDkyMzgzMDI@._V1_SX600.jpg,Garth Davis,"A five-year-old Indian boy is adopted by an Australian couple after getting lost hundreds of kilometers from home. 25 years later, he sets out to find his lost family."
movie_0330,The Martian,Movie,Adventure,Drama,2015,144.0,UA,English,USA,8.0,,228433663.0,,,False,2017-05-27,False,https://m.media-amazon.com/images/M/MV5BMTc2MTQ3MDA1Nl5BMl5BanBnXkFtZTgwODA3OTI4NjE@._V1_SX600.jpg,Ridley Scott,"An astronaut becomes stranded on Mars after his team assume him dead, and must rely on his ingenuity to find a way to signal to Earth that he is alive."
movie_0331,Zootopia,Movie,Animation,Adventure,2016,108.0,U,English,USA,8.0,,341268248.0,,,False,2021-01-17,False,https://m.media-amazon.com/images/M/MV5BOTMyMjEyNzIzMV5BMl5BanBnXkFtZTgwNzIyNjU0NzE@._V1_SX600.jpg,Byron Howard,"In a city of anthropomorphic animals, a rookie bunny cop and a cynical con artist fox must work together to uncover a conspiracy."
movie_0332,Bãhubali: The Beginning,Movie,Action,Drama,2015,159.0,UA,Telugu,India,8.0,,6738000.0,,,False,2016-06-25,False,https://m.media-amazon.com/images/M/MV5BYWVlMjVhZWYtNWViNC00ODFkLTk1MmItYjU1MDY5ZDdhMTU3XkEyXkFqcGdeQXVyODIwMDI1NjM@._V1_SX600.jpg,S.S. Rajamouli,"In ancient India, an adventurous and daring man becomes involved in a decades-old feud between two warring peoples."
movie_0333,Kaguyahime no monogatari,Movie,Animation,Adventure,2013,137.0,U,Japanese,Japan,8.0,,1506975.0,,,False,2023-02-10,False,https://m.media-amazon.com/images/M/MV5BNThmMWMyMWMtOWRiNy00MGY0LTg1OTUtNjYzODg2MjdlZGU5XkEyXkFqcGdeQXVyMTMxODk2OTU@._V1_SX600.jpg,Isao Takahata,"Found inside a shining stalk of bamboo by an old bamboo cutter and his wife, a tiny girl grows rapidly into an exquisite young lady. The mysterious young princess enthralls all who encounter her, but ultimately she must confront her fate, the punishment for her crime."
movie_0334,Wonder,Movie,Drama,Family,2017,113.0,U,English,USA,8.0,,132422809.0,,,False,2025-06-28,False,https://m.media-amazon.com/images/M/MV5BYjFhOWY0OTgtNDkzMC00YWJkLTk1NGEtYWUxNjhmMmQ5ZjYyXkEyXkFqcGdeQXVyMjMxOTE0ODA@._V1_SX600.jpg,Stephen Chbosky,"Based on the New York Times bestseller, this movie tells the incredibly inspiring and heartwarming story of August Pullman, a boy with facial differences who enters the fifth grade, attending a mainstream elementary school for the first time."
movie_0335,Gully Boy,Movie,Drama,Music,2019,154.0,UA,Hindi,India,8.0,,5566534.0,,,False,2024-11-23,False,https://m.media-amazon.com/images/M/MV5BZDkzMTQ1YTMtMWY4Ny00MzExLTkzYzEtNzZhOTczNzU2NTU1XkEyXkFqcGdeQXVyODY3NjMyMDU@._V1_SX600.jpg,Zoya Akhtar,A coming-of-age story based on the lives of street rappers in Mumbai.
movie_0336,Special Chabbis,Movie,Crime,Drama,2013,144.0,UA,English,USA,8.0,,1079369.0,,,False,2021-05-27,True,https://m.media-amazon.com/images/M/MV5BMTQ1NDI5MjMzNF5BMl5BanBnXkFtZTcwMTc0MDQwOQ@._V1_SX600.jpg,Neeraj Pandey,A gang of con-men rob prominent rich businessmen and politicians by posing as C.B.I and income tax officers.
movie_0337,Short Term 12,Movie,Drama,,2013,96.0,R,English,USA,8.0,,1010414.0,,,False,2021-06-18,False,https://m.media-amazon.com/images/M/MV5BMTEwNjE2OTM4NDZeQTJeQWpwZ15BbWU3MDE2MTE4OTk@._V1_SX600.jpg,Destin Daniel Cretton,A 20-something supervising staff member of a residential treatment facility navigates the troubled waters of that world alongside her co-worker and longtime boyfriend.
movie_0338,Serbuan maut 2: Berandal,Movie,Action,Crime,2014,150.0,A,English,USA,8.0,,2625803.0,,,False,2020-04-20,True,https://m.media-amazon.com/images/M/MV5BMTg5MTE2NjA4OV5BMl5BanBnXkFtZTgwMTUyMjczMTE@._V1_SX600.jpg,Gareth Evans,"Only a short time after the first raid, Rama goes undercover with the thugs of Jakarta and plans to bring down the syndicate and uncover the corruption within his police force."
movie_0339,The Imitation Game,Movie,Biography,Drama,2014,114.0,UA,English,USA,8.0,,91125683.0,,,False,2017-09-22,False,https://m.media-amazon.com/images/M/MV5BOTgwMzFiMWYtZDhlNS00ODNkLWJiODAtZDVhNzgyNzJhYjQ4L2ltYWdlXkEyXkFqcGdeQXVyNzEzOTYxNTQ@._V1_SX600.jpg,Morten Tyldum,"During World War II, the English mathematical genius Alan Turing tries to crack the German Enigma code with help from fellow mathematicians."
movie_0340,Guardians of the Galaxy,Movie,Action,Adventure,2014,121.0,UA,English,USA,8.0,,333176600.0,,,False,2023-10-19,False,"https://m.media-amazon.com/images/M/MV5BMTAwMjU5OTgxNjZeQTJeQWpwZ15BbWU4MDUxNDYxODEx._V1_UX67_CR0,0,67,98_AL_.jpg@._V1_SX600.jpg",James Gunn,A group of intergalactic criminals must pull together to stop a fanatical warrior with plans to purge the universe.
movie_0341,Blade Runner 2049,Movie,Action,Drama,2017,164.0,UA,English,USA,8.0,,92054159.0,,,False,2020-04-21,False,https://m.media-amazon.com/images/M/MV5BNzA1Njg4NzYxOV5BMl5BanBnXkFtZTgwODk5NjU3MzI@._V1_SX600.jpg,Denis Villeneuve,"Young Blade Runner K's discovery of a long-buried secret leads him to track down former Blade Runner Rick Deckard, who's been missing for thirty years."
movie_0342,Her,Movie,Drama,Romance,2013,126.0,A,English,USA,8.0,,25568251.0,,,False,2024-01-21,False,https://m.media-amazon.com/images/M/MV5BMjA1Nzk0OTM2OF5BMl5BanBnXkFtZTgwNjU2NjEwMDE@._V1_SX600.jpg,Spike Jonze,"In a near future, a lonely writer develops an unlikely relationship with an operating system designed to meet his every need."
movie_0343,Bohemian Rhapsody,Movie,Biography,Drama,2018,134.0,UA,English,USA,8.0,,216428042.0,,,False,2019-07-26,False,"https://m.media-amazon.com/images/M/MV5BMTA2NDc3Njg5NDVeQTJeQWpwZ15BbWU4MDc1NDcxNTUz._V1_UX67_CR0,0,67,98_AL_.jpg@._V1_SX600.jpg",Bryan Singer,"The story of the legendary British rock band Queen and lead singer Freddie Mercury, leading up to their famous performance at Live Aid (1985)."
movie_0344,The Revenant,Movie,Action,Adventure,2015,156.0,A,English,USA,8.0,,183637894.0,,,False,2017-02-18,False,https://m.media-amazon.com/images/M/MV5BMDE5OWMzM2QtOTU2ZS00NzAyLWI2MDEtOTRlYjIxZGM0OWRjXkEyXkFqcGdeQXVyODE5NzE3OTE@._V1_SX600.jpg,Alejandro G. Iñárritu,A frontiersman on a fur trading expedition in the 1820s fights for survival after being mauled by a bear and left for dead by members of his own hunting team.
movie_0345,The Perks of Being a Wallflower,Movie,Drama,Romance,2012,103.0,UA,English,USA,8.0,,17738570.0,,,False,2016-01-22,False,"https://m.media-amazon.com/images/M/MV5BZThjMmQ5YjktMTUyMC00MjljLWJmMTAtOWIzNDIzY2VhNzQ0XkEyXkFqcGdeQXVyMTAyNjg4NjE0._V1_UX67_CR0,0,67,98_AL_.jpg@._V1_SX600.jpg",Stephen Chbosky,An introvert freshman is taken under the wings of two seniors who welcome him to the real world
movie_0346,Tropa de Elite 2: O Inimigo Agora é Outro,Movie,Action,Crime,2010,115.0,Not Rated,Portuguese,Brazil,8.0,,100119.0,,,False,2016-02-02,True,https://m.media-amazon.com/images/M/MV5BMjEzMzMxOTUyNV5BMl5BanBnXkFtZTcwNjI3MDc5Ng@._V1_SX600.jpg,José Padilha,"After a prison riot, former-Captain Nascimento, now a high ranking security officer in Rio de Janeiro, is swept into a bloody political dispute that involves government officials and paramilitary groups."
movie_0347,The King's Speech,Movie,Biography,Drama,2010,118.0,U,English,USA,8.0,,138797449.0,,,False,2022-05-23,False,https://m.media-amazon.com/images/M/MV5BMzU5MjEwMTg2Nl5BMl5BanBnXkFtZTcwNzM3MTYxNA@._V1_SX600.jpg,Tom Hooper,"The story of King George VI, his impromptu ascension to the throne of the British Empire in 1936, and the speech therapist who helped the unsure monarch overcome his stammer."
movie_0348,The Help,Movie,Drama,,2011,146.0,UA,English,USA,8.0,,169708112.0,,,False,2019-11-01,False,https://m.media-amazon.com/images/M/MV5BMTM5OTMyMjIxOV5BMl5BanBnXkFtZTcwNzU4MjIwNQ@._V1_SX600.jpg,Tate Taylor,"An aspiring author during the civil rights movement of the 1960s decides to write a book detailing the African American maids' point of view on the white families for which they work, and the hardships they go through on a daily basis."
movie_0349,Deadpool,Movie,Action,Adventure,2016,108.0,R,English,USA,8.0,,363070709.0,,,False,2018-12-22,False,https://m.media-amazon.com/images/M/MV5BYzE5MjY1ZDgtMTkyNC00MTMyLThhMjAtZGI5OTE1NzFlZGJjXkEyXkFqcGdeQXVyNjU0OTQ0OTY@._V1_SX600.jpg,Tim Miller,"A wisecracking mercenary gets experimented on and becomes immortal but ugly, and sets out to track down the man who ruined his looks."
movie_0350,Darbareye Elly,Movie,Drama,Mystery,2009,119.0,TV-PG,Persian,Iran,8.0,,106662.0,,,False,2019-10-01,False,https://m.media-amazon.com/images/M/MV5BMTQ0MzQxODQ0MV5BMl5BanBnXkFtZTgwNTQ0NzY4NDE@._V1_SX600.jpg,Asghar Farhadi,The mysterious disappearance of a kindergarten teacher during a picnic in the north of Iran is followed by a series of misadventures for her fellow travelers.
movie_0351,Dev.D,Movie,Drama,Romance,2009,144.0,A,English,USA,8.0,,10950.0,,,False,2019-08-11,False,https://m.media-amazon.com/images/M/MV5BYjU1NjczNzYtYmFjOC00NzkxLTg4YTUtNGYzMTk3NTU0ZDE3XkEyXkFqcGdeQXVyNDUzOTQ5MjY@._V1_SX600.jpg,Anurag Kashyap,"After breaking up with his childhood sweetheart, a young man finds solace in drugs. Meanwhile, a teenage girl is caught in the world of prostitution. Will they be destroyed, or will they find redemption?"
movie_0352,Yip Man,Movie,Action,Biography,2008,106.0,R,English,USA,8.0,,,,,False,2020-03-27,False,https://m.media-amazon.com/images/M/MV5BNTFmMjM3M2UtOTIyZC00Zjk3LTkzODUtYTdhNGRmNzFhYzcyXkEyXkFqcGdeQXVyMTMxODk2OTU@._V1_SX600.jpg,Wilson Yip,"During the Japanese invasion of China, a wealthy martial artist is forced to leave his home when his city is occupied. With little means of providing for themselves, Ip Man and the remaining members of the city must find a way to survive."
movie_0353,My Name Is Khan,Movie,Drama,,2010,165.0,UA,English,USA,8.0,,4018695.0,,,False,2024-09-08,False,https://m.media-amazon.com/images/M/MV5BMTUyMTA4NDYzMV5BMl5BanBnXkFtZTcwMjk5MzcxMw@._V1_SX600.jpg,Karan Johar,An Indian Muslim man with Asperger's syndrome takes a challenge to speak to the President of the United States seriously and embarks on a cross-country journey.
movie_0354,Nefes: Vatan Sagolsun,Movie,Action,Drama,2009,128.0,Not Rated,English,USA,8.0,,,,,False,2023-03-06,False,https://m.media-amazon.com/images/M/MV5BMjE2NjEyMDg0M15BMl5BanBnXkFtZTcwODYyODg5Mg@._V1_SX600.jpg,Levent Semerci,Story of 40-man Turkish task force who must defend a relay station.
movie_0355,Slumdog Millionaire,Movie,Drama,Romance,2008,120.0,UA,English,USA,8.0,,141319928.0,,,False,2015-08-10,False,https://m.media-amazon.com/images/M/MV5BZmNjZWI3NzktYWI1Mi00OTAyLWJkNTYtMzUwYTFlZDA0Y2UwXkEyXkFqcGdeQXVyNjU0OTQ0OTY@._V1_SX600.jpg,Danny Boyle,"A Mumbai teenager reflects on his life after being accused of cheating on the Indian version of ""Who Wants to be a Millionaire?""."
movie_0356,Black Swan,Movie,Drama,Thriller,2010,108.0,A,English,USA,8.0,,106954678.0,,,False,2022-07-21,False,https://m.media-amazon.com/images/M/MV5BNzY2NzI4OTE5MF5BMl5BanBnXkFtZTcwMjMyNDY4Mw@._V1_SX600.jpg,Darren Aronofsky,"A committed dancer struggles to maintain her sanity after winning the lead role in a production of Tchaikovsky's ""Swan Lake""."
movie_0357,Tropa de Elite,Movie,Action,Crime,2007,115.0,R,Portuguese,Brazil,8.0,,8060.0,,,False,2022-04-30,True,"https://m.media-amazon.com/images/M/MV5BYmI1ODU5ZjMtNWUyNC00YzllLThjNzktODE1M2E4OTVmY2E5XkEyXkFqcGdeQXVyMTExNzQzMDE0._V1_UY98_CR1,0,67,98_AL_.jpg@._V1_SX600.jpg",José Padilha,"In 1997 Rio de Janeiro, Captain Nascimento has to find a substitute for his position while trying to take down drug dealers and criminals before the Pope visits."
movie_0358,The Avengers,Movie,Action,Adventure,2012,143.0,UA,English,USA,8.0,,623279547.0,,,False,2022-03-31,False,https://m.media-amazon.com/images/M/MV5BNDYxNjQyMjAtNTdiOS00NGYwLWFmNTAtNThmYjU5ZGI2YTI1XkEyXkFqcGdeQXVyMTMxODk2OTU@._V1_SX600.jpg,Joss Whedon,Earth's mightiest heroes must come together and learn to fight as a team if they are going to stop the mischievous Loki and his alien army from enslaving humanity.
movie_0359,Persepolis,Movie,Animation,Biography,2007,96.0,PG-13,English,USA,8.0,,4445756.0,,,False,2016-02-08,False,https://m.media-amazon.com/images/M/MV5BMGRkZThmYzEtYjQxZC00OWEzLThjYjAtYzFkMjY0NGZkZWI4XkEyXkFqcGdeQXVyNTAyODkwOQ@._V1_SX600.jpg,Vincent Paronnaud,A precocious and outspoken Iranian girl grows up during the Islamic Revolution.
movie_0360,Dallas Buyers Club,Movie,Biography,Drama,2013,117.0,R,English,USA,8.0,,27298285.0,,,False,2015-09-06,False,https://m.media-amazon.com/images/M/MV5BMTYwMTA4MzgyNF5BMl5BanBnXkFtZTgwMjEyMjE0MDE@._V1_SX600.jpg,Jean-Marc Vallée,"In 1985 Dallas, electrician and hustler Ron Woodroof works around the system to help AIDS patients get the medication they need after he is diagnosed with the disease."
movie_0361,The Pursuit of Happyness,Movie,Biography,Drama,2006,117.0,U,English,USA,8.0,,163566459.0,,,False,2019-07-08,False,https://m.media-amazon.com/images/M/MV5BMTQ5NjQ0NDI3NF5BMl5BanBnXkFtZTcwNDI0MjEzMw@._V1_SX600.jpg,Gabriele Muccino,A struggling salesman takes custody of his son as he's poised to begin a life-changing professional career.
movie_0362,Blood Diamond,Movie,Adventure,Drama,2006,143.0,A,English,USA,8.0,,57366262.0,,,False,2023-03-02,False,https://m.media-amazon.com/images/M/MV5BZDMxOGZhNWYtMzRlYy00Mzk5LWJjMjEtNmQ4NDU4M2QxM2UzXkEyXkFqcGdeQXVyNTA4NzY1MzY@._V1_SX600.jpg,Edward Zwick,"A fisherman, a smuggler, and a syndicate of businessmen match wits over the possession of a priceless diamond."
movie_0363,The Bourne Ultimatum,Movie,Action,Mystery,2007,115.0,UA,English,USA,8.0,,227471070.0,,,False,2018-10-21,False,https://m.media-amazon.com/images/M/MV5BNGNiNmU2YTMtZmU4OS00MjM0LTlmYWUtMjVlYjAzYjE2N2RjXkEyXkFqcGdeQXVyNDk3NzU2MTQ@._V1_SX600.jpg,Paul Greengrass,Jason Bourne dodges a ruthless C.I.A. official and his Agents from a new assassination program while searching for the origins of his life as a trained killer.
movie_0364,Bin-jip,Movie,Crime,Drama,2004,88.0,U,English,USA,8.0,,238507.0,,,False,2023-12-24,True,https://m.media-amazon.com/images/M/MV5BMTM1ODIwNzM5OV5BMl5BanBnXkFtZTcwNjk5MDkyMQ@._V1_SX600.jpg,Ki-duk Kim,A transient young man breaks into empty homes to partake of the vacationing residents' lives for a few days.
movie_0365,Sin City,Movie,Crime,Thriller,2005,124.0,A,English,USA,8.0,,74103820.0,,,False,2024-08-30,True,https://m.media-amazon.com/images/M/MV5BODZmYjMwNzEtNzVhNC00ZTRmLTk2M2UtNzE1MTQ2ZDAxNjc2XkEyXkFqcGdeQXVyMTQxNzMzNDI@._V1_SX600.jpg,Frank Miller,"A movie that explores the dark and miserable town, Basin City, tells the story of three different people, all caught up in violent corruption."
movie_0366,Le scaphandre et le papillon,Movie,Biography,Drama,2007,112.0,PG-13,French,France,8.0,,5990075.0,,,False,2016-03-23,False,https://m.media-amazon.com/images/M/MV5BMTc3MjkzMDkxN15BMl5BanBnXkFtZTcwODAyMTU1MQ@._V1_SX600.jpg,Julian Schnabel,The true story of Elle editor Jean-Dominique Bauby who suffers a stroke and has to live with an almost totally paralyzed body; only his left eye isn't paralyzed.
movie_0367,G.O.R.A.,Movie,Adventure,Comedy,2004,127.0,Not Rated,English,USA,8.0,,,,,False,2017-10-15,False,https://m.media-amazon.com/images/M/MV5BMjE0MTY2MDI3NV5BMl5BanBnXkFtZTcwNTc1MzEzMQ@._V1_SX600.jpg,Ömer Faruk Sorak,A slick young Turk kidnapped by extraterrestrials shows his great « humanitarian spirit » by outwitting the evil commander-in-chief of the planet of G.O.R.A.
movie_0368,Ratatouille,Movie,Animation,Adventure,2007,111.0,U,English,USA,8.0,,206445654.0,,,False,2017-02-23,False,https://m.media-amazon.com/images/M/MV5BMTMzODU0NTkxMF5BMl5BanBnXkFtZTcwMjQ4MzMzMw@._V1_SX600.jpg,Brad Bird,A rat who can cook makes an unusual alliance with a young kitchen worker at a famous restaurant.
movie_0369,Casino Royale,Movie,Action,Adventure,2006,144.0,PG-13,English,USA,8.0,,167445960.0,,,False,2017-02-18,False,https://m.media-amazon.com/images/M/MV5BMDI5ZWJhOWItYTlhOC00YWNhLTlkNzctNDU5YTI1M2E1MWZhXkEyXkFqcGdeQXVyNTIzOTk5ODM@._V1_SX600.jpg,Martin Campbell,"After earning 00 status and a licence to kill, Secret Agent James Bond sets out on his first mission as 007. Bond must defeat a private banker funding terrorists in a high-stakes game of poker at Casino Royale, Montenegro."
movie_0370,Kill Bill: Vol. 2,Movie,Action,Crime,2004,137.0,A,English,USA,8.0,,66208183.0,,,False,2021-01-05,True,https://m.media-amazon.com/images/M/MV5BNmFiYmJmN2QtNWQwMi00MzliLThiOWMtZjQxNGRhZTQ1MjgyXkEyXkFqcGdeQXVyNzQ1ODk3MTQ@._V1_SX600.jpg,Quentin Tarantino,"The Bride continues her quest of vengeance against her former boss and lover Bill, the reclusive bouncer Budd, and the treacherous, one-eyed Elle."
movie_0371,Vozvrashchenie,Movie,Drama,,2003,110.0,Not Rated,English,USA,8.0,,502028.0,,,False,2020-01-12,False,https://m.media-amazon.com/images/M/MV5BYmViZTY1OWEtMTQxMy00OGQ5LTgzZjAtYTQzOTYxNjliYTI4XkEyXkFqcGdeQXVyNjkxOTM4ODY@._V1_SX600.jpg,Andrey Zvyagintsev,"In the Russian wilderness, two brothers face a range of new, conflicting emotions when their father - a man they know only through a single photograph - resurfaces."
movie_0372,Bom Yeoareum Gaeul Gyeoul Geurigo Bom,Movie,Drama,Romance,2003,103.0,R,English,USA,8.0,,2380788.0,,,False,2016-07-28,False,"https://m.media-amazon.com/images/M/MV5BZGYxOTRlM2MtNWRjZS00NDk2LWExM2EtMDFiYTgyMGJkZGYyXkEyXkFqcGdeQXVyMTA1NTM1NDI2._V1_UY98_CR1,0,67,98_AL_.jpg@._V1_SX600.jpg",Ki-duk Kim,A boy is raised by a Buddhist monk in an isolated floating temple where the years pass like the seasons.
movie_0373,Mar adentro,Movie,Biography,Drama,2014,126.0,U,English,USA,8.0,,2086345.0,,,False,2019-09-25,False,"https://m.media-amazon.com/images/M/MV5BMjE0NDk2NjgwMV5BMl5BanBnXkFtZTYwMTgyMzA3._V1_UX67_CR0,0,67,98_AL_.jpg@._V1_SX600.jpg",Alejandro Amenábar,"The factual story of Spaniard Ramon Sampedro, who fought a thirty-year campaign in favor of euthanasia and his own right to die."
movie_0374,Cinderella Man,Movie,Biography,Drama,2005,144.0,UA,English,USA,8.0,,61649911.0,,,False,2017-01-21,False,https://m.media-amazon.com/images/M/MV5BODEyYmQxZjUtZGQ0NS00ZTAwLTkwOGQtNGY2NzEwMWE0MDc3XkEyXkFqcGdeQXVyMTQxNzMzNDI@._V1_SX600.jpg,Ron Howard,"The story of James J. Braddock, a supposedly washed-up boxer who came back to become a champion and an inspiration in the 1930s."
movie_0375,Kal Ho Naa Ho,Movie,Comedy,Drama,2003,186.0,U,English,USA,8.0,,1787378.0,,,False,2018-02-14,False,https://m.media-amazon.com/images/M/MV5BYmVjNDIxODAtNWZiZi00ZDBlLWJmOTUtNDNjMGExNTViMzE1XkEyXkFqcGdeQXVyNTE0MDc0NTM@._V1_SX600.jpg,Nikkhil Advani,"Naina, an introverted, perpetually depressed girl's life changes when she meets Aman. But Aman has a secret of his own which changes their lives forever. Embroiled in all this is Rohit, Naina's best friend who conceals his love for her."
movie_0376,Mou gaan dou,Movie,Action,Crime,2002,101.0,UA,English,USA,8.0,,169659.0,,,False,2020-03-09,True,https://m.media-amazon.com/images/M/MV5BM2U0NTcxOTktN2MwZS00N2Q2LWJlYWItMTg0NWIyMDIxNzU5L2ltYWdlXkEyXkFqcGdeQXVyNTAyODkwOQ@._V1_SX600.jpg,Andrew Lau,"A story between a mole in the police department and an undercover cop. Their objectives are the same: to find out who is the mole, and who is the cop."
movie_0377,Pirates of the Caribbean: The Curse of the Black Pearl,Movie,Action,Adventure,2003,143.0,UA,English,USA,8.0,,305413918.0,,,False,2017-10-20,False,https://m.media-amazon.com/images/M/MV5BNGYyZGM5MGMtYTY2Ni00M2Y1LWIzNjQtYWUzM2VlNGVhMDNhXkEyXkFqcGdeQXVyMTMxODk2OTU@._V1_SX600.jpg,Gore Verbinski,"Blacksmith Will Turner teams up with eccentric pirate ""Captain"" Jack Sparrow to save his love, the governor's daughter, from Jack's former pirate allies, who are now undead."
movie_0378,Big Fish,Movie,Adventure,Drama,2003,125.0,U,English,USA,8.0,,66257002.0,,,False,2024-10-21,False,https://m.media-amazon.com/images/M/MV5BMmU3NzIyODctYjVhOC00NzBmLTlhNWItMzBlODEwZTlmMjUzXkEyXkFqcGdeQXVyNTIzOTk5ODM@._V1_SX600.jpg,Tim Burton,A frustrated son tries to determine the fact from fiction in his dying father's life.
movie_0379,The Incredibles,Movie,Animation,Action,2004,115.0,U,English,USA,8.0,,261441092.0,,,False,2025-05-09,False,https://m.media-amazon.com/images/M/MV5BMTY5OTU0OTc2NV5BMl5BanBnXkFtZTcwMzU4MDcyMQ@._V1_SX600.jpg,Brad Bird,"A family of undercover superheroes, while trying to live the quiet suburban life, are forced into action to save the world."
movie_0380,Yeopgijeogin geunyeo,Movie,Comedy,Drama,2001,137.0,Not Rated,English,USA,8.0,,,,,False,2015-11-05,False,https://m.media-amazon.com/images/M/MV5BMjM2NTYxMTE3OV5BMl5BanBnXkFtZTgwNDgwNjgwMzE@._V1_SX600.jpg,Jae-young Kwak,"A young man sees a drunk, cute woman standing too close to the tracks at a metro station in Seoul and pulls her back. She ends up getting him into trouble repeatedly after that, starting on the train."
movie_0381,Dogville,Movie,Crime,Drama,2003,178.0,R,English,USA,8.0,,1530386.0,,,False,2019-12-21,True,https://m.media-amazon.com/images/M/MV5BMTkwNTg2MTI1NF5BMl5BanBnXkFtZTcwMDM1MzUyMQ@._V1_SX600.jpg,Lars von Trier,"A woman on the run from the mob is reluctantly accepted in a small Colorado community in exchange for labor, but when a search visits the town she finds out that their support has a price."
movie_0382,Vizontele,Movie,Comedy,Drama,2001,110.0,Not Rated,English,USA,8.0,,,,,False,2024-01-23,False,"https://m.media-amazon.com/images/M/MV5BMjA2MzM4NjkyMF5BMl5BanBnXkFtZTYwMTQ2ODc5._V1_UY98_CR2,0,67,98_AL_.jpg@._V1_SX600.jpg",Yilmaz Erdogan,Lives of residents in a small Anatolian village change when television is introduced to them
movie_0383,Donnie Darko,Movie,Drama,Mystery,2001,113.0,R,English,USA,8.0,,1480006.0,,,False,2024-08-29,False,https://m.media-amazon.com/images/M/MV5BZjZlZDlkYTktMmU1My00ZDBiLWFlNjEtYTBhNjVhOTM4ZjJjXkEyXkFqcGdeQXVyMTMxODk2OTU@._V1_SX600.jpg,Richard Kelly,"After narrowly escaping a bizarre accident, a troubled teenager is plagued by visions of a man in a large rabbit suit who manipulates him to commit a series of crimes."
movie_0384,Magnolia,Movie,Drama,,1999,188.0,R,English,USA,8.0,,22455976.0,,,False,2024-08-07,False,https://m.media-amazon.com/images/M/MV5BZjk3YThkNDktNjZjMS00MTBiLTllNTAtYzkzMTU0N2QwYjJjXkEyXkFqcGdeQXVyMTMxODk2OTU@._V1_SX600.jpg,Paul Thomas Anderson,"An epic mosaic of interrelated characters in search of love, forgiveness, and meaning in the San Fernando Valley."
movie_0385,Dancer in the Dark,Movie,Crime,Drama,2000,140.0,U,English,USA,8.0,,4184036.0,,,False,2021-03-04,True,https://m.media-amazon.com/images/M/MV5BNDVkYWMxNWEtNjc2MC00OGI5LWI3NmUtYWUwNDQyOTc3YmY5XkEyXkFqcGdeQXVyMTQxNzMzNDI@._V1_SX600.jpg,Lars von Trier,"An East European girl travels to the United States with her young son, expecting it to be like a Hollywood film."
movie_0386,The Straight Story,Movie,Biography,Drama,1999,112.0,U,English,USA,8.0,,6203044.0,,,False,2016-02-06,False,https://m.media-amazon.com/images/M/MV5BNmE1MDk4OWEtYjk1NS00MWU2LTk5ZWItYjZhYmRkODRjMDc0XkEyXkFqcGdeQXVyNjE5MjUyOTM@._V1_SX600.jpg,David Lynch,An old man makes a long journey by lawnmower to mend his relationship with an ill brother.
movie_0387,Pâfekuto burû,Movie,Animation,Crime,1997,81.0,A,Japanese,Japan,8.0,,776665.0,,,False,2015-07-27,True,https://m.media-amazon.com/images/M/MV5BMmMzOWNhNTYtYmY0My00OGJiLWIzNDUtZWRhNGY0NWFjNzFmXkEyXkFqcGdeQXVyNjUxMDQ0MTg@._V1_SX600.jpg,Satoshi Kon,"A pop singer gives up her career to become an actress, but she slowly goes insane when she starts being stalked by an obsessed fan and what seems to be a ghost of her past."
movie_0388,Festen,Movie,Drama,,1998,105.0,R,English,USA,8.0,,1647780.0,,,False,2022-04-25,False,https://m.media-amazon.com/images/M/MV5BYTg3Yjc4N2QtZDdlNC00NmU2LWFiYjktYjI3NTMwMjk4M2FmXkEyXkFqcGdeQXVyMjgyNjk3MzE@._V1_SX600.jpg,Thomas Vinterberg,"At Helge's 60th birthday party, some unpleasant family truths are revealed."
movie_0389,Central do Brasil,Movie,Drama,,1998,110.0,R,Portuguese,Brazil,8.0,,5595428.0,,,False,2021-01-23,False,https://m.media-amazon.com/images/M/MV5BMjE3ZDA5ZmUtYTk1ZS00NmZmLWJhNTItYjIwZjUwN2RjNzIyXkEyXkFqcGdeQXVyMTkzODUwNzk@._V1_SX600.jpg,Walter Salles,"An emotive journey of a former school teacher, who writes letters for illiterate people, and a young boy, whose mother has just died, as they search for the father he never knew."
movie_0390,The Iron Giant,Movie,Animation,Action,1999,86.0,PG,English,USA,8.0,,23159305.0,,,False,2024-05-17,False,https://m.media-amazon.com/images/M/MV5BMjIxNDU2Njk0OV5BMl5BanBnXkFtZTgwODc3Njc3NjE@._V1_SX600.jpg,Brad Bird,A young boy befriends a giant robot from outer space that a paranoid government agent wants to destroy.
movie_0391,Knockin' on Heaven's Door,Movie,Action,Crime,1997,87.0,Not Rated,English,USA,8.0,,3296.0,,,False,2015-03-02,True,https://m.media-amazon.com/images/M/MV5BMTk2MjcxNjMzN15BMl5BanBnXkFtZTgwMTE3OTEwNjE@._V1_SX600.jpg,Thomas Jahn,"Two terminally ill patients escape from a hospital, steal a car and rush towards the sea."
movie_0392,Sling Blade,Movie,Drama,,1996,135.0,R,English,USA,8.0,,24475416.0,,,False,2025-11-13,False,https://m.media-amazon.com/images/M/MV5BNGY5NWIxMjAtODBjNC00MmZhLTk1ZTAtNGRhYThlOTNjMTQwXkEyXkFqcGdeQXVyNTc1NTQxODI@._V1_SX600.jpg,Billy Bob Thornton,"Karl Childers, a simple man hospitalized since his childhood murder of his mother and her lover, is released to start a new life in a small town."
movie_0393,Secrets & Lies,Movie,Comedy,Drama,1996,136.0,U,English,USA,8.0,,13417292.0,,,False,2016-01-18,False,https://m.media-amazon.com/images/M/MV5BY2QzMTIxNjItNGQyNy00MjQzLWJiYTItMzIyZjdkYjYyYjRlXkEyXkFqcGdeQXVyMTAwMzUyOTc@._V1_SX600.jpg,Mike Leigh,"Following the death of her adoptive parents, a successful young black optometrist establishes contact with her biological mother -- a lonely white factory worker living in poverty in East London."
movie_0394,Twelve Monkeys,Movie,Mystery,Sci-Fi,1995,129.0,A,English,USA,8.0,,57141459.0,,,False,2025-05-22,False,https://m.media-amazon.com/images/M/MV5BN2Y2OWU4MWMtNmIyMy00YzMyLWI0Y2ItMTcyZDc3MTdmZDU4XkEyXkFqcGdeQXVyMTQxNzMzNDI@._V1_SX600.jpg,Terry Gilliam,"In a future world devastated by disease, a convict is sent back in time to gather information about the man-made virus that wiped out most of the human population on the planet."
movie_0395,Kôkaku Kidôtai,Movie,Animation,Action,1995,83.0,UA,Japanese,Japan,8.0,,515905.0,,,False,2023-06-14,False,https://m.media-amazon.com/images/M/MV5BYWRiYjQyOGItNzQ1Mi00MGI1LWE3NjItNTg1ZDQwNjUwNDM2XkEyXkFqcGdeQXVyNTAyODkwOQ@._V1_SX600.jpg,Mamoru Oshii,A cyborg policewoman and her partner hunt a mysterious and powerful hacker called the Puppet Master.
movie_0396,The Nightmare Before Christmas,Movie,Animation,Family,1993,76.0,U,English,USA,8.0,,75082668.0,,,False,2024-07-08,False,https://m.media-amazon.com/images/M/MV5BNWE4OTNiM2ItMjY4Ni00ZTViLWFiZmEtZGEyNGY2ZmNlMzIyXkEyXkFqcGdeQXVyMDU5NDcxNw@._V1_SX600.jpg,Henry Selick,"Jack Skellington, king of Halloween Town, discovers Christmas Town, but his attempts to bring Christmas to his home causes confusion."
movie_0397,Groundhog Day,Movie,Comedy,Fantasy,1993,101.0,U,English,USA,8.0,,70906973.0,,,False,2017-08-26,False,https://m.media-amazon.com/images/M/MV5BZWIxNzM5YzQtY2FmMS00Yjc3LWI1ZjUtNGVjMjMzZTIxZTIxXkEyXkFqcGdeQXVyNjU0OTQ0OTY@._V1_SX600.jpg,Harold Ramis,A weatherman finds himself inexplicably living the same day over and over again.
movie_0398,Bound by Honor,Movie,Crime,Drama,1993,180.0,R,English,USA,8.0,,4496583.0,,,False,2016-11-12,True,https://m.media-amazon.com/images/M/MV5BNzZmMjAxNjQtZjQzOS00NjU4LWI0NDktZjlkZTgwNjVmNzU3XkEyXkFqcGdeQXVyNTI4MjkwNjA@._V1_SX600.jpg,Taylor Hackford,"Based on the true life experiences of poet Jimmy Santiago Baca, the film focuses on step-brothers Paco and Cruz, and their bi-racial cousin Miklo."
movie_0399,Scent of a Woman,Movie,Drama,,1992,156.0,UA,English,USA,8.0,,63895607.0,,,False,2019-07-23,False,https://m.media-amazon.com/images/M/MV5BZTM3ZjA3NTctZThkYy00ODYyLTk2ZjItZmE0MmZlMTk3YjQwXkEyXkFqcGdeQXVyNTA4NzY1MzY@._V1_SX600.jpg,Martin Brest,"A prep school student needing money agrees to ""babysit"" a blind man, but the job is not at all what he anticipated."
movie_0400,Aladdin,Movie,Animation,Adventure,1992,90.0,U,English,USA,8.0,,217350219.0,,,False,2020-06-12,False,https://m.media-amazon.com/images/M/MV5BY2Q2NDI1MjUtM2Q5ZS00MTFlLWJiYWEtNTZmNjQ3OGJkZDgxXkEyXkFqcGdeQXVyNTI4MjkwNjA@._V1_SX600.jpg,Ron Clements,A kindhearted street urchin and a power-hungry Grand Vizier vie for a magic lamp that has the power to make their deepest wishes come true.
movie_0401,JFK,Movie,Drama,History,1991,189.0,UA,English,USA,8.0,,70405498.0,,,False,2020-05-25,False,https://m.media-amazon.com/images/M/MV5BYjYyODExMDctZjgwYy00ZjQwLWI4OWYtOGFlYjA4ZjEzNmY1XkEyXkFqcGdeQXVyNTAyODkwOQ@._V1_SX600.jpg,Oliver Stone,New Orleans District Attorney Jim Garrison discovers there's more to the Kennedy assassination than the official story.
movie_0402,Beauty and the Beast,Movie,Animation,Family,1991,84.0,G,English,USA,8.0,,218967620.0,,,False,2017-05-25,False,https://m.media-amazon.com/images/M/MV5BMzE5MDM1NDktY2I0OC00YWI5LTk2NzUtYjczNDczOWQxYjM0XkEyXkFqcGdeQXVyMTQxNzMzNDI@._V1_SX600.jpg,Gary Trousdale,A prince cursed to spend his days as a hideous monster sets out to regain his humanity by earning a young woman's love.
movie_0403,Dances with Wolves,Movie,Adventure,Drama,1990,181.0,U,English,USA,8.0,,184208848.0,,,False,2024-09-11,False,https://m.media-amazon.com/images/M/MV5BMTY3OTI5NDczN15BMl5BanBnXkFtZTcwNDA0NDY3Mw@._V1_SX600.jpg,Kevin Costner,"Lieutenant John Dunbar, assigned to a remote western Civil War outpost, befriends wolves and Indians, making him an intolerable aberration in the military."
movie_0404,Do the Right Thing,Movie,Comedy,Drama,1989,120.0,R,English,USA,8.0,,27545445.0,,,False,2019-07-01,False,https://m.media-amazon.com/images/M/MV5BODA2MjU1NTI1MV5BMl5BanBnXkFtZTgwOTU4ODIwMjE@._V1_SX600.jpg,Spike Lee,"On the hottest day of the year on a street in the Bedford-Stuyvesant section of Brooklyn, everyone's hate and bigotry smolders and builds until it explodes into violence."
movie_0405,Rain Man,Movie,Drama,,1988,133.0,U,English,USA,8.0,,178800000.0,,,False,2025-02-13,False,https://m.media-amazon.com/images/M/MV5BMzVjNzI4NzYtMjE4NS00M2IzLWFkOWMtOTYwMWUzN2ZlNGVjL2ltYWdlL2ltYWdlXkEyXkFqcGdeQXVyMTQxNzMzNDI@._V1_SX600.jpg,Barry Levinson,Selfish yuppie Charlie Babbitt's father left a fortune to his savant brother Raymond and a pittance to Charlie; they travel cross-country.
movie_0406,Akira,Movie,Animation,Action,1988,124.0,UA,English,USA,8.0,,553171.0,,,False,2015-08-29,False,https://m.media-amazon.com/images/M/MV5BM2ZiZTk1ODgtMTZkNS00NTYxLWIxZTUtNWExZGYwZTRjODViXkEyXkFqcGdeQXVyMTE2MzA3MDM@._V1_SX600.jpg,Katsuhiro Ôtomo,A secret military project endangers Neo-Tokyo when it turns a biker gang member into a rampaging psychic psychopath who can only be stopped by two teenagers and a group of psychics.
movie_0407,The Princess Bride,Movie,Adventure,Family,1987,98.0,U,English,USA,8.0,,30857814.0,,,False,2016-11-05,False,https://m.media-amazon.com/images/M/MV5BMGM4M2Q5N2MtNThkZS00NTc1LTk1NTItNWEyZjJjNDRmNDk5XkEyXkFqcGdeQXVyMjA0MDQ0Mjc@._V1_SX600.jpg,Rob Reiner,"While home sick in bed, a young boy's grandfather reads him the story of a farmboy-turned-pirate who encounters numerous obstacles, enemies and allies in his quest to be reunited with his true love."
movie_0408,Der Himmel über Berlin,Movie,Drama,Fantasy,1987,128.0,U,German,Germany,8.0,,3333969.0,,,False,2019-04-02,False,https://m.media-amazon.com/images/M/MV5BMzMxZjUzOGQtOTFlOS00MzliLWJhNTUtOTgyNzYzMWQ2YzhmXkEyXkFqcGdeQXVyNjQ2MjQ5NzM@._V1_SX600.jpg,Wim Wenders,An angel tires of overseeing human activity and wishes to become human when he falls in love with a mortal.
movie_0409,Au revoir les enfants,Movie,Drama,War,1987,104.0,U,French,France,8.0,,4542825.0,,,False,2015-01-09,True,https://m.media-amazon.com/images/M/MV5BZmYxOTA5YTEtNDY3Ni00YTE5LWE1MTgtYjc4ZWUxNWY3ZTkxXkEyXkFqcGdeQXVyNjQ2MjQ5NzM@._V1_SX600.jpg,Louis Malle,"A French boarding school run by priests seems to be a haven from World War II until a new student arrives. He becomes the roommate of the top student in his class. Rivals at first, the roommates form a bond and share a secret."
movie_0410,Tenkû no shiro Rapyuta,Movie,Animation,Adventure,1986,125.0,U,Japanese,Japan,8.0,,,,,False,2019-05-19,False,https://m.media-amazon.com/images/M/MV5BNTg0NmI1ZGQtZTUxNC00NTgxLThjMDUtZmRlYmEzM2MwOWYwXkEyXkFqcGdeQXVyMzM4MjM0Nzg@._V1_SX600.jpg,Hayao Miyazaki,A young boy and a girl with a magic crystal must race against pirates and foreign agents in a search for a legendary floating castle.
movie_0411,The Terminator,Movie,Action,Sci-Fi,1984,107.0,UA,English,USA,8.0,,38400000.0,,,False,2017-12-22,False,https://m.media-amazon.com/images/M/MV5BYTViNzMxZjEtZGEwNy00MDNiLWIzNGQtZDY2MjQ1OWViZjFmXkEyXkFqcGdeQXVyNzkwMjQ5NzM@._V1_SX600.jpg,James Cameron,"A human soldier is sent from 2029 to 1984 to stop an almost indestructible cyborg killing machine, sent from the same year, which has been programmed to execute a young woman whose unborn son is the key to humanity's future salvation."
movie_0412,Gandhi,Movie,Biography,Drama,1982,191.0,U,English,USA,8.0,,52767889.0,,,False,2025-05-23,False,https://m.media-amazon.com/images/M/MV5BMzJiZDRmOWUtYjE2MS00Mjc1LTg1ZDYtNTQxYWJkZTg1OTM4XkEyXkFqcGdeQXVyNjUwNzk3NDc@._V1_SX600.jpg,Richard Attenborough,The life of the lawyer who became the famed leader of the Indian revolts against the British rule through his philosophy of nonviolent protest.
movie_0413,Kagemusha,Movie,Drama,History,1980,180.0,U,Japanese,Japan,8.0,,,,,False,2023-10-17,False,https://m.media-amazon.com/images/M/MV5BMzFhNWVmNWItNGM5OC00NjZhLTk3YTQtMjE1ODUyOThlMjNmL2ltYWdlXkEyXkFqcGdeQXVyNTAyODkwOQ@._V1_SX600.jpg,Akira Kurosawa,A petty thief with an utter resemblance to a samurai warlord is hired as the lord's double. When the warlord later dies the thief is forced to take up arms in his place.
movie_0414,Being There,Movie,Comedy,Drama,1979,130.0,PG,English,USA,8.0,,30177511.0,,,False,2023-10-21,False,https://m.media-amazon.com/images/M/MV5BNjAzNzJjYzQtMGFmNS00ZjAzLTkwMjgtMWIzYzFkMzM4Njg3XkEyXkFqcGdeQXVyMTY5Nzc4MDY@._V1_SX600.jpg,Hal Ashby,"A simpleminded, sheltered gardener becomes an unlikely trusted advisor to a powerful businessman and an insider in Washington politics."
movie_0415,Annie Hall,Movie,Comedy,Romance,1977,93.0,A,English,USA,8.0,,39200000.0,,,False,2020-02-07,False,https://m.media-amazon.com/images/M/MV5BZDg1OGQ4YzgtM2Y2NS00NjA3LWFjYTctMDRlMDI3NWE1OTUyXkEyXkFqcGdeQXVyMjUzOTY1NTc@._V1_SX600.jpg,Woody Allen,Neurotic New York comedian Alvy Singer falls in love with the ditzy Annie Hall.
movie_0416,Jaws,Movie,Adventure,Thriller,1975,124.0,A,English,USA,8.0,,260000000.0,,,False,2018-03-14,False,https://m.media-amazon.com/images/M/MV5BMmVmODY1MzEtYTMwZC00MzNhLWFkNDMtZjAwM2EwODUxZTA5XkEyXkFqcGdeQXVyNTAyODkwOQ@._V1_SX600.jpg,Steven Spielberg,"When a killer shark unleashes chaos on a beach community, it's up to a local sheriff, a marine biologist, and an old seafarer to hunt the beast down."
movie_0417,Dog Day Afternoon,Movie,Biography,Crime,1975,125.0,U,English,USA,8.0,,50000000.0,,,False,2019-09-29,True,https://m.media-amazon.com/images/M/MV5BODExZmE2ZWItYTIzOC00MzI1LTgyNTktMDBhNmFhY2Y4OTQ3XkEyXkFqcGdeQXVyNjU0OTQ0OTY@._V1_SX600.jpg,Sidney Lumet,"Three amateur bank robbers plan to hold up a bank. A nice simple robbery: Walk in, take the money, and run. Unfortunately, the supposedly uncomplicated heist suddenly becomes a bizarre nightmare as everything that could go wrong does."
movie_0418,Young Frankenstein,Movie,Comedy,,1974,106.0,A,English,USA,8.0,,86300000.0,,,False,2022-10-24,False,"https://m.media-amazon.com/images/M/MV5BMTEwNjg2MjM2ODFeQTJeQWpwZ15BbWU4MDQ1MDU5OTEx._V1_UX67_CR0,0,67,98_AL_.jpg@._V1_SX600.jpg",Mel Brooks,"An American grandson of the infamous scientist, struggling to prove that his grandfather was not as insane as people believe, is invited to Transylvania, where he discovers the process that reanimates a dead body."
movie_0419,Papillon,Movie,Biography,Crime,1973,151.0,R,English,USA,8.0,,53267000.0,,,False,2025-09-26,True,https://m.media-amazon.com/images/M/MV5BZGRjZjQ0NzAtYmZlNS00Zjc1LTk1YWItMDY5YzQxMzA4MTAzXkEyXkFqcGdeQXVyMjI4MjA5MzA@._V1_SX600.jpg,Franklin J. Schaffner,"A man befriends a fellow criminal as the two of them begin serving their sentence on a dreadful prison island, which inspires the man to plot his escape."
movie_0420,The Exorcist,Movie,Horror,,1973,122.0,A,English,USA,8.0,,232906145.0,,,False,2023-03-12,True,https://m.media-amazon.com/images/M/MV5BYjhmMGMxZDYtMTkyNy00YWVmLTgyYmUtYTU3ZjcwNTBjN2I1XkEyXkFqcGdeQXVyNzkwMjQ5NzM@._V1_SX600.jpg,William Friedkin,"When a 12-year-old girl is possessed by a mysterious entity, her mother seeks the help of two priests to save her."
movie_0421,Sleuth,Movie,Mystery,Thriller,1972,138.0,PG,English,USA,8.0,,4081254.0,,,False,2023-10-14,False,https://m.media-amazon.com/images/M/MV5BM2EzZmFmMmItODY3Zi00NjdjLWE0MTYtZWQ3MGIyM2M4YjZhXkEyXkFqcGdeQXVyMzg2MzE2OTE@._V1_SX600.jpg,Joseph L. Mankiewicz,"A man who loves games and theater invites his wife's lover to meet him, setting up a battle of wits with potentially deadly results."
movie_0422,The Last Picture Show,Movie,Drama,Romance,1971,118.0,R,English,USA,8.0,,29133000.0,,,False,2021-03-26,False,https://m.media-amazon.com/images/M/MV5BNmVjNzZkZjQtYmM5ZC00M2I0LWJhNzktNDk3MGU1NWMxMjFjXkEyXkFqcGdeQXVyNjc1NTYyMjg@._V1_SX600.jpg,Peter Bogdanovich,"In 1951, a group of high schoolers come of age in a bleak, isolated, atrophied North Texas town that is slowly dying, both culturally and economically."
movie_0423,Fiddler on the Roof,Movie,Drama,Family,1971,181.0,G,English,USA,8.0,,80500000.0,,,False,2022-06-04,False,https://m.media-amazon.com/images/M/MV5BMWMxNDYzNmUtYjFmNC00MGM2LWFmNzMtODhlMGNkNDg5MjE5XkEyXkFqcGdeQXVyNjE5MjUyOTM@._V1_SX600.jpg,Norman Jewison,"In prerevolutionary Russia, a Jewish peasant contends with marrying off three of his daughters while growing anti-Semitic sentiment threatens his village."
movie_0424,Il conformista,Movie,Drama,,1970,113.0,UA,Italian,Italy,8.0,,541940.0,,,False,2023-01-21,False,https://m.media-amazon.com/images/M/MV5BODFlYzU4YTItN2EwYi00ODI3LTkwNTQtMDdkNjM3YjMyMTgyXkEyXkFqcGdeQXVyNjc1NTYyMjg@._V1_SX600.jpg,Bernardo Bertolucci,"A weak-willed Italian man becomes a fascist flunky who goes abroad to arrange the assassination of his old teacher, now a political dissident."
movie_0425,Butch Cassidy and the Sundance Kid,Movie,Biography,Crime,1969,110.0,PG,English,USA,8.0,,102308889.0,,,False,2020-06-16,True,https://m.media-amazon.com/images/M/MV5BMTkyMTM2NDk5Nl5BMl5BanBnXkFtZTgwNzY1NzEyMDE@._V1_SX600.jpg,George Roy Hill,"Wyoming, early 1900s. Butch Cassidy and The Sundance Kid are the leaders of a band of outlaws. After a train robbery goes wrong they find themselves on the run with a posse hard on their heels. Their solution - escape to Bolivia."
movie_0426,Rosemary's Baby,Movie,Drama,Horror,1968,137.0,A,English,USA,8.0,,,,,False,2016-09-26,True,https://m.media-amazon.com/images/M/MV5BZmEwZGU2NzctYzlmNi00MGJkLWE3N2MtYjBlN2ZhMGJkZTZiXkEyXkFqcGdeQXVyMTQxNzMzNDI@._V1_SX600.jpg,Roman Polanski,A young couple trying for a baby move into a fancy apartment surrounded by peculiar neighbors.
movie_0427,Planet of the Apes,Movie,Adventure,Sci-Fi,1968,112.0,U,English,USA,8.0,,33395426.0,,,False,2017-02-16,False,https://m.media-amazon.com/images/M/MV5BMTg0NjUwMzg5NF5BMl5BanBnXkFtZTgwNDQ0NjcwMTE@._V1_SX600.jpg,Franklin J. Schaffner,"An astronaut crew crash-lands on a planet in the distant future where intelligent talking apes are the dominant species, and humans are the oppressed and enslaved."
movie_0428,The Graduate,Movie,Comedy,Drama,1967,106.0,A,English,USA,8.0,,104945305.0,,,False,2018-04-30,False,https://m.media-amazon.com/images/M/MV5BMTQ0ODc4MDk4Nl5BMl5BanBnXkFtZTcwMTEzNzgzNA@._V1_SX600.jpg,Mike Nichols,A disillusioned college graduate finds himself torn between his older lover and her daughter.
movie_0429,Who's Afraid of Virginia Woolf?,Movie,Drama,,1966,131.0,A,English,USA,8.0,,,,,False,2017-06-10,False,https://m.media-amazon.com/images/M/MV5BMjQ5ODI1MjQtMDc0Zi00OGQ1LWE2NTYtMTg1YTkxM2E5NzFkXkEyXkFqcGdeQXVyNTA4NzY1MzY@._V1_SX600.jpg,Mike Nichols,"A bitter, aging couple, with the help of alcohol, use their young houseguests to fuel anguish and emotional pain towards each other over the course of a distressing night."
movie_0430,The Sound of Music,Movie,Biography,Drama,1965,172.0,U,English,USA,8.0,,163214286.0,,,False,2025-11-11,False,https://m.media-amazon.com/images/M/MV5BODIxNjhkYjEtYzUyMi00YTNjLWE1YjktNjAyY2I2MWNkNmNmL2ltYWdlL2ltYWdlXkEyXkFqcGdeQXVyMTQxNzMzNDI@._V1_SX600.jpg,Robert Wise,A woman leaves an Austrian convent to become a governess to the children of a Naval officer widower.
movie_0431,Doctor Zhivago,Movie,Drama,Romance,1965,197.0,A,English,USA,8.0,,111722000.0,,,False,2015-08-28,False,https://m.media-amazon.com/images/M/MV5BNzdmZTk4MTktZmExNi00OWEwLTgxZDctNTE4NWMwNjc1Nzg2XkEyXkFqcGdeQXVyNjc1NTYyMjg@._V1_SX600.jpg,David Lean,"The life of a Russian physician and poet who, although married to another, falls in love with a political activist's wife and experiences hardship during World War I and then the October Revolution."
movie_0432,Per un pugno di dollari,Movie,Action,Drama,1964,99.0,A,Italian,Italy,8.0,,14500000.0,,,False,2021-06-30,False,https://m.media-amazon.com/images/M/MV5BYjA1MGVlMGItNzgxMC00OWY4LWI4YjEtNTNmYWIzMGUxOGQzXkEyXkFqcGdeQXVyNjc1NTYyMjg@._V1_SX600.jpg,Sergio Leone,"A wandering gunfighter plays two rival families against each other in a town torn apart by greed, pride, and revenge."
movie_0433,8½,Movie,Drama,,1963,138.0,Not Rated,Italian,Italy,8.0,,50690.0,,,False,2023-04-02,False,https://m.media-amazon.com/images/M/MV5BMTQ4MTA0NjEzMF5BMl5BanBnXkFtZTgwMDg4NDYxMzE@._V1_SX600.jpg,Federico Fellini,A harried movie director retreats into his memories and fantasies.
movie_0434,Vivre sa vie: Film en douze tableaux,Movie,Drama,,1962,80.0,Not Rated,French,France,8.0,,,,,False,2021-01-29,False,https://m.media-amazon.com/images/M/MV5BNjMyZmI5NmItY2JlMi00NzU3LWI5ZGItZjhkOTE0YjEyN2Q4XkEyXkFqcGdeQXVyNDkzNTM2ODg@._V1_SX600.jpg,Jean-Luc Godard,Twelve episodic tales in the life of a Parisian woman and her slow descent into prostitution.
movie_0435,The Hustler,Movie,Drama,Sport,1961,134.0,A,English,USA,8.0,,8284000.0,,,False,2015-09-07,False,https://m.media-amazon.com/images/M/MV5BNjhjODI2NTItMGE1ZS00NThiLWE1MmYtOWE3YzcyNzY1MTJlXkEyXkFqcGdeQXVyNTc1NTQxODI@._V1_SX600.jpg,Robert Rossen,An up-and-coming pool player plays a long-time champion in a single high-stakes match.
movie_0436,La dolce vita,Movie,Comedy,Drama,1960,174.0,A,Italian,Italy,8.0,,19516000.0,,,False,2023-05-22,False,https://m.media-amazon.com/images/M/MV5BODQ0NzY5NGEtYTc5NC00Yjg4LTg4Y2QtZjE2MTkyYTNmNmU2L2ltYWdlL2ltYWdlXkEyXkFqcGdeQXVyNjc1NTYyMjg@._V1_SX600.jpg,Federico Fellini,A series of stories following a week in the life of a philandering paparazzo journalist living in Rome.
movie_0437,Rio Bravo,Movie,Action,Drama,1959,141.0,Passed,English,USA,8.0,,12535000.0,,,False,2018-07-08,False,https://m.media-amazon.com/images/M/MV5BZDVhMTk1NjUtYjc0OS00OTE1LTk1NTYtYWMzMDI5OTlmYzU2XkEyXkFqcGdeQXVyNjc1NTYyMjg@._V1_SX600.jpg,Howard Hawks,"A small-town sheriff in the American West enlists the help of a cripple, a drunk, and a young gunfighter in his efforts to hold in jail the brother of the local bad guy."
movie_0438,Anatomy of a Murder,Movie,Crime,Drama,1959,161.0,Not Rated,English,USA,8.0,,11900000.0,,,False,2015-08-23,True,https://m.media-amazon.com/images/M/MV5BMzM0MzE2ZTAtZTBjZS00MTk5LTg5OTEtNjNmYmQ5NzU2OTUyXkEyXkFqcGdeQXVyNDY2MTk1ODk@._V1_SX600.jpg,Otto Preminger,"In a murder trial, the defendant says he suffered temporary insanity after the victim raped his wife. What is the truth, and will he win his case?"
movie_0439,Touch of Evil,Movie,Crime,Drama,1958,95.0,PG-13,English,USA,8.0,,2237659.0,,,False,2015-07-25,True,https://m.media-amazon.com/images/M/MV5BOTA1MjA3M2EtMmJjZS00OWViLTkwMTEtM2E5ZDk0NTAyNGJiXkEyXkFqcGdeQXVyNzkwMjQ5NzM@._V1_SX600.jpg,Orson Welles,"A stark, perverse story of murder, kidnapping, and police corruption in a Mexican border town."
movie_0440,Cat on a Hot Tin Roof,Movie,Drama,,1958,108.0,A,English,USA,8.0,,17570324.0,,,False,2021-07-20,False,https://m.media-amazon.com/images/M/MV5BMzFhNTMwNDMtZjY3Yy00NzY3LWI1ZWQtZTQxMWJmODVhZWFkXkEyXkFqcGdeQXVyNjQzNDI3NzY@._V1_SX600.jpg,Richard Brooks,Brick is an alcoholic ex-football player who drinks his days away and resists the affections of his wife. A reunion with his terminal father jogs a host of memories and revelations for both father and son.
movie_0441,Sweet Smell of Success,Movie,Drama,Film-Noir,1957,96.0,Approved,English,USA,8.0,,,,,False,2020-05-06,False,https://m.media-amazon.com/images/M/MV5BMjE5NTU3YWYtOWIxNi00YWZhLTg2NzktYzVjZWY5MDQ4NzVlXkEyXkFqcGdeQXVyNjc1NTYyMjg@._V1_SX600.jpg,Alexander Mackendrick,Powerful but unethical Broadway columnist J.J. Hunsecker coerces unscrupulous press agent Sidney Falco into breaking up his sister's romance with a jazz musician.
movie_0442,The Killing,Movie,Crime,Drama,1956,84.0,Approved,English,USA,8.0,,,,,False,2020-08-21,True,https://m.media-amazon.com/images/M/MV5BMDE5ZjAwY2YtOWM5Yi00ZWNlLWE5ODQtYjA4NzA1NGFkZDU5XkEyXkFqcGdeQXVyNjc1NTYyMjg@._V1_SX600.jpg,Stanley Kubrick,Crook Johnny Clay assembles a five man team to plan and execute a daring race-track robbery.
movie_0443,The Night of the Hunter,Movie,Crime,Drama,1955,92.0,Not Rated,English,USA,8.0,,654000.0,,,False,2025-04-23,True,https://m.media-amazon.com/images/M/MV5BYTNjN2M2MzYtZGEwMi00Mzc5LWEwYTMtODM1ZmRiZjFiNTU0L2ltYWdlL2ltYWdlXkEyXkFqcGdeQXVyNjc1NTYyMjg@._V1_SX600.jpg,Charles Laughton,"A religious fanatic marries a gullible widow whose young children are reluctant to tell him where their real daddy hid the $10,000 he'd stolen in a robbery."
movie_0444,La Strada,Movie,Drama,,1954,108.0,Not Rated,Italian,Italy,8.0,,,,,False,2024-07-24,False,https://m.media-amazon.com/images/M/MV5BYjUyOGMyMTQtYTM5Yy00MjFiLTk2OGItMWYwMDc2YmM1YzhiXkEyXkFqcGdeQXVyMjA0MzYwMDY@._V1_SX600.jpg,Federico Fellini,"A care-free girl is sold to a traveling entertainer, consequently enduring physical and emotional pain along the way."
movie_0445,Les diaboliques,Movie,Crime,Drama,1955,117.0,Not Rated,English,USA,8.0,,,,,False,2020-12-15,True,https://m.media-amazon.com/images/M/MV5BMGJmNmU5OTAtOTQyYy00MmM3LTk4MzUtMGFiZDYzODdmMmU4XkEyXkFqcGdeQXVyNjU0OTQ0OTY@._V1_SX600.jpg,Henri-Georges Clouzot,The wife and mistress of a loathed school principal plan to murder him with what they believe is the perfect alibi.
movie_0446,Stalag 17,Movie,Comedy,Drama,1953,120.0,Not Rated,English,USA,8.0,,,,,False,2016-10-06,False,https://m.media-amazon.com/images/M/MV5BNDMyNGU0NjUtNTIxMC00ZmU2LWE0ZGItZTdkNGVlODI2ZDcyL2ltYWdlXkEyXkFqcGdeQXVyNjc1NTYyMjg@._V1_SX600.jpg,Billy Wilder,"When two escaping American World War II prisoners are killed, the German P.O.W. camp barracks black marketeer, J.J. Sefton, is suspected of being an informer."
movie_0447,Roman Holiday,Movie,Comedy,Romance,1953,118.0,Not Rated,English,USA,8.0,,,,,False,2015-08-21,False,https://m.media-amazon.com/images/M/MV5BMTE2MDM4MTMtZmNkZC00Y2QyLWE0YjUtMTAxZGJmODMxMDM0XkEyXkFqcGdeQXVyNjc1NTYyMjg@._V1_SX600.jpg,William Wyler,A bored and sheltered princess escapes her guardians and falls in love with an American newsman in Rome.
movie_0448,A Streetcar Named Desire,Movie,Drama,,1951,122.0,A,English,USA,8.0,,8000000.0,,,False,2025-10-10,False,https://m.media-amazon.com/images/M/MV5BNzk2M2Y3MzYtNGMzMi00Y2FjLTkwODQtNmExYWU3ZWY3NzExXkEyXkFqcGdeQXVyNTA4NzY1MzY@._V1_SX600.jpg,Elia Kazan,Disturbed Blanche DuBois moves in with her sister in New Orleans and is tormented by her brutish brother-in-law while her reality crumbles around her.
movie_0449,In a Lonely Place,Movie,Drama,Film-Noir,1950,94.0,Not Rated,English,USA,8.0,,,,,False,2020-09-11,False,https://m.media-amazon.com/images/M/MV5BNjRmZjcwZTQtYWY0ZS00ODAwLTg4YTktZDhlZDMwMTM1MGFkXkEyXkFqcGdeQXVyNjc1NTYyMjg@._V1_SX600.jpg,Nicholas Ray,"A potentially violent screenwriter is a murder suspect until his lovely neighbor clears him. However, she soon starts to have her doubts."
movie_0450,Kind Hearts and Coronets,Movie,Comedy,Crime,1949,106.0,U,English,USA,8.0,,,,,False,2015-11-25,True,https://m.media-amazon.com/images/M/MV5BZjc1Yzc0ZmItMzU1OS00OWVlLThmYTctMWNlYmFlMjkxMzc0XkEyXkFqcGdeQXVyNTA1NjYyMDk@._V1_SX600.jpg,Robert Hamer,A distant poor relative of the Duke D'Ascoyne plots to inherit the title by murdering the eight other heirs who stand ahead of him in the line of succession.
movie_0451,Rope,Movie,Crime,Drama,1948,80.0,A,English,USA,8.0,,,,,False,2024-07-19,True,https://m.media-amazon.com/images/M/MV5BYWFjMDNlYzItY2VlMS00ZTRkLWJjYTEtYjI5NmFlMGE3MzQ2XkEyXkFqcGdeQXVyNjc1NTYyMjg@._V1_SX600.jpg,Alfred Hitchcock,Two men attempt to prove they committed the perfect crime by hosting a dinner party after strangling their former classmate to death.
movie_0452,Out of the Past,Movie,Crime,Drama,1947,97.0,Not Rated,English,USA,8.0,,,,,False,2017-01-31,True,https://m.media-amazon.com/images/M/MV5BMDE0MjYxYmMtM2VhMC00MjhiLTg5NjItMDkzZGM5MGVlYjMxL2ltYWdlL2ltYWdlXkEyXkFqcGdeQXVyNjc1NTYyMjg@._V1_SX600.jpg,Jacques Tourneur,"A private eye escapes his past to run a gas station in a small town, but his past catches up with him. Now he must return to the big city world of danger, corruption, double crosses and duplicitous dames."
movie_0453,Brief Encounter,Movie,Drama,Romance,1945,86.0,U,English,USA,8.0,,,,,False,2015-10-08,False,https://m.media-amazon.com/images/M/MV5BYWQ0MGNjOTYtMWJlNi00YWMxLWFmMzktYjAyNTVkY2U1NWNhL2ltYWdlL2ltYWdlXkEyXkFqcGdeQXVyNjc1NTYyMjg@._V1_SX600.jpg,David Lean,"Meeting a stranger in a railway station, a woman is tempted to cheat on her husband."
movie_0454,Laura,Movie,Drama,Film-Noir,1944,88.0,Passed,English,USA,8.0,,4360000.0,,,False,2021-09-03,False,https://m.media-amazon.com/images/M/MV5BYjkxOGM5OTktNTRmZi00MjhlLWE2MDktNzY3NjY3NmRjNDUyXkEyXkFqcGdeQXVyNDY2MTk1ODk@._V1_SX600.jpg,Otto Preminger,A police detective falls in love with the woman whose murder he is investigating.
movie_0455,The Best Years of Our Lives,Movie,Drama,Romance,1946,170.0,Approved,English,USA,8.0,,23650000.0,,,False,2015-10-06,False,https://m.media-amazon.com/images/M/MV5BY2RmNTRjYzctODI4Ni00MzQyLWEyNTAtNjU0N2JkMTNhNjJkXkEyXkFqcGdeQXVyNjU0OTQ0OTY@._V1_SX600.jpg,William Wyler,Three World War II veterans return home to small-town America to discover that they and their families have been irreparably changed.
movie_0456,Arsenic and Old Lace,Movie,Comedy,Crime,1942,118.0,Not Rated,English,USA,8.0,,,,,False,2022-07-28,True,https://m.media-amazon.com/images/M/MV5BZDVlNTBjMjctNjAzNS00ZGJhLTg2NzMtNzIwYTIzYTBiMDkyXkEyXkFqcGdeQXVyNTA4NzY1MzY@._V1_SX600.jpg,Frank Capra,A writer of books on the futility of marriage risks his reputation when he decides to get married. Things get even more complicated when he learns on his wedding day that his beloved maiden aunts are habitual murderers.
movie_0457,The Maltese Falcon,Movie,Film-Noir,Mystery,1941,100.0,Not Rated,English,USA,8.0,,2108060.0,,,False,2024-08-31,False,https://m.media-amazon.com/images/M/MV5BZjIwNGM1ZTUtOThjYS00NDdiLTk2ZDYtNGY5YjJkNzliM2JjL2ltYWdlL2ltYWdlXkEyXkFqcGdeQXVyMDI2NDg0NQ@._V1_SX600.jpg,John Huston,"A private detective takes on a case that involves him with three eccentric criminals, a gorgeous liar, and their quest for a priceless statuette."
movie_0458,The Grapes of Wrath,Movie,Drama,History,1940,129.0,Passed,English,USA,8.0,,55000.0,,,False,2017-08-21,False,https://m.media-amazon.com/images/M/MV5BNzJiOGI2MjctYjUyMS00ZjkzLWE2ZmUtOTg4NTZkOTNhZDc1L2ltYWdlXkEyXkFqcGdeQXVyNjc1NTYyMjg@._V1_SX600.jpg,John Ford,"A poor Midwest family is forced off their land. They travel to California, suffering the misfortunes of the homeless in the Great Depression."
movie_0459,The Wizard of Oz,Movie,Adventure,Family,1939,102.0,U,English,USA,8.0,,2076020.0,,,False,2019-07-12,False,https://m.media-amazon.com/images/M/MV5BNjUyMTc4MDExMV5BMl5BanBnXkFtZTgwNDg0NDIwMjE@._V1_SX600.jpg,Victor Fleming,Dorothy Gale is swept away from a farm in Kansas to a magical land of Oz in a tornado and embarks on a quest with her new friends to see the Wizard who can help her return home to Kansas and help her friends as well.
movie_0460,La règle du jeu,Movie,Comedy,Drama,1939,110.0,Not Rated,French,France,8.0,,,,,False,2016-05-06,False,https://m.media-amazon.com/images/M/MV5BYTE4NjYxMGEtZmQxZi00YWVmLWJjZTctYTJmNDFmZGEwNDVhXkEyXkFqcGdeQXVyNzkwMjQ5NzM@._V1_SX600.jpg,Jean Renoir,"A bourgeois life in France at the onset of World War II, as the rich and their poor servants meet up at a French chateau."
movie_0461,The Thin Man,Movie,Comedy,Crime,1934,91.0,TV-PG,English,USA,8.0,,,,,False,2025-07-23,True,https://m.media-amazon.com/images/M/MV5BYmFlOWMwMjAtMDMyMC00N2JjLTllODUtZjY3YWU3NGRkM2I2L2ltYWdlXkEyXkFqcGdeQXVyMjUxODE0MDY@._V1_SX600.jpg,W.S. Van Dyke,"Former detective Nick Charles and his wealthy wife Nora investigate a murder case, mostly for the fun of it."
movie_0462,All Quiet on the Western Front,Movie,Drama,War,1930,152.0,U,English,USA,8.0,,3270000.0,,,False,2024-12-25,True,https://m.media-amazon.com/images/M/MV5BMzg2MWQ4MDEtOGZlNi00MTg0LWIwMjQtYWY5NTQwYmUzMWNmXkEyXkFqcGdeQXVyMzg2MzE2OTE@._V1_SX600.jpg,Lewis Milestone,"A German youth eagerly enters World War I, but his enthusiasm wanes as he gets a firsthand view of the horror."
movie_0463,Bronenosets Potemkin,Movie,Drama,History,1925,75.0,Not Rated,Russian,Soviet Union,8.0,,50970.0,,,False,2021-05-22,False,"https://m.media-amazon.com/images/M/MV5BMTEyMTQzMjQ0MTJeQTJeQWpwZ15BbWU4MDcyMjg4OTEx._V1_UY98_CR1,0,67,98_AL_.jpg@._V1_SX600.jpg",Sergei M. Eisenstein,"In the midst of the Russian Revolution of 1905, the crew of the battleship Potemkin mutiny against the brutal, tyrannical regime of the vessel's officers. The resulting street demonstration in Odessa brings on a police massacre."
movie_0464,Knives Out,Movie,Comedy,Crime,2019,130.0,UA,English,USA,7.9,,165359751.0,,,False,2017-10-05,True,https://m.media-amazon.com/images/M/MV5BMGUwZjliMTAtNzAxZi00MWNiLWE2NzgtZGUxMGQxZjhhNDRiXkEyXkFqcGdeQXVyNjU1NzU3MzE@._V1_SX600.jpg,Rian Johnson,"A detective investigates the death of a patriarch of an eccentric, combative family."
movie_0465,Dil Bechara,Movie,Comedy,Drama,2020,101.0,UA,English,USA,7.9,,,,,False,2021-06-29,False,https://m.media-amazon.com/images/M/MV5BNmI0MTliMTAtMmJhNC00NTJmLTllMzQtMDI3NzA1ODMyZWI1XkEyXkFqcGdeQXVyODE5NzE3OTE@._V1_SX600.jpg,Mukesh Chhabra,"The emotional journey of two hopelessly in love youngsters, a young girl, Kizie, suffering from cancer, and a boy, Manny, whom she meets at a support group."
movie_0466,Manbiki kazoku,Movie,Crime,Drama,2018,121.0,A,English,USA,7.9,,3313513.0,,,False,2021-09-01,True,https://m.media-amazon.com/images/M/MV5BYWZmOTY0MDAtMGRlMS00YjFlLWFkZTUtYmJhYWNlN2JjMmZkXkEyXkFqcGdeQXVyODAzODU1NDQ@._V1_SX600.jpg,Hirokazu Koreeda,A family of small-time crooks take in a child they find outside in the cold.
movie_0467,Marriage Story,Movie,Comedy,Drama,2019,137.0,U,English,USA,7.9,,2000000.0,,,True,2015-06-12,False,https://m.media-amazon.com/images/M/MV5BZGVmY2RjNDgtMTc3Yy00YmY0LTgwODItYzBjNWJhNTRlYjdkXkEyXkFqcGdeQXVyMjM4NTM5NDY@._V1_SX600.jpg,Noah Baumbach,Noah Baumbach's incisive and compassionate look at a marriage breaking up and a family staying together.
movie_0468,Call Me by Your Name,Movie,Drama,Romance,2017,132.0,UA,English,USA,7.9,,18095701.0,,,False,2021-12-11,False,https://m.media-amazon.com/images/M/MV5BNDk3NTEwNjc0MV5BMl5BanBnXkFtZTgwNzYxNTMwMzI@._V1_SX600.jpg,Luca Guadagnino,"In 1980s Italy, romance blossoms between a seventeen-year-old student and the older man hired as his father's research assistant."
movie_0469,"I, Daniel Blake",Movie,Drama,,2016,100.0,UA,English,USA,7.9,,258168.0,,,False,2015-12-02,False,https://m.media-amazon.com/images/M/MV5BMTQ4NTMzMTk4NV5BMl5BanBnXkFtZTgwNTU5MjE4MDI@._V1_SX600.jpg,Ken Loach,"After having suffered a heart-attack, a 59-year-old carpenter must fight the bureaucratic forces of the system in order to receive Employment and Support Allowance."
movie_0470,Isle of Dogs,Movie,Animation,Adventure,2018,101.0,U,English,USA,7.9,,32015231.0,,,False,2019-09-14,False,"https://m.media-amazon.com/images/M/MV5BZDQwOWQ2NmUtZThjZi00MGM0LTkzNDctMzcyMjcyOGI1OGRkXkEyXkFqcGdeQXVyMTA3MDk2NDg2._V1_UX67_CR0,0,67,98_AL_.jpg@._V1_SX600.jpg",Wes Anderson,"Set in Japan, Isle of Dogs follows a boy's odyssey in search of his lost dog."
movie_0471,Hunt for the Wilderpeople,Movie,Adventure,Comedy,2016,101.0,UA,English,USA,7.9,,5202582.0,,,False,2022-05-16,False,https://m.media-amazon.com/images/M/MV5BMjI1MDQ2MDg5Ml5BMl5BanBnXkFtZTgwMjc2NjM5ODE@._V1_SX600.jpg,Taika Waititi,A national manhunt is ordered for a rebellious kid and his foster uncle who go missing in the wild New Zealand bush.
movie_0472,Captain Fantastic,Movie,Comedy,Drama,2016,118.0,R,English,USA,7.9,,5875006.0,,,False,2021-07-18,False,https://m.media-amazon.com/images/M/MV5BMjE5OTM0OTY5NF5BMl5BanBnXkFtZTgwMDcxOTQ3ODE@._V1_SX600.jpg,Matt Ross,"In the forests of the Pacific Northwest, a father devoted to raising his six kids with a rigorous physical and intellectual education is forced to leave his paradise and enter the world, challenging his idea of what it means to be a parent."
movie_0473,Sing Street,Movie,Comedy,Drama,2016,106.0,PG-13,English,USA,7.9,,3237118.0,,,False,2021-05-04,False,https://m.media-amazon.com/images/M/MV5BMjEzODA3MDcxMl5BMl5BanBnXkFtZTgwODgxNDk3NzE@._V1_SX600.jpg,John Carney,A boy growing up in Dublin during the 1980s escapes his strained family life by starting a band to impress the mysterious girl he likes.
movie_0474,Thor: Ragnarok,Movie,Action,Adventure,2017,130.0,UA,English,USA,7.9,,315058289.0,,,False,2020-11-11,False,https://m.media-amazon.com/images/M/MV5BMjMyNDkzMzI1OF5BMl5BanBnXkFtZTgwODcxODg5MjI@._V1_SX600.jpg,Taika Waititi,"Imprisoned on the planet Sakaar, Thor must race against time to return to Asgard and stop Ragnarök, the destruction of his world, at the hands of the powerful and ruthless villain Hela."
movie_0475,Nightcrawler,Movie,Crime,Drama,2014,117.0,A,English,USA,7.9,,32381218.0,,,False,2018-07-19,True,https://m.media-amazon.com/images/M/MV5BN2U1YzdhYWMtZWUzMi00OWI1LWFkM2ItNWVjM2YxMGQ2MmNhXkEyXkFqcGdeQXVyNjU0OTQ0OTY@._V1_SX600.jpg,Dan Gilroy,"When Louis Bloom, a con man desperate for work, muscles into the world of L.A. crime journalism, he blurs the line between observer and participant to become the star of his own story."
movie_0476,Jojo Rabbit,Movie,Comedy,Drama,2019,108.0,UA,English,USA,7.9,,349555.0,,,False,2025-06-25,False,https://m.media-amazon.com/images/M/MV5BZjU0Yzk2MzEtMjAzYy00MzY0LTg2YmItM2RkNzdkY2ZhN2JkXkEyXkFqcGdeQXVyNDg4NjY5OTQ@._V1_SX600.jpg,Taika Waititi,A young boy in Hitler's army finds out his mother is hiding a Jewish girl in their home.
movie_0477,Arrival,Movie,Drama,Sci-Fi,2016,116.0,UA,English,USA,7.9,,100546139.0,,,False,2017-12-04,False,"https://m.media-amazon.com/images/M/MV5BMTExMzU0ODcxNDheQTJeQWpwZ15BbWU4MDE1OTI4MzAy._V1_UX67_CR0,0,67,98_AL_.jpg@._V1_SX600.jpg",Denis Villeneuve,A linguist works with the military to communicate with alien lifeforms after twelve mysterious spacecrafts appear around the world.
movie_0478,Star Wars: Episode VII - The Force Awakens,Movie,Action,Adventure,2015,138.0,U,English,USA,7.9,,936662225.0,,,False,2017-04-16,False,https://m.media-amazon.com/images/M/MV5BOTAzODEzNDAzMl5BMl5BanBnXkFtZTgwMDU1MTgzNzE@._V1_SX600.jpg,J.J. Abrams,"As a new threat to the galaxy rises, Rey, a desert scavenger, and Finn, an ex-stormtrooper, must join Han Solo and Chewbacca to search for the one hope of restoring peace."
movie_0479,Before Midnight,Movie,Drama,Romance,2013,109.0,R,English,USA,7.9,,8114627.0,,,False,2022-07-06,False,https://m.media-amazon.com/images/M/MV5BMjA5NzgxODE2NF5BMl5BanBnXkFtZTcwNTI1NTI0OQ@._V1_SX600.jpg,Richard Linklater,We meet Jesse and Celine nine years on in Greece. Almost two decades have passed since their first meeting on that train bound for Vienna.
movie_0480,X-Men: Days of Future Past,Movie,Action,Adventure,2014,132.0,UA,English,USA,7.9,,233921534.0,,,False,2023-01-12,False,https://m.media-amazon.com/images/M/MV5BZGIzNWYzN2YtMjcwYS00YjQ3LWI2NjMtOTNiYTUyYjE2MGNkXkEyXkFqcGdeQXVyMTQxNzMzNDI@._V1_SX600.jpg,Bryan Singer,The X-Men send Wolverine to the past in a desperate effort to change history and prevent an event that results in doom for both humans and mutants.
movie_0481,Bir Zamanlar Anadolu'da,Movie,Crime,Drama,2011,157.0,Not Rated,English,USA,7.9,,138730.0,,,False,2018-07-10,True,https://m.media-amazon.com/images/M/MV5BYTRkMDRiYmEtNGM4YS00NzM3LWI4MTMtYzk1MmVjMjM3ODg1XkEyXkFqcGdeQXVyMjgyNjk3MzE@._V1_SX600.jpg,Nuri Bilge Ceylan,A group of men set out in search of a dead body in the Anatolian steppes.
movie_0482,The Artist,Movie,Comedy,Drama,2011,100.0,U,English,USA,7.9,,44671682.0,,,False,2017-09-04,False,https://m.media-amazon.com/images/M/MV5BMDUyZWU5N2UtOWFlMy00MTI0LTk0ZDYtMzFhNjljODBhZDA5XkEyXkFqcGdeQXVyNzA4ODc3ODU@._V1_SX600.jpg,Michel Hazanavicius,An egomaniacal film star develops a relationship with a young dancer against the backdrop of Hollywood's silent era.
movie_0483,Edge of Tomorrow,Movie,Action,Adventure,2014,113.0,UA,English,USA,7.9,,100206256.0,,,False,2017-12-23,False,https://m.media-amazon.com/images/M/MV5BMTc5OTk4MTM3M15BMl5BanBnXkFtZTgwODcxNjg3MDE@._V1_SX600.jpg,Doug Liman,"A soldier fighting aliens gets to relive the same day over and over again, the day restarting every time he dies."
movie_0484,Amour,Movie,Drama,Romance,2012,127.0,UA,English,USA,7.9,,6739492.0,,,False,2019-06-10,False,https://m.media-amazon.com/images/M/MV5BMTk1NTc3NDc4MF5BMl5BanBnXkFtZTcwNjYwNDk0OA@._V1_SX600.jpg,Michael Haneke,"Georges and Anne are an octogenarian couple. They are cultivated, retired music teachers. Their daughter, also a musician, lives in Britain with her family. One day, Anne has a stroke, and the couple's bond of love is severely tested."
movie_0485,The Irishman,Movie,Biography,Crime,2019,209.0,R,English,USA,7.9,,7000000.0,,,True,2016-06-20,True,https://m.media-amazon.com/images/M/MV5BMGUyM2ZiZmUtMWY0OC00NTQ4LThkOGUtNjY2NjkzMDJiMWMwXkEyXkFqcGdeQXVyMzY0MTE3NzU@._V1_SX600.jpg,Martin Scorsese,"An old man recalls his time painting houses for his friend, Jimmy Hoffa, through the 1950-70s."
movie_0486,Un prophète,Movie,Crime,Drama,2009,155.0,A,French,France,7.9,,2084637.0,,,False,2022-07-14,True,https://m.media-amazon.com/images/M/MV5BMTUyMjQ1MTY5OV5BMl5BanBnXkFtZTcwNzY5NjExMw@._V1_SX600.jpg,Jacques Audiard,A young Arab man is sent to a French prison.
movie_0487,Moon,Movie,Drama,Mystery,2009,97.0,R,English,USA,7.9,,5009677.0,,,False,2022-03-28,False,https://m.media-amazon.com/images/M/MV5BMTgzODgyNTQwOV5BMl5BanBnXkFtZTcwNzc0NTc0Mg@._V1_SX600.jpg,Duncan Jones,"Astronaut Sam Bell has a quintessentially personal encounter toward the end of his three-year stint on the Moon, where he, working alongside his computer, GERTY, sends back to Earth parcels of a resource that has helped diminish our planet's power problems."
movie_0488,Låt den rätte komma in,Movie,Crime,Drama,2008,114.0,R,Swedish,Sweden,7.9,,2122065.0,,,False,2018-05-13,True,https://m.media-amazon.com/images/M/MV5BOWM4NTY2NTMtZDZlZS00NTgyLWEzZDMtODE3ZGI1MzI3ZmU5XkEyXkFqcGdeQXVyNzI1NzMxNzM@._V1_SX600.jpg,Tomas Alfredson,"Oskar, an overlooked and bullied boy, finds love and revenge through Eli, a beautiful but peculiar girl."
movie_0489,District 9,Movie,Action,Sci-Fi,2009,112.0,A,English,USA,7.9,,115646235.0,,,False,2020-02-16,False,https://m.media-amazon.com/images/M/MV5BYmQ5MzFjYWMtMTMwNC00ZGU5LWI3YTQtYzhkMGExNGFlY2Q0XkEyXkFqcGdeQXVyNTIzOTk5ODM@._V1_SX600.jpg,Neill Blomkamp,Violence ensues after an extraterrestrial race forced to live in slum-like conditions on Earth finds a kindred spirit in a government agent exposed to their biotechnology.
movie_0490,The Wrestler,Movie,Drama,Sport,2008,109.0,UA,English,USA,7.9,,26236603.0,,,False,2018-07-19,False,https://m.media-amazon.com/images/M/MV5BMTc5MjYyOTg4MF5BMl5BanBnXkFtZTcwNDc2MzQwMg@._V1_SX600.jpg,Darren Aronofsky,"A faded professional wrestler must retire, but finds his quest for a new life outside the ring a dispiriting struggle."
movie_0491,Jab We Met,Movie,Comedy,Drama,2007,138.0,U,English,USA,7.9,,410800.0,,,False,2025-06-02,False,https://m.media-amazon.com/images/M/MV5BYmIzYmY4MGItM2I4YS00OWZhLWFmMzQtYzI2MWY1MmM3NGU1XkEyXkFqcGdeQXVyNjQ2MjQ5NzM@._V1_SX600.jpg,Imtiaz Ali,A depressed wealthy businessman finds his life changing after he meets a spunky and care-free young woman.
movie_0492,Boyhood,Movie,Drama,,2014,165.0,A,English,USA,7.9,,25379975.0,,,False,2023-06-07,False,https://m.media-amazon.com/images/M/MV5BMTYzNDc2MDc0N15BMl5BanBnXkFtZTgwOTcwMDQ5MTE@._V1_SX600.jpg,Richard Linklater,"The life of Mason, from early childhood to his arrival at college."
movie_0493,"4 luni, 3 saptamâni si 2 zile",Movie,Drama,,2007,113.0,Not Rated,Romanian,Romania,7.9,,1185783.0,,,False,2025-06-29,False,https://m.media-amazon.com/images/M/MV5BYzU1YWUzNjYtNmVhZi00ODUyLTg4M2ItMTFlMmU1Mzc5OTE5XkEyXkFqcGdeQXVyMTMxODk2OTU@._V1_SX600.jpg,Cristian Mungiu,A woman assists her friend in arranging an illegal abortion in 1980s Romania.
movie_0494,Star Trek,Movie,Action,Adventure,2009,127.0,UA,English,USA,7.9,,257730019.0,,,False,2015-10-25,False,https://m.media-amazon.com/images/M/MV5BMjE5NDQ5OTE4Ml5BMl5BanBnXkFtZTcwOTE3NDIzMw@._V1_SX600.jpg,J.J. Abrams,The brash James T. Kirk tries to live up to his father's legacy with Mr. Spock keeping him in check as a vengeful Romulan from the future creates black holes to destroy the Federation one planet at a time.
movie_0495,In Bruges,Movie,Comedy,Crime,2008,107.0,R,English,USA,7.9,,7757130.0,,,False,2015-02-08,True,https://m.media-amazon.com/images/M/MV5BMTUwOGFiM2QtOWMxYS00MjU2LThmZDMtZDM2MWMzNzllNjdhXkEyXkFqcGdeQXVyMTMxODk2OTU@._V1_SX600.jpg,Martin McDonagh,"Guilt-stricken after a job gone wrong, hitman Ray and his partner await orders from their ruthless boss in Bruges, Belgium, the last place in the world Ray wants to be."
movie_0496,The Man from Earth,Movie,Drama,Fantasy,2007,87.0,Not Rated,English,USA,7.9,,,,,False,2020-02-21,False,https://m.media-amazon.com/images/M/MV5BMzQ5NGQwOTUtNWJlZi00ZTFiLWI0ZTEtOGU3MTA2ZGU5OWZiXkEyXkFqcGdeQXVyMTczNjQwOTY@._V1_SX600.jpg,Richard Schenkman,An impromptu goodbye party for Professor John Oldman becomes a mysterious interrogation after the retiring scholar reveals to his colleagues he has a longer and stranger past than they can imagine.
movie_0497,Letters from Iwo Jima,Movie,Action,Adventure,2006,141.0,UA,English,USA,7.9,,13756082.0,,,False,2021-12-19,False,https://m.media-amazon.com/images/M/MV5BMjE0NzgwODI4M15BMl5BanBnXkFtZTcwNjg3OTA0MQ@._V1_SX600.jpg,Clint Eastwood,"The story of the battle of Iwo Jima between the United States and Imperial Japan during World War II, as told from the perspective of the Japanese who fought it."
movie_0498,The Fall,Movie,Adventure,Drama,2006,117.0,R,English,USA,7.9,,2280348.0,,,False,2021-04-25,False,https://m.media-amazon.com/images/M/MV5BMjAzODUwMjM1M15BMl5BanBnXkFtZTcwNjU2MjU2MQ@._V1_SX600.jpg,Tarsem Singh,"In a hospital on the outskirts of 1920s Los Angeles, an injured stuntman begins to tell a fellow patient, a little girl with a broken arm, a fantastic story of five mythical heroes. Thanks to his fractured state of mind and her vivid imagination, the line between fiction and reality blurs as the tale advances."
movie_0499,Life of Pi,Movie,Adventure,Drama,2012,127.0,U,English,USA,7.9,,124987023.0,,,False,2016-02-14,False,https://m.media-amazon.com/images/M/MV5BNTg2OTY2ODg5OF5BMl5BanBnXkFtZTcwODM5MTYxOA@._V1_SX600.jpg,Ang Lee,"A young man who survives a disaster at sea is hurtled into an epic journey of adventure and discovery. While cast away, he forms an unexpected connection with another survivor: a fearsome Bengal tiger."
movie_0500,Fantastic Mr. Fox,Movie,Animation,Adventure,2009,87.0,PG,English,USA,7.9,,21002919.0,,,False,2015-10-28,False,https://m.media-amazon.com/images/M/MV5BOGUwYTU4NGEtNDM4MS00NDRjLTkwNmQtOTkwMWMyMjhmMjdlXkEyXkFqcGdeQXVyMTMxODk2OTU@._V1_SX600.jpg,Wes Anderson,An urbane fox cannot resist returning to his farm raiding ways and then must help his community survive the farmers' retaliation.
movie_0501,C.R.A.Z.Y.,Movie,Comedy,Drama,2005,129.0,Not Rated,English,USA,7.9,,,,,False,2021-01-11,False,https://m.media-amazon.com/images/M/MV5BMTU3MDc2MjUwMV5BMl5BanBnXkFtZTcwNzQyMDAzMQ@._V1_SX600.jpg,Jean-Marc Vallée,"A young French-Canadian, growing up in the 1960s and 1970s, struggles to reconcile his emerging homosexuality with his father's conservative values and his own Catholic beliefs."
movie_0502,Les choristes,Movie,Drama,Music,2004,97.0,PG-13,English,USA,7.9,,3635164.0,,,False,2017-05-23,False,https://m.media-amazon.com/images/M/MV5BOGY1M2MwOTEtZDIyNi00YjNlLWExYmEtNzBjOGI3N2QzNTg5XkEyXkFqcGdeQXVyMTMxODk2OTU@._V1_SX600.jpg,Christophe Barratier,The new teacher at a severely administered boys' boarding school works to positively affect the students' lives through music.
movie_0503,Iron Man,Movie,Action,Adventure,2008,126.0,UA,English,USA,7.9,,318412101.0,,,False,2020-09-03,False,https://m.media-amazon.com/images/M/MV5BMTczNTI2ODUwOF5BMl5BanBnXkFtZTcwMTU0NTIzMw@._V1_SX600.jpg,Jon Favreau,"After being held captive in an Afghan cave, billionaire engineer Tony Stark creates a unique weaponized suit of armor to fight evil."
movie_0504,Shaun of the Dead,Movie,Comedy,Horror,2004,99.0,UA,English,USA,7.9,,13542874.0,,,False,2017-12-22,True,https://m.media-amazon.com/images/M/MV5BMTg5Mjk2NDMtZTk0Ny00YTQ0LWIzYWEtMWI5MGQ0Mjg1OTNkXkEyXkFqcGdeQXVyNzkwMjQ5NzM@._V1_SX600.jpg,Edgar Wright,A man's uneventful life is disrupted by the zombie apocalypse.
movie_0505,Gegen die Wand,Movie,Drama,Romance,2004,121.0,R,German,Germany,7.9,,,,,False,2016-06-26,False,https://m.media-amazon.com/images/M/MV5BODBiNzYxNzYtMjkyMi00MjUyLWJkM2YtZjNkMDhhYmEwMTRiL2ltYWdlXkEyXkFqcGdeQXVyNTAyODkwOQ@._V1_SX600.jpg,Fatih Akin,"With the intention to break free from the strict familial restrictions, a suicidal young woman sets up a marriage of convenience with a forty-year-old addict, an act that will lead to an outburst of envious love."
movie_0506,Mystic River,Movie,Crime,Drama,2003,138.0,A,English,USA,7.9,,90135191.0,,,False,2025-06-19,True,"https://m.media-amazon.com/images/M/MV5BMTIzNDUyMjA4MV5BMl5BanBnXkFtZTYwNDc4ODM3._V1_UX67_CR0,0,67,98_AL_.jpg@._V1_SX600.jpg",Clint Eastwood,The lives of three men who were childhood friends are shattered when one of them has a family tragedy.
movie_0507,Harry Potter and the Prisoner of Azkaban,Movie,Adventure,Family,2004,142.0,U,English,USA,7.9,,249358727.0,,,False,2018-11-30,False,https://m.media-amazon.com/images/M/MV5BMTY4NTIwODg0N15BMl5BanBnXkFtZTcwOTc0MjEzMw@._V1_SX600.jpg,Alfonso Cuarón,"Harry Potter, Ron and Hermione return to Hogwarts School of Witchcraft and Wizardry for their third year of study, where they delve into the mystery surrounding an escaped prisoner who poses a dangerous threat to the young wizard."
movie_0508,Ying xiong,Movie,Action,Adventure,2002,120.0,PG-13,English,USA,7.9,,53710019.0,,,False,2024-11-17,False,https://m.media-amazon.com/images/M/MV5BMWQ2MjQ0OTctMWE1OC00NjZjLTk3ZDAtNTk3NTZiYWMxYTlmXkEyXkFqcGdeQXVyMTQxNzMzNDI@._V1_SX600.jpg,Yimou Zhang,"A defense officer, Nameless, was summoned by the King of Qin regarding his success of terminating three warriors."
movie_0509,Hable con ella,Movie,Drama,Mystery,2002,112.0,R,English,USA,7.9,,9284265.0,,,False,2015-10-09,False,https://m.media-amazon.com/images/M/MV5BYmVmMGQ3NzEtM2FiNi00YThhLWFkZjYtM2Y0MjZjNGE4NzM0XkEyXkFqcGdeQXVyODc0OTEyNDU@._V1_SX600.jpg,Pedro Almodóvar,Two men share an odd friendship while they care for two women who are both in deep comas.
movie_0510,No Man's Land,Movie,Comedy,Drama,2001,98.0,R,English,USA,7.9,,1059830.0,,,False,2024-11-10,False,https://m.media-amazon.com/images/M/MV5BMGFkNjNmZWMtNDdiOS00ZWM3LWE1ZTMtZDU3MGQyMzIyNzZhXkEyXkFqcGdeQXVyMTMxODk2OTU@._V1_SX600.jpg,Danis Tanovic,"Bosnia and Herzegovina during 1993 at the time of the heaviest fighting between the two warring sides. Two soldiers from opposing sides in the conflict, Nino and Ciki, become trapped in no man's land, whilst a third soldier becomes a living booby trap."
movie_0511,Cowboy Bebop: Tengoku no tobira,Movie,Animation,Action,2001,115.0,U,Japanese,Japan,7.9,,1000045.0,,,False,2017-09-27,False,https://m.media-amazon.com/images/M/MV5BMjYzYWM4YTItZjJiMC00OTM5LTg3NDgtOGQ2Njk2ZWNhN2QwXkEyXkFqcGdeQXVyMzM4MjM0Nzg@._V1_SX600.jpg,Shin'ichirô Watanabe,"A terrorist explosion releases a deadly virus on the masses, and it's up the bounty-hunting Bebop crew to catch the cold-blooded culprit."
movie_0512,The Bourne Identity,Movie,Action,Mystery,2002,119.0,UA,English,USA,7.9,,121661683.0,,,False,2019-02-22,False,https://m.media-amazon.com/images/M/MV5BM2JkNGU0ZGMtZjVjNS00NjgyLWEyOWYtZmRmZGQyN2IxZjA2XkEyXkFqcGdeQXVyNTIzOTk5ODM@._V1_SX600.jpg,Doug Liman,"A man is picked up by a fishing boat, bullet-riddled and suffering from amnesia, before racing to elude assassins and attempting to regain his memory."
movie_0513,Nueve reinas,Movie,Crime,Drama,2000,114.0,R,English,USA,7.9,,1221261.0,,,False,2018-03-13,True,https://m.media-amazon.com/images/M/MV5BMTYxMDdlYjItMDVkYy00MjYzLThhMTYtYjIzZjZiODk1ZWRmXkEyXkFqcGdeQXVyNDk3NzU2MTQ@._V1_SX600.jpg,Fabián Bielinsky,"Two con artists try to swindle a stamp collector by selling him a sheet of counterfeit rare stamps (the ""nine queens"")."
movie_0514,Children of Men,Movie,Adventure,Drama,2006,109.0,A,English,USA,7.9,,35552383.0,,,False,2016-10-08,False,https://m.media-amazon.com/images/M/MV5BMTQ5NTI2NTI4NF5BMl5BanBnXkFtZTcwNjk2NDA2OQ@._V1_SX600.jpg,Alfonso Cuarón,"In 2027, in a chaotic world in which women have become somehow infertile, a former activist agrees to help transport a miraculously pregnant woman to a sanctuary at sea."
movie_0515,Almost Famous,Movie,Adventure,Comedy,2000,122.0,A,English,USA,7.9,,32534850.0,,,False,2019-11-30,False,https://m.media-amazon.com/images/M/MV5BMzY1ZjMwMGEtYTY1ZS00ZDllLTk0ZmUtYzA3ZTA4NmYwNGNkXkEyXkFqcGdeQXVyNDk3NzU2MTQ@._V1_SX600.jpg,Cameron Crowe,A high-school boy is given the chance to write a story for Rolling Stone Magazine about an up-and-coming rock band as he accompanies them on their concert tour.
movie_0516,Mulholland Dr.,Movie,Drama,Mystery,2001,147.0,R,English,USA,7.9,,7220243.0,,,False,2024-05-08,False,https://m.media-amazon.com/images/M/MV5BYjBhZmViNTItMGExMy00MGNmLTkwZDItMDVlMTQ4ODVkYTMwXkEyXkFqcGdeQXVyNzM0MTUwNTY@._V1_SX600.jpg,David Lynch,"After a car wreck on the winding Mulholland Drive renders a woman amnesiac, she and a perky Hollywood-hopeful search for clues and answers across Los Angeles in a twisting venture beyond dreams and reality."
movie_0517,Toy Story 2,Movie,Animation,Adventure,1999,92.0,U,English,USA,7.9,,245852179.0,,,False,2021-02-03,False,https://m.media-amazon.com/images/M/MV5BMWM5ZDcxMTYtNTEyNS00MDRkLWI3YTItNThmMGExMWY4NDIwXkEyXkFqcGdeQXVyNjUwNzk3NDc@._V1_SX600.jpg,John Lasseter,"When Woody is stolen by a toy collector, Buzz and his friends set out on a rescue mission to save Woody before he becomes a museum toy property with his roundup gang Jessie, Prospector, and Bullseye."
movie_0518,Boogie Nights,Movie,Drama,,1997,155.0,R,English,USA,7.9,,26400640.0,,,False,2022-11-21,False,https://m.media-amazon.com/images/M/MV5BY2E2YWYxY2QtZmJmZi00MjJlLWFiYWItZTk5Y2IyMWQ1ZThhXkEyXkFqcGdeQXVyMTMxODk2OTU@._V1_SX600.jpg,Paul Thomas Anderson,"Back when sex was safe, pleasure was a business and business was booming, an idealistic porn producer aspires to elevate his craft to an art when he discovers a hot young talent."
movie_0519,Mimi wo sumaseba,Movie,Animation,Drama,1995,111.0,U,English,USA,7.9,,,,,False,2018-05-24,False,https://m.media-amazon.com/images/M/MV5BZDg0MWNmNjktMGEwZC00ZDlmLWI1MTUtMDBmNjQzMWM2NjBjXkEyXkFqcGdeQXVyMTMxODk2OTU@._V1_SX600.jpg,Yoshifumi Kondô,"A love story between a girl who loves reading books, and a boy who has previously checked out all of the library books she chooses."
movie_0520,Once Were Warriors,Movie,Crime,Drama,1994,102.0,A,English,USA,7.9,,2201126.0,,,False,2021-11-10,True,https://m.media-amazon.com/images/M/MV5BYTY4MTdjZDMtOTBiMC00MDEwLThhMjUtMjlhMjdlYTBmMzk3XkEyXkFqcGdeQXVyNjMwMjk0MTQ@._V1_SX600.jpg,Lee Tamahori,A family descended from Maori warriors is bedeviled by a violent father and the societal problems of being treated as outcasts.
movie_0521,True Romance,Movie,Crime,Drama,1993,119.0,R,English,USA,7.9,,12281500.0,,,False,2024-01-19,True,https://m.media-amazon.com/images/M/MV5BMDViNjFjOWMtZGZhMi00NmIyLThmYzktODA4MzJhZDZhMDc5XkEyXkFqcGdeQXVyNzkwMjQ5NzM@._V1_SX600.jpg,Tony Scott,"In Detroit, a lonely pop culture geek marries a call girl, steals cocaine from her pimp, and tries to sell it in Hollywood. Meanwhile, the owners of the cocaine, the Mob, track them down in an attempt to reclaim it."
movie_0522,Trois couleurs: Bleu,Movie,Drama,Music,1993,94.0,U,French,France,7.9,,1324974.0,,,False,2022-05-02,False,"https://m.media-amazon.com/images/M/MV5BMjg5OGU4OGYtNTZmNy00MjQ1LWIzYzgtMTllMGY2NzlkNzYwXkEyXkFqcGdeQXVyMTI3ODAyMzE2._V1_UY98_CR2,0,67,98_AL_.jpg@._V1_SX600.jpg",Krzysztof Kieslowski,A woman struggles to find a way to live her life after the death of her husband and child.
movie_0523,Jûbê ninpûchô,Movie,Animation,Action,1993,94.0,A,Japanese,Japan,7.9,,,,,False,2020-12-06,False,https://m.media-amazon.com/images/M/MV5BOTMyZGI4N2YtMzdkNi00MDZmLTg4NmItMzg0ODY5NjdhZjYwL2ltYWdlL2ltYWdlXkEyXkFqcGdeQXVyMzM4MjM0Nzg@._V1_SX600.jpg,Yoshiaki Kawajiri,A vagabond swordsman is aided by a beautiful ninja girl and a crafty spy in confronting a demonic clan of killers - with a ghost from his past as their leader - who are bent on overthrowing the Tokugawa Shogunate.
movie_0524,Carlito's Way,Movie,Crime,Drama,1993,144.0,A,English,USA,7.9,,36948322.0,,,False,2015-02-02,True,https://m.media-amazon.com/images/M/MV5BN2I2N2Q1YmMtMzZkMC00Y2JjLWJmOWUtNjc2OTM2ZTk1MjUyXkEyXkFqcGdeQXVyNzkwMjQ5NzM@._V1_SX600.jpg,Brian De Palma,"A Puerto Rican former convict, just released from prison, pledges to stay away from drugs and violence despite the pressure around him and lead on to a better life outside of N.Y.C."
movie_0525,Edward Scissorhands,Movie,Drama,Fantasy,1990,105.0,U,English,USA,7.9,,56362352.0,,,False,2022-06-28,False,https://m.media-amazon.com/images/M/MV5BNDUxN2I5NDUtZjdlMC00NjlmLTg0OTQtNjk0NjAxZjFmZTUzXkEyXkFqcGdeQXVyMTQxNzMzNDI@._V1_SX600.jpg,Tim Burton,"An artificial man, who was incompletely constructed and has scissors for hands, leads a solitary life. Then one day, a suburban lady meets him and introduces him to her world."
movie_0526,My Left Foot: The Story of Christy Brown,Movie,Biography,Drama,1989,103.0,U,English,USA,7.9,,14743391.0,,,False,2024-02-29,False,https://m.media-amazon.com/images/M/MV5BYjdkNzA4MzYtZThhOS00ZDgzLTlmMDItNmY1ZjI5YjkzZTE1XkEyXkFqcGdeQXVyMTQxNzMzNDI@._V1_SX600.jpg,Jim Sheridan,"Christy Brown, born with cerebral palsy, learns to paint and write with his only controllable limb - his left foot."
movie_0527,Crimes and Misdemeanors,Movie,Comedy,Drama,1989,104.0,PG-13,English,USA,7.9,,18254702.0,,,False,2021-03-21,False,https://m.media-amazon.com/images/M/MV5BYWY3N2EyOWYtNDVhZi00MWRkLTg2OTUtODNkNDQ5ZTIwMGJkXkEyXkFqcGdeQXVyMTMxODk2OTU@._V1_SX600.jpg,Woody Allen,An ophthalmologist's mistress threatens to reveal their affair to his wife while a married documentary filmmaker is infatuated with another woman.
movie_0528,The Untouchables,Movie,Crime,Drama,1987,119.0,A,English,USA,7.9,,76270454.0,,,False,2018-05-11,True,https://m.media-amazon.com/images/M/MV5BYTVjYWJmMWQtYWU4Ni00MWY3LWI2YmMtNTI5MDE0MWVmMmEzL2ltYWdlXkEyXkFqcGdeQXVyMTQxNzMzNDI@._V1_SX600.jpg,Brian De Palma,"During the era of Prohibition in the United States, Federal Agent Eliot Ness sets out to stop ruthless Chicago gangster Al Capone and, because of rampant corruption, assembles a small, hand-picked team to help him."
movie_0529,Hannah and Her Sisters,Movie,Comedy,Drama,1986,107.0,PG-13,English,USA,7.9,,40084041.0,,,False,2025-06-13,False,https://m.media-amazon.com/images/M/MV5BMWZiNWUwYjMtM2Y1Yi00MTZmLWEwYzctNjVmYWM0OTFlZDFhXkEyXkFqcGdeQXVyMTMxODk2OTU@._V1_SX600.jpg,Woody Allen,"Between two Thanksgivings two years apart, Hannah's husband falls in love with her sister Lee, while her hypochondriac ex-husband rekindles his relationship with her sister Holly."
movie_0530,Brazil,Movie,Drama,Sci-Fi,1985,132.0,U,English,USA,7.9,,9929135.0,,,False,2022-06-10,False,https://m.media-amazon.com/images/M/MV5BMzIwM2IwYTItYmM4Zi00OWMzLTkwNjAtYWRmYWNmY2RhMDk0XkEyXkFqcGdeQXVyNjU0OTQ0OTY@._V1_SX600.jpg,Terry Gilliam,A bureaucrat in a dystopic society becomes an enemy of the state as he pursues the woman of his dreams.
movie_0531,This Is Spinal Tap,Movie,Comedy,Music,1984,82.0,R,English,USA,7.9,,188751.0,,,False,2016-02-29,False,https://m.media-amazon.com/images/M/MV5BMTQ2MTIzMzg5Nl5BMl5BanBnXkFtZTgwOTc5NDI1MDE@._V1_SX600.jpg,Rob Reiner,"Spinal Tap, one of England's loudest bands, is chronicled by film director Marty DiBergi on what proves to be a fateful tour."
movie_0532,A Christmas Story,Movie,Comedy,Family,1983,93.0,U,English,USA,7.9,,20605209.0,,,False,2025-07-12,False,https://m.media-amazon.com/images/M/MV5BOWMyNjE0MzEtMzVjNy00NjIxLTg0ZjMtMWJhNGI1YmVjYTczL2ltYWdlXkEyXkFqcGdeQXVyNzc5MjA3OA@._V1_SX600.jpg,Bob Clark,"In the 1940s, a young boy named Ralphie attempts to convince his parents, his teacher and Santa that a Red Ryder BB gun really is the perfect Christmas gift."
movie_0533,The Blues Brothers,Movie,Action,Adventure,1980,133.0,U,English,USA,7.9,,57229890.0,,,False,2024-11-05,False,https://m.media-amazon.com/images/M/MV5BYTdlMDExOGUtN2I3MS00MjY5LWE1NTAtYzc3MzIxN2M3OWY1XkEyXkFqcGdeQXVyNzkwMjQ5NzM@._V1_SX600.jpg,John Landis,"Jake Blues, just released from prison, puts together his old band to save the Catholic home where he and his brother Elwood were raised."
movie_0534,Manhattan,Movie,Comedy,Drama,1979,96.0,R,English,USA,7.9,,45700000.0,,,False,2016-07-04,False,https://m.media-amazon.com/images/M/MV5BMzdmY2I3MmEtOGFiZi00MTg1LWIxY2QtNWUwM2NmNWNlY2U5XkEyXkFqcGdeQXVyNDk3NzU2MTQ@._V1_SX600.jpg,Woody Allen,The life of a divorced television writer dating a teenage girl is further complicated when he falls in love with his best friend's mistress.
movie_0535,All That Jazz,Movie,Drama,Music,1979,123.0,A,English,USA,7.9,,37823676.0,,,False,2017-12-19,False,https://m.media-amazon.com/images/M/MV5BZWE4N2JkNDUtZDU4MC00ZjNhLTlkMjYtOTNkMjZhMDAwMDMyXkEyXkFqcGdeQXVyMTA0MjU0Ng@._V1_SX600.jpg,Bob Fosse,"Director/choreographer Bob Fosse tells his own life story as he details the sordid career of Joe Gideon, a womanizing, drug-using dancer."
movie_0536,Dawn of the Dead,Movie,Action,Adventure,1978,127.0,A,English,USA,7.9,,5100000.0,,,False,2016-04-17,False,https://m.media-amazon.com/images/M/MV5BMzc1YTIyNjctYzhlNy00ZmYzLWI2ZWQtMzk4MmQwYzA0NGQ1XkEyXkFqcGdeQXVyMTQxNzMzNDI@._V1_SX600.jpg,George A. Romero,"Following an ever-growing epidemic of zombies that have risen from the dead, two Philadelphia S.W.A.T. team members, a traffic reporter, and his television executive girlfriend seek refuge in a secluded shopping mall."
movie_0537,All the President's Men,Movie,Biography,Drama,1976,138.0,U,English,USA,7.9,,70600000.0,,,False,2024-12-23,False,https://m.media-amazon.com/images/M/MV5BOWI2YWQxM2MtY2U4Yi00YjgzLTgwNzktN2ExNTgzNTIzMmUzXkEyXkFqcGdeQXVyMTAwMzUyOTc@._V1_SX600.jpg,Alan J. Pakula,"""The Washington Post"" reporters Bob Woodward and Carl Bernstein uncover the details of the Watergate scandal that leads to President Richard Nixon's resignation."
movie_0538,La montaña sagrada,Movie,Adventure,Drama,1973,114.0,R,Spanish,Mexico,7.9,,61001.0,,,False,2016-03-14,False,https://m.media-amazon.com/images/M/MV5BN2IzM2I5NTQtMTIyMy00YWM2LWI1OGMtNjI0MWIyNDZkZGFkXkEyXkFqcGdeQXVyMTQxNzMzNDI@._V1_SX600.jpg,Alejandro Jodorowsky,"In a corrupt, greed-fueled world, a powerful alchemist leads a messianic character and seven materialistic figures to the Holy Mountain, where they hope to achieve enlightenment."
movie_0539,Amarcord,Movie,Comedy,Drama,1973,123.0,R,Italian,Italy,7.9,,,,,False,2023-04-29,False,https://m.media-amazon.com/images/M/MV5BZDI2OTg2NDQtMzc0MC00MjRiLWI1NzAtMjY2ZDMwMmUyNzBiXkEyXkFqcGdeQXVyNzM0MTUwNTY@._V1_SX600.jpg,Federico Fellini,A series of comedic and nostalgic vignettes set in a 1930s Italian coastal town.
movie_0540,Le charme discret de la bourgeoisie,Movie,Comedy,,1972,102.0,PG,French,France,7.9,,198809.0,,,False,2021-03-16,False,https://m.media-amazon.com/images/M/MV5BYzQ5NjJiYWQtYjAzMC00NGU0LWFlMDYtNGFiYjFlMWI1NWM0XkEyXkFqcGdeQXVyODQ0OTczOQ@._V1_SX600.jpg,Luis Buñuel,"A surreal, virtually plotless series of dreams centered around six middle-class people and their consistently interrupted attempts to have a meal together."
movie_0541,"Aguirre, der Zorn Gottes",Movie,Action,Adventure,1972,95.0,Not Rated,German,Germany,7.9,,,,,False,2016-09-28,False,https://m.media-amazon.com/images/M/MV5BMjRkY2VhYzMtZWQyNS00OTY2LWE5NTAtYjlhNmQyYzE5MmUxXkEyXkFqcGdeQXVyMTQxNzMzNDI@._V1_SX600.jpg,Werner Herzog,"In the 16th century, the ruthless and insane Don Lope de Aguirre leads a Spanish expedition in search of El Dorado."
movie_0542,Harold and Maude,Movie,Comedy,Drama,1971,91.0,PG,English,USA,7.9,,,,,False,2018-01-20,False,https://m.media-amazon.com/images/M/MV5BY2M5Mzg3NjctZTlkNy00MTU0LWFlYTQtY2E2Y2M4NjNiNzllXkEyXkFqcGdeQXVyMTAwMzUyOTc@._V1_SX600.jpg,Hal Ashby,"Young, rich, and obsessed with death, Harold finds himself changed forever when he meets lively septuagenarian Maude at a funeral."
movie_0543,Patton,Movie,Biography,Drama,1970,172.0,U,English,USA,7.9,,61700000.0,,,False,2018-02-28,False,https://m.media-amazon.com/images/M/MV5BMmNhZmJhMmYtNjlkMC00MjhjLTk1NzMtMTNlMzYzNjZlMjNiXkEyXkFqcGdeQXVyMTQxNzMzNDI@._V1_SX600.jpg,Franklin J. Schaffner,The World War II phase of the career of controversial American general George S. Patton.
movie_0544,The Wild Bunch,Movie,Action,Adventure,1969,145.0,A,English,USA,7.9,,12064472.0,,,False,2021-10-13,False,https://m.media-amazon.com/images/M/MV5BNGUyYTZmOWItMDJhMi00N2IxLWIyNDMtNjUxM2ZiYmU5YWU1XkEyXkFqcGdeQXVyNjc1NTYyMjg@._V1_SX600.jpg,Sam Peckinpah,"An aging group of outlaws look for one last big score as the ""traditional"" American West is disappearing around them."
movie_0545,Night of the Living Dead,Movie,Horror,Thriller,1968,96.0,Not Rated,English,USA,7.9,,89029.0,,,False,2017-05-12,True,https://m.media-amazon.com/images/M/MV5BMzRmN2E1ZDUtZDc2ZC00ZmI3LTkwOTctNzE2ZDIzMGJiMTYzXkEyXkFqcGdeQXVyMTQxNzMzNDI@._V1_SX600.jpg,George A. Romero,A ragtag group of Pennsylvanians barricade themselves in an old farmhouse to remain safe from a horde of flesh-eating ghouls that are ravaging the East Coast of the United States.
movie_0546,The Lion in Winter,Movie,Biography,Drama,1968,134.0,PG,English,USA,7.9,,22276975.0,,,False,2023-01-18,False,https://m.media-amazon.com/images/M/MV5BMTkzNzYyMzA5N15BMl5BanBnXkFtZTgwODcwODQ3MDI@._V1_SX600.jpg,Anthony Harvey,"1183 A.D.: King Henry II's three sons all want to inherit the throne, but he won't commit to a choice. They and his wife variously plot to force him."
movie_0547,In the Heat of the Night,Movie,Crime,Drama,1967,110.0,U,English,USA,7.9,,24379978.0,,,False,2018-11-05,True,https://m.media-amazon.com/images/M/MV5BZjZhZTZkNWItZGE1My00MTRkLWI2ZDktMWZkZTIxZWYxOTgzXkEyXkFqcGdeQXVyNDY2MTk1ODk@._V1_SX600.jpg,Norman Jewison,A black police detective is asked to investigate a murder in a racially hostile southern town.
movie_0548,Charade,Movie,Comedy,Mystery,1963,113.0,U,English,USA,7.9,,13474588.0,,,False,2017-04-13,False,https://m.media-amazon.com/images/M/MV5BMTA0Y2UyMDUtZGZiOS00ZmVkLTg3NmItODQyNTY1ZjU1MWE4L2ltYWdlL2ltYWdlXkEyXkFqcGdeQXVyNjc1NTYyMjg@._V1_SX600.jpg,Stanley Donen,Romance and suspense ensue in Paris as a woman is pursued by several men who want a fortune her murdered husband had stolen. Whom can she trust?
movie_0549,The Manchurian Candidate,Movie,Drama,Thriller,1962,126.0,PG-13,English,USA,7.9,,,,,False,2022-09-16,False,https://m.media-amazon.com/images/M/MV5BOTY0ZTA1ZjUtN2MyNi00ZGRmLWExYmMtOTkyNzI1NGQ2Y2RlXkEyXkFqcGdeQXVyNjc1NTYyMjg@._V1_SX600.jpg,John Frankenheimer,A former prisoner of war is brainwashed as an unwitting assassin for an international Communist conspiracy.
movie_0550,Spartacus,Movie,Adventure,Biography,1960,197.0,A,English,USA,7.9,,30000000.0,,,False,2022-02-10,False,https://m.media-amazon.com/images/M/MV5BMjc4MTUxN2UtMmU1NC00MjQyLTk3YTYtZTQ0YzEzZDc0Njc0XkEyXkFqcGdeQXVyNjU0OTQ0OTY@._V1_SX600.jpg,Stanley Kubrick,The slave Spartacus leads a violent revolt against the decadent Roman Republic.
movie_0551,L'avventura,Movie,Drama,Mystery,1960,144.0,U,Italian,Italy,7.9,,,,,False,2024-07-25,False,https://m.media-amazon.com/images/M/MV5BZDFlODBmZTYtMWU4MS00MzY4LWFmYzYtYzAzZmU1MGUzMDE5XkEyXkFqcGdeQXVyNTc1NDM0NDU@._V1_SX600.jpg,Michelangelo Antonioni,"A woman disappears during a Mediterranean boating trip. During the search, her lover and her best friend become attracted to each other."
movie_0552,Hiroshima mon amour,Movie,Drama,Romance,1959,90.0,Not Rated,French,France,7.9,,88300.0,,,False,2017-12-17,False,https://m.media-amazon.com/images/M/MV5BMzY2NTA1MzUwN15BMl5BanBnXkFtZTgwOTc4NTU4MjE@._V1_SX600.jpg,Alain Resnais,A French actress filming an anti-war film in Hiroshima has an affair with a married Japanese architect as they share their differing perspectives on war.
movie_0553,The Ten Commandments,Movie,Adventure,Drama,1956,220.0,U,English,USA,7.9,,93740000.0,,,False,2020-09-01,False,https://m.media-amazon.com/images/M/MV5BODcxYjUxZDgtYTQ5Zi00YmQ1LWJmZmItODZkOTYyNDhiNWM3XkEyXkFqcGdeQXVyNjc1NTYyMjg@._V1_SX600.jpg,Cecil B. DeMille,"Moses, an Egyptian Prince, learns of his true heritage as a Hebrew and his divine mission as the deliverer of his people."
movie_0554,The Searchers,Movie,Adventure,Drama,1956,119.0,Passed,English,USA,7.9,,,,,False,2020-06-24,False,https://m.media-amazon.com/images/M/MV5BYWQ3YWJiMDEtMDBhNS00YjY1LTkzNmEtY2U4Njg4MjQ3YWE3XkEyXkFqcGdeQXVyNzkwMjQ5NzM@._V1_SX600.jpg,John Ford,An American Civil War veteran embarks on a journey to rescue his niece from the Comanches.
movie_0555,East of Eden,Movie,Drama,,1955,118.0,U,English,USA,7.9,,,,,False,2017-10-25,False,https://m.media-amazon.com/images/M/MV5BMzE1MzdjNmUtOWU5MS00OTgwLWIzYjYtYTYwYTM0NDkyOTU1XkEyXkFqcGdeQXVyMTY5Nzc4MDY@._V1_SX600.jpg,Elia Kazan,"Two brothers struggle to maintain their strict, Bible-toting father's favor."
movie_0556,High Noon,Movie,Drama,Thriller,1952,85.0,PG,English,USA,7.9,,9450000.0,,,False,2025-02-25,False,https://m.media-amazon.com/images/M/MV5BOWIzZGUxZmItOThkMS00Y2QxLTg0MTYtMDdhMjRlNTNlYTI3L2ltYWdlXkEyXkFqcGdeQXVyNjc1NTYyMjg@._V1_SX600.jpg,Fred Zinnemann,"A town Marshal, despite the disagreements of his newlywed bride and the townspeople around him, must face a gang of deadly killers alone at high noon when the gang leader, an outlaw he sent up years ago, arrives on the noon train."
movie_0557,Strangers on a Train,Movie,Crime,Film-Noir,1951,101.0,A,English,USA,7.9,,7630000.0,,,False,2025-03-08,True,https://m.media-amazon.com/images/M/MV5BNzkwNjk4ODgtYjRmMi00ODdhLWIyNjUtNWQyMjg2N2E2NjlhXkEyXkFqcGdeQXVyNjE5MjUyOTM@._V1_SX600.jpg,Alfred Hitchcock,A psychopath forces a tennis star to comply with his theory that two strangers can get away with murder.
movie_0558,Harvey,Movie,Comedy,Drama,1950,104.0,Approved,English,USA,7.9,,,,,False,2024-06-27,False,https://m.media-amazon.com/images/M/MV5BMzg2YTFkNjgtM2ZkNS00MWVkLWIwMTEtZTgzMDM2MmUxNDE2XkEyXkFqcGdeQXVyMjI4MjA5MzA@._V1_SX600.jpg,Henry Koster,"Due to his insistence that he has an invisible six foot-tall rabbit for a best friend, a whimsical middle-aged man is thought by his family to be insane - but he may be wiser than anyone knows."
movie_0559,Miracle on 34th Street,Movie,Comedy,Drama,1947,96.0,Not Rated,English,USA,7.9,,2650000.0,,,False,2015-07-28,False,https://m.media-amazon.com/images/M/MV5BNjRkOGEwYTUtY2E5Yy00ODg4LTk2ZWItY2IyMzUxOGVhMTM1XkEyXkFqcGdeQXVyNDk0MDg4NDk@._V1_SX600.jpg,George Seaton,"When a nice old man who claims to be Santa Claus is institutionalized as insane, a young lawyer decides to defend him by arguing in court that he is the real thing."
movie_0560,Notorious,Movie,Drama,Film-Noir,1946,102.0,U,English,USA,7.9,,10464000.0,,,False,2016-01-14,False,https://m.media-amazon.com/images/M/MV5BYTc1NGViOTMtNjZhNS00OGY2LWI4MmItOWQwNTY4MDMzNWI3L2ltYWdlXkEyXkFqcGdeQXVyNjc1NTYyMjg@._V1_SX600.jpg,Alfred Hitchcock,A woman is asked to spy on a group of Nazi friends in South America. How far will she have to go to ingratiate herself with them?
movie_0561,The Big Sleep,Movie,Crime,Film-Noir,1946,114.0,Passed,English,USA,7.9,,6540000.0,,,False,2022-02-11,True,https://m.media-amazon.com/images/M/MV5BMjdiM2IyZmQtODJiYy00NDNkLTllYmItMmFjMDNiYTQyOGVkXkEyXkFqcGdeQXVyNDY2MTk1ODk@._V1_SX600.jpg,Howard Hawks,"Private detective Philip Marlowe is hired by a wealthy family. Before the complex case is over, he's seen murder, blackmail, and what might be love."
movie_0562,The Lost Weekend,Movie,Drama,Film-Noir,1945,101.0,Passed,English,USA,7.9,,9460000.0,,,False,2019-10-01,False,https://m.media-amazon.com/images/M/MV5BMTk4NDQ0NjgyNF5BMl5BanBnXkFtZTgwMTE3NTkxMTE@._V1_SX600.jpg,Billy Wilder,The desperate life of a chronic alcoholic is followed through a four-day drinking bout.
movie_0563,The Philadelphia Story,Movie,Comedy,Romance,1940,112.0,Not Rated,English,USA,7.9,,,,,False,2024-04-20,False,https://m.media-amazon.com/images/M/MV5BYjQ4ZDA4NGMtMTkwYi00NThiLThhZDUtZTEzNTAxOWYyY2E4XkEyXkFqcGdeQXVyMjUxODE0MDY@._V1_SX600.jpg,George Cukor,"When a rich woman's ex-husband and a tabloid-type reporter turn up just before her planned remarriage, she begins to learn the truth about herself."
movie_0564,His Girl Friday,Movie,Comedy,Drama,1940,92.0,Passed,English,USA,7.9,,296000.0,,,False,2018-02-07,False,https://m.media-amazon.com/images/M/MV5BZDVmZTZkYjMtNmViZC00ODEzLTgwNDAtNmQ3OGQwOWY5YjFmXkEyXkFqcGdeQXVyNDY2MTk1ODk@._V1_SX600.jpg,Howard Hawks,A newspaper editor uses every trick in the book to keep his ace reporter ex-wife from remarrying.
movie_0565,The Adventures of Robin Hood,Movie,Action,Adventure,1938,102.0,PG,English,USA,7.9,,3981000.0,,,False,2015-06-30,False,https://m.media-amazon.com/images/M/MV5BYjZjOTU3MTMtYTM5YS00YjZmLThmNmMtODcwOTM1NmRiMWM2XkEyXkFqcGdeQXVyNjc1NTYyMjg@._V1_SX600.jpg,Michael Curtiz,"When Prince John and the Norman Lords begin oppressing the Saxon masses in King Richard's absence, a Saxon lord fights back as the outlaw leader of a rebel guerrilla army."
movie_0566,A Night at the Opera,Movie,Comedy,Music,1935,96.0,Passed,English,USA,7.9,,2537520.0,,,False,2015-01-15,False,https://m.media-amazon.com/images/M/MV5BYTJmNmQxNGItNDNlMC00MDU3LWFhNzMtZDQ2NDY0ZTVkNjE3XkEyXkFqcGdeQXVyMDI2NDg0NQ@._V1_SX600.jpg,Sam Wood,A sly business manager and two wacky friends of two opera singers help them achieve success while humiliating their stuffy and snobbish enemies.
movie_0567,King Kong,Movie,Adventure,Horror,1933,100.0,Passed,English,USA,7.9,,10000000.0,,,False,2018-09-28,True,https://m.media-amazon.com/images/M/MV5BZTY3YjYxZGQtMTM2YS00ZmYwLWFlM2QtOWFlMTU1NTAyZDQ2XkEyXkFqcGdeQXVyNTgyNTA4MjM@._V1_SX600.jpg,Merian C. Cooper,A film crew goes to a tropical island for an exotic location shoot and discovers a colossal ape who takes a shine to their female blonde star. He is then captured and brought back to New York City for public exhibition.
movie_0568,Freaks,Movie,Drama,Horror,1932,64.0,Not Rated,English,USA,7.9,,,,,False,2023-08-25,True,https://m.media-amazon.com/images/M/MV5BMjMyYjgyOTQtZDVlZS00NTQ0LWJiNDItNGRlZmM3Yzc0N2Y0XkEyXkFqcGdeQXVyNTA4NzY1MzY@._V1_SX600.jpg,Tod Browning,"A circus' beautiful trapeze artist agrees to marry the leader of side-show performers, but his deformed friends discover she is only marrying him for his inheritance."
movie_0569,Nosferatu,Movie,Fantasy,Horror,1922,94.0,Not Rated,German,Germany,7.9,,,,,False,2016-06-19,True,https://m.media-amazon.com/images/M/MV5BMTAxYjEyMTctZTg3Ni00MGZmLWIxMmMtOGM2NTFiY2U3MmExXkEyXkFqcGdeQXVyNzkwMjQ5NzM@._V1_SX600.jpg,F.W. Murnau,Vampire Count Orlok expresses interest in a new residence and real estate agent Hutter's wife.
movie_0570,The Gentlemen,Movie,Action,Comedy,2019,113.0,A,English,USA,7.8,,,,,False,2022-02-22,False,https://m.media-amazon.com/images/M/MV5BMTlkMmVmYjktYTc2NC00ZGZjLWEyOWUtMjc2MDMwMjQwOTA5XkEyXkFqcGdeQXVyNTI4MzE4MDU@._V1_SX600.jpg,Guy Ritchie,"An American expat tries to sell off his highly profitable marijuana empire in London, triggering plots, schemes, bribery and blackmail in an attempt to steal his domain out from under him."
movie_0571,Raazi,Movie,Action,Drama,2018,138.0,UA,English,USA,7.8,,,,,False,2025-12-27,False,https://m.media-amazon.com/images/M/MV5BZmVhN2JlYjEtZWFkOS00YzE0LThiNDMtMGI3NDA1MTk2ZDQ2XkEyXkFqcGdeQXVyODE5NzE3OTE@._V1_SX600.jpg,Meghna Gulzar,A Kashmiri woman agrees to marry a Pakistani army officer in order to spy on Pakistan during the Indo-Pakistan War of 1971.
movie_0572,Sound of Metal,Movie,Drama,Music,2019,120.0,R,English,USA,7.8,,,,,False,2017-12-08,False,https://m.media-amazon.com/images/M/MV5BNjcyYjg0M2ItMzMyZS00NmM1LTlhZDMtN2MxN2RhNWY4YTkwXkEyXkFqcGdeQXVyNjY1MTg4Mzc@._V1_SX600.jpg,Darius Marder,A heavy-metal drummer's life is thrown into freefall when he begins to lose his hearing.
movie_0573,Forushande,Movie,Drama,,2016,124.0,UA,Persian,Iran,7.8,,2402067.0,,,False,2016-10-23,False,https://m.media-amazon.com/images/M/MV5BMTBkMjMyN2UtNzVjNi00Y2ZiLTk2MDYtN2Y0MjgzYjAxNzE4XkEyXkFqcGdeQXVyNjkxOTM4ODY@._V1_SX600.jpg,Asghar Farhadi,"While both participating in a production of ""Death of a Salesman,"" a teacher's wife is assaulted in her new home, which leaves him determined to find the perpetrator over his wife's traumatized objections."
movie_0574,Dunkirk,Movie,Action,Drama,2017,106.0,UA,English,USA,7.8,,188373161.0,,,False,2023-04-25,False,https://m.media-amazon.com/images/M/MV5BN2YyZjQ0NTEtNzU5MS00NGZkLTg0MTEtYzJmMWY3MWRhZjM2XkEyXkFqcGdeQXVyMDA4NzMyOA@._V1_SX600.jpg,Christopher Nolan,"Allied soldiers from Belgium, the British Empire, and France are surrounded by the German Army and evacuated during a fierce battle in World War II."
movie_0575,Perfetti sconosciuti,Movie,Comedy,Drama,2016,96.0,Not Rated,English,USA,7.8,,,,,False,2019-12-15,False,https://m.media-amazon.com/images/M/MV5BNDQzZmQ5MjItYmJlNy00MGI2LWExMDQtMjBiNjNmMzc5NTk1XkEyXkFqcGdeQXVyNjY1OTY4MTk@._V1_SX600.jpg,Paolo Genovese,"Seven long-time friends get together for a dinner. When they decide to share with each other the content of every text message, email and phone call they receive, many secrets start to unveil and the equilibrium trembles."
movie_0576,Hidden Figures,Movie,Biography,Drama,2016,127.0,UA,English,USA,7.8,,169607287.0,,,False,2021-03-09,False,https://m.media-amazon.com/images/M/MV5BMzg2Mzg4YmUtNDdkNy00NWY1LWE3NmEtZWMwNGNlMzE5YzU3XkEyXkFqcGdeQXVyMjA5MTIzMjQ@._V1_SX600.jpg,Theodore Melfi,The story of a team of female African-American mathematicians who served a vital role in NASA during the early years of the U.S. space program.
movie_0577,Paddington 2,Movie,Adventure,Comedy,2017,103.0,U,English,USA,7.8,,40442052.0,,,False,2022-11-30,False,https://m.media-amazon.com/images/M/MV5BMmYwNWZlNzEtNjE4Zi00NzQ4LWI2YmUtOWZhNzZhZDYyNmVmXkEyXkFqcGdeQXVyNzYzODM3Mzg@._V1_SX600.jpg,Paul King,"Paddington (Ben Whishaw), now happily settled with the Brown family and a popular member of the local community, picks up a series of odd jobs to buy the perfect present for his Aunt Lucy's (Imelda Staunton's) 100th birthday, only for the gift to be stolen."
movie_0578,Udta Punjab,Movie,Action,Crime,2016,148.0,A,English,USA,7.8,,,,,False,2019-10-18,True,"https://m.media-amazon.com/images/M/MV5BY2YxNjQxYWYtYzNkMi00YTgyLWIwZTMtYzgyYjZlZmYzZTA0XkEyXkFqcGdeQXVyMTA4NjE0NjEy._V1_UX67_CR0,0,67,98_AL_.jpg@._V1_SX600.jpg",Abhishek Chaubey,A story that revolves around drug abuse in the affluent north Indian State of Punjab and how the youth there have succumbed to it en-masse resulting in a socio-economic decline.
movie_0579,Kubo and the Two Strings,Movie,Animation,Action,2016,101.0,PG,English,USA,7.8,,48023088.0,,,False,2021-04-16,False,https://m.media-amazon.com/images/M/MV5BMjA2Mzg2NDMzNl5BMl5BanBnXkFtZTgwMjcwODUzOTE@._V1_SX600.jpg,Travis Knight,A young boy named Kubo must locate a magical suit of armour worn by his late father in order to defeat a vengeful spirit from the past.
movie_0580,M.S. Dhoni: The Untold Story,Movie,Biography,Drama,2016,184.0,U,English,USA,7.8,,1782795.0,,,False,2015-02-09,False,https://m.media-amazon.com/images/M/MV5BZjAzZjZiMmQtMDZmOC00NjVmLTkyNTItOGI2Mzg4NTBhZTA1XkEyXkFqcGdeQXVyODE5NzE3OTE@._V1_SX600.jpg,Neeraj Pandey,The untold story of Mahendra Singh Dhoni's journey from ticket collector to trophy collector - the world-cup-winning captain of the Indian Cricket Team.
movie_0581,Manchester by the Sea,Movie,Drama,,2016,137.0,UA,English,USA,7.8,,47695120.0,,,False,2016-04-03,False,https://m.media-amazon.com/images/M/MV5BMTYxMjk0NDg4Ml5BMl5BanBnXkFtZTgwODcyNjA5OTE@._V1_SX600.jpg,Kenneth Lonergan,A depressed uncle is asked to take care of his teenage nephew after the boy's father dies.
movie_0582,Under sandet,Movie,Drama,History,2015,100.0,R,Danish,Denmark,7.8,,435266.0,,,False,2015-11-05,False,https://m.media-amazon.com/images/M/MV5BMjA0MzQzNjM1Ml5BMl5BanBnXkFtZTgwNjM5MjU5NjE@._V1_SX600.jpg,Martin Zandvliet,"In post-World War II Denmark, a group of young German POWs are forced to clear a beach of thousands of land mines under the watch of a Danish Sergeant who slowly learns to appreciate their plight."
movie_0583,Rogue One,Movie,Action,Adventure,2016,133.0,UA,English,USA,7.8,,532177324.0,,,False,2025-08-06,False,https://m.media-amazon.com/images/M/MV5BMjEwMzMxODIzOV5BMl5BanBnXkFtZTgwNzg3OTAzMDI@._V1_SX600.jpg,Gareth Edwards,The daughter of an Imperial scientist joins the Rebel Alliance in a risky move to steal the plans for the Death Star.
movie_0584,Captain America: Civil War,Movie,Action,Adventure,2016,147.0,UA,English,USA,7.8,,408084349.0,,,False,2024-11-26,False,https://m.media-amazon.com/images/M/MV5BMjQ0MTgyNjAxMV5BMl5BanBnXkFtZTgwNjUzMDkyODE@._V1_SX600.jpg,Anthony Russo,Political involvement in the Avengers' affairs causes a rift between Captain America and Iron Man.
movie_0585,The Hateful Eight,Movie,Crime,Drama,2015,168.0,A,English,USA,7.8,,54117416.0,,,False,2022-10-01,True,https://m.media-amazon.com/images/M/MV5BMjA1MTc1NTg5NV5BMl5BanBnXkFtZTgwOTM2MDEzNzE@._V1_SX600.jpg,Quentin Tarantino,"In the dead of a Wyoming winter, a bounty hunter and his prisoner find shelter in a cabin currently inhabited by a collection of nefarious characters."
movie_0586,Little Women,Movie,Drama,Romance,2019,135.0,U,English,USA,7.8,,108101214.0,,,False,2025-02-19,False,https://m.media-amazon.com/images/M/MV5BY2QzYTQyYzItMzAwYi00YjZlLThjNTUtNzMyMDdkYzJiNWM4XkEyXkFqcGdeQXVyMTkxNjUyNQ@._V1_SX600.jpg,Greta Gerwig,"Jo March reflects back and forth on her life, telling the beloved story of the March sisters - four young women, each determined to live life on her own terms."
movie_0587,Loving Vincent,Movie,Animation,Biography,2017,94.0,UA,English,USA,7.8,,6735118.0,,,False,2016-09-02,False,https://m.media-amazon.com/images/M/MV5BMTU3NjE2NjgwN15BMl5BanBnXkFtZTgwNDYzMzEwMzI@._V1_SX600.jpg,Dorota Kobiela,"In a story depicted in oil painted animation, a young man comes to the last hometown of painter Vincent van Gogh (Robert Gulaczyk) to deliver the troubled artist's final letter and ends up investigating his final days there."
movie_0588,Pride,Movie,Biography,Comedy,2014,119.0,R,English,USA,7.8,,,,,False,2021-02-12,False,https://m.media-amazon.com/images/M/MV5BMTU2OTcyOTE3MF5BMl5BanBnXkFtZTgwNTg5Mjc1MjE@._V1_SX600.jpg,Matthew Warchus,U.K. gay activists work to help miners during their lengthy strike of the National Union of Mineworkers in the summer of 1984.
movie_0589,Le passé,Movie,Drama,Mystery,2013,130.0,PG-13,French,France,7.8,,1330596.0,,,False,2015-05-28,False,https://m.media-amazon.com/images/M/MV5BMTcxNTgzNDg1N15BMl5BanBnXkFtZTgwNjg4MzI1MDE@._V1_SX600.jpg,Asghar Farhadi,"An Iranian man deserts his French wife and her two children to return to his homeland. Meanwhile, his wife starts up a new relationship, a reality her husband confronts upon his wife's request for a divorce."
movie_0590,La grande bellezza,Movie,Drama,,2013,141.0,Not Rated,English,USA,7.8,,2852400.0,,,False,2024-05-11,False,https://m.media-amazon.com/images/M/MV5BNjg5NmI3NmUtZDQ2Mi00ZTI0LWE0YzAtOGRhOWJmNDJkOWNkXkEyXkFqcGdeQXVyMzIzNDU1NTY@._V1_SX600.jpg,Paolo Sorrentino,"Jep Gambardella has seduced his way through the lavish nightlife of Rome for decades, but after his 65th birthday and a shock from the past, Jep looks past the nightclubs and parties to find a timeless landscape of absurd, exquisite beauty."
movie_0591,The Lunchbox,Movie,Drama,Romance,2013,104.0,U,English,USA,7.8,,4231500.0,,,False,2019-02-21,False,https://m.media-amazon.com/images/M/MV5BMTUwMzc1NjIzMV5BMl5BanBnXkFtZTgwODUyMTIxMTE@._V1_SX600.jpg,Ritesh Batra,A mistaken delivery in Mumbai's famously efficient lunchbox delivery system connects a young housewife to an older man in the dusk of his life as they build a fantasy world together through notes in the lunchbox.
movie_0592,Vicky Donor,Movie,Comedy,Romance,2012,126.0,UA,English,USA,7.8,,169209.0,,,False,2021-07-13,False,https://m.media-amazon.com/images/M/MV5BYWNlODE1ZTEtOTQ5MS00N2QwLTllNjItZDQ2Y2UzMmU5YmI2XkEyXkFqcGdeQXVyODE5NzE3OTE@._V1_SX600.jpg,Shoojit Sircar,"A man is brought in by an infertility doctor to supply him with his sperm, where he becomes the biggest sperm donor for his clinic."
movie_0593,Big Hero 6,Movie,Animation,Action,2014,102.0,U,English,USA,7.8,,222527828.0,,,False,2021-03-13,False,https://m.media-amazon.com/images/M/MV5BMDliOTIzNmUtOTllOC00NDU3LWFiNjYtMGM0NDc1YTMxNjYxXkEyXkFqcGdeQXVyNTM3NzExMDQ@._V1_SX600.jpg,Don Hall,"A special bond develops between plus-sized inflatable robot Baymax and prodigy Hiro Hamada, who together team up with a group of friends to form a band of high-tech heroes."
movie_0594,About Time,Movie,Comedy,Drama,2013,123.0,R,English,USA,7.8,,15322921.0,,,False,2016-08-29,False,https://m.media-amazon.com/images/M/MV5BMTA1ODUzMDA3NzFeQTJeQWpwZ15BbWU3MDgxMTYxNTk@._V1_SX600.jpg,Richard Curtis,"At the age of 21, Tim discovers he can travel in time and change what happens and has happened in his own life. His decision to make his world a better place by getting a girlfriend turns out not to be as easy as you might think."
movie_0595,English Vinglish,Movie,Comedy,Drama,2012,134.0,U,English,USA,7.8,,1670773.0,,,False,2019-10-27,False,https://m.media-amazon.com/images/M/MV5BMjQ5YWVmYmYtOWFiZC00NGMxLWEwODctZDM2MWI4YWViN2E5XkEyXkFqcGdeQXVyNjQ2MjQ5NzM@._V1_SX600.jpg,Gauri Shinde,"A quiet, sweet tempered housewife endures small slights from her well-educated husband and daughter every day because of her inability to speak and understand English."
movie_0596,Kaze tachinu,Movie,Animation,Biography,2013,126.0,PG-13,Japanese,Japan,7.8,,5209580.0,,,False,2016-06-06,False,https://m.media-amazon.com/images/M/MV5BMTU4NDg0MzkzNV5BMl5BanBnXkFtZTgwODA3Mzc1MDE@._V1_SX600.jpg,Hayao Miyazaki,"A look at the life of Jiro Horikoshi, the man who designed Japanese fighter planes during World War II."
movie_0597,Toy Story 4,Movie,Animation,Adventure,2019,100.0,U,English,USA,7.8,,434038008.0,,,False,2015-06-21,False,https://m.media-amazon.com/images/M/MV5BMTYzMDM4NzkxOV5BMl5BanBnXkFtZTgwNzM1Mzg2NzM@._V1_SX600.jpg,Josh Cooley,"When a new toy called ""Forky"" joins Woody and the gang, a road trip alongside old and new friends reveals how big the world can be for a toy."
movie_0598,La migliore offerta,Movie,Crime,Drama,2013,131.0,R,English,USA,7.8,,85433.0,,,False,2018-06-16,True,https://m.media-amazon.com/images/M/MV5BMTQ4MzQ3NjA0N15BMl5BanBnXkFtZTgwODQyNjQ4MDE@._V1_SX600.jpg,Giuseppe Tornatore,A lonely art expert working for a mysterious and reclusive heiress finds not only her art worth examining.
movie_0599,Moonrise Kingdom,Movie,Comedy,Drama,2012,94.0,A,English,USA,7.8,,45512466.0,,,False,2019-02-02,False,https://m.media-amazon.com/images/M/MV5BMzllMWI1ZDQtMmFhNS00NzJkLThmMTMtNzFmMmMyYjU3ZGVjXkEyXkFqcGdeQXVyMDI2NDg0NQ@._V1_SX600.jpg,Wes Anderson,"A pair of young lovers flee their New England town, which causes a local search party to fan out to find them."
movie_0600,How to Train Your Dragon 2,Movie,Animation,Action,2014,102.0,U,English,USA,7.8,,177002924.0,,,False,2025-01-30,False,https://m.media-amazon.com/images/M/MV5BMzMwMTAwODczN15BMl5BanBnXkFtZTgwMDk2NDA4MTE@._V1_SX600.jpg,Dean DeBlois,"When Hiccup and Toothless discover an ice cave that is home to hundreds of new wild dragons and the mysterious Dragon Rider, the two friends find themselves at the center of a battle to protect the peace."
movie_0601,The Big Short,Movie,Biography,Comedy,2015,130.0,A,English,USA,7.8,,70259870.0,,,False,2025-06-18,False,https://m.media-amazon.com/images/M/MV5BNDc4MThhN2EtZjMzNC00ZDJmLThiZTgtNThlY2UxZWMzNjdkXkEyXkFqcGdeQXVyNDk3NzU2MTQ@._V1_SX600.jpg,Adam McKay,In 2006-2007 a group of investors bet against the US mortgage market. In their research they discover how flawed and corrupt the market is.
movie_0602,Kokuhaku,Movie,Drama,Thriller,2010,106.0,Not Rated,English,USA,7.8,,,,,False,2023-12-05,False,https://m.media-amazon.com/images/M/MV5BYzM2OGQ2NzUtNzlmYi00ZDg4LWExODgtMDVmOTU2Yzg2N2U5XkEyXkFqcGdeQXVyMTMxODk2OTU@._V1_SX600.jpg,Tetsuya Nakashima,A psychological thriller of a grieving mother turned cold-blooded avenger with a twisty master plan to pay back those who were responsible for her daughter's death.
movie_0603,Ang-ma-reul bo-at-da,Movie,Action,Crime,2010,144.0,Not Rated,English,USA,7.8,,128392.0,,,False,2025-11-26,True,https://m.media-amazon.com/images/M/MV5BZjRmNjc5MTYtYjc3My00ZjNiLTg4YjUtMTQ0ZTFkZmMxMDUzXkEyXkFqcGdeQXVyNDY5MTUyNjU@._V1_SX600.jpg,Jee-woon Kim,A secret agent exacts revenge on a serial killer through a series of captures and releases.
movie_0604,The Girl with the Dragon Tattoo,Movie,Crime,Drama,2011,158.0,R,English,USA,7.8,,102515793.0,,,False,2024-08-26,True,https://m.media-amazon.com/images/M/MV5BMTczNDk4NTQ0OV5BMl5BanBnXkFtZTcwNDAxMDgxNw@._V1_SX600.jpg,David Fincher,"Journalist Mikael Blomkvist is aided in his search for a woman who has been missing for forty years by Lisbeth Salander, a young computer hacker."
movie_0605,Captain Phillips,Movie,Adventure,Biography,2013,134.0,UA,English,USA,7.8,,107100855.0,,,False,2015-06-13,False,https://m.media-amazon.com/images/M/MV5BODhiZWRhMjctNDUyMS00NmUwLTgwYmItMjJhOWNkZWQ3ZTQxXkEyXkFqcGdeQXVyMTMxODk2OTU@._V1_SX600.jpg,Paul Greengrass,"The true story of Captain Richard Phillips and the 2009 hijacking by Somali pirates of the U.S.-flagged MV Maersk Alabama, the first American cargo ship to be hijacked in two hundred years."
movie_0606,Ajeossi,Movie,Action,Crime,2010,119.0,R,English,USA,7.8,,6460.0,,,False,2025-01-29,True,https://m.media-amazon.com/images/M/MV5BMTgzMTkxNjAxNV5BMl5BanBnXkFtZTgwMDU3MDE0MjE@._V1_SX600.jpg,Jeong-beom Lee,A quiet pawnshop keeper with a violent past takes on a drug-and-organ trafficking ring in hope of saving the child who is his only friend.
movie_0607,Straight Outta Compton,Movie,Biography,Drama,2015,147.0,R,English,USA,7.8,,161197785.0,,,False,2019-01-05,False,"https://m.media-amazon.com/images/M/MV5BMTA5MzkyMzIxNjJeQTJeQWpwZ15BbWU4MDU0MDk0OTUx._V1_UX67_CR0,0,67,98_AL_.jpg@._V1_SX600.jpg",F. Gary Gray,"The rap group NWA emerges from the mean streets of Compton in Los Angeles, California, in the mid-1980s and revolutionizes Hip Hop culture with their music and tales about life in the hood."
movie_0608,Madeo,Movie,Crime,Drama,2009,129.0,R,Korean,South Korea,7.8,,547292.0,,,False,2017-05-10,True,https://m.media-amazon.com/images/M/MV5BMTQzMTg0NDA1M15BMl5BanBnXkFtZTgwODUzMTE0MjE@._V1_SX600.jpg,Bong Joon Ho,A mother desperately searches for the killer who framed her son for a girl's horrific murder.
movie_0609,Chugyeokja,Movie,Action,Crime,2008,125.0,Not Rated,English,USA,7.8,,,,,False,2022-08-25,True,https://m.media-amazon.com/images/M/MV5BY2ViOTU5MDQtZTRiZi00YjViLWFiY2ItOTRhNWYyN2ZiMzUyXkEyXkFqcGdeQXVyNTAyODkwOQ@._V1_SX600.jpg,Hong-jin Na,A disgraced ex-policeman who runs a small ring of prostitutes finds himself in a race against time when one of his women goes missing.
movie_0610,The Hobbit: The Desolation of Smaug,Movie,Adventure,Fantasy,2013,161.0,UA,English,USA,7.8,,258366855.0,,,False,2017-10-19,False,https://m.media-amazon.com/images/M/MV5BMzU0NDY0NDEzNV5BMl5BanBnXkFtZTgwOTIxNDU1MDE@._V1_SX600.jpg,Peter Jackson,"The dwarves, along with Bilbo Baggins and Gandalf the Grey, continue their quest to reclaim Erebor, their homeland, from Smaug. Bilbo Baggins is in possession of a mysterious and magical ring."
movie_0611,Das weiße Band - Eine deutsche Kindergeschichte,Movie,Drama,History,2009,144.0,UA,German,Germany,7.8,,2222647.0,,,False,2022-06-24,False,https://m.media-amazon.com/images/M/MV5BMTQ2OTYyNzUxOF5BMl5BanBnXkFtZTcwMzUwMDY4Mg@._V1_SX600.jpg,Michael Haneke,"Strange events happen in a small village in the north of Germany during the years before World War I, which seem to be ritual punishment. Who is responsible?"
movie_0612,Män som hatar kvinnor,Movie,Crime,Drama,2009,152.0,R,Swedish,Sweden,7.8,,10095170.0,,,False,2016-02-26,True,https://m.media-amazon.com/images/M/MV5BMTc2Mjc0MDg3MV5BMl5BanBnXkFtZTcwMjUzMDkxMw@._V1_SX600.jpg,Niels Arden Oplev,A journalist is aided by a young female hacker in his search for the killer of a woman who has been dead for forty years.
movie_0613,The Trial of the Chicago 7,Movie,Drama,History,2020,129.0,R,English,USA,7.8,,,,,False,2018-12-19,False,https://m.media-amazon.com/images/M/MV5BYjYzOGE1MjUtODgyMy00ZDAxLTljYTgtNzk0Njg2YWQwMTZhXkEyXkFqcGdeQXVyMDM2NDM2MQ@._V1_SX600.jpg,Aaron Sorkin,"The story of 7 people on trial stemming from various charges surrounding the uprising at the 1968 Democratic National Convention in Chicago, Illinois."
movie_0614,Druk,Movie,Comedy,Drama,2020,117.0,Not Rated,English,USA,7.8,,,,,False,2023-10-01,False,https://m.media-amazon.com/images/M/MV5BOTNjM2Y2ZjgtMDc5NS00MDQ1LTgyNGYtYzYwMTAyNWQwYTMyXkEyXkFqcGdeQXVyMjE4NzUxNDA@._V1_SX600.jpg,Thomas Vinterberg,"Four friends, all high school teachers, test a theory that they will improve their lives by maintaining a constant level of alcohol in their blood."
movie_0615,The Fighter,Movie,Biography,Drama,2010,116.0,UA,English,USA,7.8,,93617009.0,,,False,2021-04-12,False,https://m.media-amazon.com/images/M/MV5BMTM0ODk3MjM1MV5BMl5BanBnXkFtZTcwNzc1MDIwNA@._V1_SX600.jpg,David O. Russell,"Based on the story of Micky Ward, a fledgling boxer who tries to escape the shadow of his more famous but troubled older boxing brother and get his own shot at greatness."
movie_0616,Taken,Movie,Action,Thriller,2008,90.0,A,English,USA,7.8,,145000989.0,,,False,2024-11-30,False,https://m.media-amazon.com/images/M/MV5BMTM4NzQ0OTYyOF5BMl5BanBnXkFtZTcwMDkyNjQyMg@._V1_SX600.jpg,Pierre Morel,"A retired CIA agent travels across Europe and relies on his old skills to save his estranged daughter, who has been kidnapped while on a trip to Paris."
movie_0617,The Boy in the Striped Pyjamas,Movie,Drama,History,2008,94.0,PG-13,English,USA,7.8,,9030581.0,,,False,2024-10-22,False,https://m.media-amazon.com/images/M/MV5BMTMzMTc3MjA5NF5BMl5BanBnXkFtZTcwOTk3MDE5MQ@._V1_SX600.jpg,Mark Herman,"Through the innocent eyes of Bruno, the eight-year-old son of the commandant at a German concentration camp, a forbidden friendship with a Jewish boy on the other side of the camp fence has startling and unexpected consequences."
movie_0618,Once,Movie,Drama,Music,2007,86.0,R,English,USA,7.8,,9439923.0,,,False,2019-07-23,False,https://m.media-amazon.com/images/M/MV5BYWUxZjJkMDktZmMxMS00Mzg3LTk4MDItN2IwODlmN2E0MTM0XkEyXkFqcGdeQXVyMTMxODk2OTU@._V1_SX600.jpg,John Carney,"A modern-day musical about a busker and an immigrant and their eventful week in Dublin, as they write, rehearse and record songs that tell their love story."
movie_0619,The Hobbit: An Unexpected Journey,Movie,Adventure,Fantasy,2012,169.0,UA,English,USA,7.8,,303003568.0,,,False,2025-12-02,False,https://m.media-amazon.com/images/M/MV5BMTcwNTE4MTUxMl5BMl5BanBnXkFtZTcwMDIyODM4OA@._V1_SX600.jpg,Peter Jackson,"A reluctant Hobbit, Bilbo Baggins, sets out to the Lonely Mountain with a spirited group of dwarves to reclaim their mountain home, and the gold within it from the dragon Smaug."
movie_0620,Auf der anderen Seite,Movie,Drama,,2007,122.0,Not Rated,German,Germany,7.8,,741283.0,,,False,2021-12-17,False,https://m.media-amazon.com/images/M/MV5BMzgxMzYyNzAyOF5BMl5BanBnXkFtZTcwODY5MjY3MQ@._V1_SX600.jpg,Fatih Akin,A Turkish man travels to Istanbul to find the daughter of his father's former girlfriend.
movie_0621,Atonement,Movie,Drama,Mystery,2007,123.0,R,English,USA,7.8,,50927067.0,,,False,2023-05-28,False,https://m.media-amazon.com/images/M/MV5BMGRiYjE0YzItMzk3Zi00ZmYwLWJjNDktYTAwYjIwMjIxYzM3XkEyXkFqcGdeQXVyMTMxODk2OTU@._V1_SX600.jpg,Joe Wright,Thirteen-year-old fledgling writer Briony Tallis irrevocably changes the course of several lives when she accuses her older sister's lover of a crime he did not commit.
movie_0622,Drive,Movie,Crime,Drama,2011,100.0,A,English,USA,7.8,,35061555.0,,,False,2016-09-25,True,https://m.media-amazon.com/images/M/MV5BZjY5ZjQyMjMtMmEwOC00Nzc2LTllYTItMmU2MzJjNTg1NjY0XkEyXkFqcGdeQXVyNjQ1MTMzMDQ@._V1_SX600.jpg,Nicolas Winding Refn,A mysterious Hollywood stuntman and mechanic moonlights as a getaway driver and finds himself in trouble when he helps out his neighbor.
movie_0623,American Gangster,Movie,Biography,Crime,2007,157.0,A,English,USA,7.8,,130164645.0,,,False,2025-05-19,True,https://m.media-amazon.com/images/M/MV5BMjFmZGI2YTEtYmJhMS00YTE5LWJjNjAtNDI5OGY5ZDhmNTRlXkEyXkFqcGdeQXVyODAwMTU1MTE@._V1_SX600.jpg,Ridley Scott,"An outcast New York City cop is charged with bringing down Harlem drug lord Frank Lucas, whose real life inspired this partly biographical film."
movie_0624,Avatar,Movie,Action,Adventure,2009,162.0,UA,English,USA,7.8,,760507625.0,,,False,2025-06-05,False,https://m.media-amazon.com/images/M/MV5BMTYwOTEwNjAzMl5BMl5BanBnXkFtZTcwODc5MTUwMw@._V1_SX600.jpg,James Cameron,A paraplegic Marine dispatched to the moon Pandora on a unique mission becomes torn between following his orders and protecting the world he feels is his home.
movie_0625,Mr. Nobody,Movie,Drama,Fantasy,2009,141.0,R,English,USA,7.8,,3600.0,,,False,2017-08-27,False,https://m.media-amazon.com/images/M/MV5BMTg4ODkzMDQ3Nl5BMl5BanBnXkFtZTgwNTEwMTkxMDE@._V1_SX600.jpg,Jaco Van Dormael,"A boy stands on a station platform as a train is about to leave. Should he go with his mother or stay with his father? Infinite possibilities arise from this decision. As long as he doesn't choose, anything is possible."
movie_0626,Apocalypto,Movie,Action,Adventure,2006,139.0,A,English,USA,7.8,,50866635.0,,,False,2024-09-11,False,https://m.media-amazon.com/images/M/MV5BMzhmNGMzMDMtZDM0Yi00MmVmLWExYjAtZDhjZjcxZDM0MzJhXkEyXkFqcGdeQXVyNjU0OTQ0OTY@._V1_SX600.jpg,Mel Gibson,"As the Mayan kingdom faces its decline, a young man is taken on a perilous journey to a world ruled by fear and oppression."
movie_0627,Little Miss Sunshine,Movie,Comedy,Drama,2006,101.0,UA,English,USA,7.8,,59891098.0,,,False,2016-10-27,False,https://m.media-amazon.com/images/M/MV5BMTgzNTgzODU0NV5BMl5BanBnXkFtZTcwMjEyMjMzMQ@._V1_SX600.jpg,Jonathan Dayton,A family determined to get their young daughter into the finals of a beauty pageant take a cross-country trip in their VW bus.
movie_0628,Hot Fuzz,Movie,Action,Comedy,2007,121.0,UA,English,USA,7.8,,23637265.0,,,False,2025-12-12,False,https://m.media-amazon.com/images/M/MV5BMzg4MDJhMDMtYmJiMS00ZDZmLThmZWUtYTMwZDM1YTc5MWE2XkEyXkFqcGdeQXVyNjU0OTQ0OTY@._V1_SX600.jpg,Edgar Wright,A skilled London police officer is transferred to a small town with a dark secret.
movie_0629,The Curious Case of Benjamin Button,Movie,Drama,Fantasy,2008,166.0,UA,English,USA,7.8,,127509326.0,,,False,2023-12-21,False,https://m.media-amazon.com/images/M/MV5BNjQ0NTY2ODY2M15BMl5BanBnXkFtZTgwMjE4MzkxMDE@._V1_SX600.jpg,David Fincher,"Tells the story of Benjamin Button, a man who starts aging backwards with consequences."
movie_0630,Veer-Zaara,Movie,Drama,Family,2004,192.0,U,English,USA,7.8,,2921738.0,,,False,2024-02-03,False,https://m.media-amazon.com/images/M/MV5BY2VlOTc4ZjctYjVlMS00NDYwLWEwZjctZmYzZmVkNGU5NjNjXkEyXkFqcGdeQXVyODE5NzE3OTE@._V1_SX600.jpg,Yash Chopra,"Veer-Zaara is a saga of love, separation, courage and sacrifice. A love story that is an inspiration and will remain a legend forever."
movie_0631,Adams æbler,Movie,Comedy,Crime,2005,94.0,R,Danish,Denmark,7.8,,1305.0,,,False,2016-12-26,True,https://m.media-amazon.com/images/M/MV5BMTU4NTc5NjM5M15BMl5BanBnXkFtZTgwODEyMTE0MDE@._V1_SX600.jpg,Anders Thomas Jensen,A neo-nazi sentenced to community service at a church clashes with the blindly devotional priest.
movie_0632,Pride & Prejudice,Movie,Drama,Romance,2005,129.0,PG,English,USA,7.8,,38405088.0,,,False,2024-11-19,False,https://m.media-amazon.com/images/M/MV5BMTA1NDQ3NTcyOTNeQTJeQWpwZ15BbWU3MDA0MzA4MzE@._V1_SX600.jpg,Joe Wright,"Sparks fly when spirited Elizabeth Bennet meets single, rich, and proud Mr. Darcy. But Mr. Darcy reluctantly finds himself falling in love with a woman beneath his class. Can each overcome their own pride and prejudice?"
movie_0633,The World's Fastest Indian,Movie,Biography,Drama,2005,127.0,U,English,USA,7.8,,5128124.0,,,False,2019-08-16,False,https://m.media-amazon.com/images/M/MV5BMjE1MjA0MDA3MV5BMl5BanBnXkFtZTcwOTU0MjMzMQ@._V1_SX600.jpg,Roger Donaldson,"The story of New Zealander Burt Munro, who spent years rebuilding a 1920 Indian motorcycle, which helped him set the land speed world record at Utah's Bonneville Salt Flats in 1967."
movie_0634,Tôkyô goddofâzâzu,Movie,Animation,Adventure,2003,90.0,UA,Japanese,Japan,7.8,,128985.0,,,False,2015-04-12,False,https://m.media-amazon.com/images/M/MV5BNWY2ODRkZDYtMjllYi00Y2EyLWFhYjktMTQ5OGNkY2ViYmY2XkEyXkFqcGdeQXVyNjUxMDQ0MTg@._V1_SX600.jpg,Satoshi Kon,"On Christmas Eve, three homeless people living on the streets of Tokyo discover a newborn baby among the trash and set out to find its parents."
movie_0635,Serenity,Movie,Action,Adventure,2005,119.0,PG-13,English,USA,7.8,,25514517.0,,,False,2017-01-04,False,https://m.media-amazon.com/images/M/MV5BOWE2MDAwZjEtODEyOS00ZjYyLTgzNDUtYmNiY2VmNWRiMTQxXkEyXkFqcGdeQXVyNTIzOTk5ODM@._V1_SX600.jpg,Joss Whedon,The crew of the ship Serenity try to evade an assassin sent to recapture one of their members who is telepathic.
movie_0636,Walk the Line,Movie,Biography,Drama,2005,136.0,PG-13,English,USA,7.8,,119519402.0,,,False,2023-04-05,False,https://m.media-amazon.com/images/M/MV5BMjIyOTU3MjUxOF5BMl5BanBnXkFtZTcwMTQ0NjYzMw@._V1_SX600.jpg,James Mangold,"A chronicle of country music legend Johnny Cash's life, from his early days on an Arkansas cotton farm to his rise to fame with Sun Records in Memphis, where he recorded alongside Elvis Presley, Jerry Lee Lewis, and Carl Perkins."
movie_0637,Ondskan,Movie,Drama,,2003,113.0,Not Rated,English,USA,7.8,,15280.0,,,False,2025-05-14,False,https://m.media-amazon.com/images/M/MV5BMzYwODUxNjkyMF5BMl5BanBnXkFtZTcwODUzNjQyMQ@._V1_SX600.jpg,Mikael Håfström,"A teenage boy expelled from school for fighting arrives at a boarding school where the systematic bullying of younger students is encouraged as a means to maintain discipline, and decides to fight back."
movie_0638,The Notebook,Movie,Drama,Romance,2004,123.0,A,English,USA,7.8,,81001787.0,,,False,2018-09-22,False,"https://m.media-amazon.com/images/M/MV5BMTk3OTM5Njg5M15BMl5BanBnXkFtZTYwMzA0ODI3._V1_UX67_CR0,0,67,98_AL_.jpg@._V1_SX600.jpg",Nick Cassavetes,"A poor yet passionate young man falls in love with a rich young woman, giving her a sense of freedom, but they are soon separated because of their social differences."
movie_0639,Diarios de motocicleta,Movie,Adventure,Biography,2004,126.0,U,Spanish,Argentina,7.8,,16756372.0,,,False,2023-10-10,False,https://m.media-amazon.com/images/M/MV5BOTNmZTgyMzAtMTUwZC00NjAwLTk4MjktODllYTY5YTUwN2YwXkEyXkFqcGdeQXVyMTQxNzMzNDI@._V1_SX600.jpg,Walter Salles,The dramatization of a motorcycle road trip Che Guevara went on in his youth that showed him his life's calling.
movie_0640,Lilja 4-ever,Movie,Crime,Drama,2002,109.0,R,English,USA,7.8,,181655.0,,,False,2025-06-09,True,https://m.media-amazon.com/images/M/MV5BM2YwNTQwM2ItZTA2Ni00NGY1LThjY2QtNzgyZTBhMTM0MWI4XkEyXkFqcGdeQXVyNzQxNDExNTU@._V1_SX600.jpg,Lukas Moodysson,"Sixteen-year-old Lilja and her only friend, the young boy Volodja, live in Russia, fantasizing about a better life. One day, Lilja falls in love with Andrej, who is going to Sweden, and invites Lilja to come along and start a new life."
movie_0641,Les triplettes de Belleville,Movie,Animation,Comedy,2003,80.0,PG-13,French,France,7.8,,7002255.0,,,False,2019-08-14,False,https://m.media-amazon.com/images/M/MV5BNGRiOTIwNTAtYWM2Yy00Yzc4LTkyZjEtNTM3NTIyZTNhMzg1XkEyXkFqcGdeQXVyODIyOTEyMzY@._V1_SX600.jpg,Sylvain Chomet,"When her grandson is kidnapped during the Tour de France, Madame Souza and her beloved pooch Bruno team up with the Belleville Sisters--an aged song-and-dance team from the days of Fred Astaire--to rescue him."
movie_0642,Gongdong gyeongbi guyeok JSA,Movie,Action,Drama,2000,110.0,Not Rated,English,USA,7.8,,,,,False,2023-12-30,False,"https://m.media-amazon.com/images/M/MV5BMTI1NDA4NTMyN15BMl5BanBnXkFtZTYwNTA2ODc5._V1_UY98_CR1,0,67,98_AL_.jpg@._V1_SX600.jpg",Chan-wook Park,"After a shooting incident at the North/South Korean border/DMZ leaves 2 North Korean soldiers dead, a neutral Swiss/Swedish team investigates, what actually happened."
movie_0643,The Count of Monte Cristo,Movie,Action,Adventure,2002,131.0,PG-13,English,USA,7.8,,54234062.0,,,False,2022-07-06,False,https://m.media-amazon.com/images/M/MV5BMDM0ZWRjZDgtZWI0MS00ZTIzLTg4MWYtZjU5MDEyMDU0ODBjXkEyXkFqcGdeQXVyMTQxNzMzNDI@._V1_SX600.jpg,Kevin Reynolds,"A young man, falsely imprisoned by his jealous ""friend"", escapes and uses a hidden treasure to exact his revenge."
movie_0644,Waking Life,Movie,Animation,Drama,2001,99.0,R,English,USA,7.8,,2892011.0,,,False,2024-09-09,False,https://m.media-amazon.com/images/M/MV5BMWM0ZjY5ZjctODNkZi00Nzk0LWE1ODUtNGM4ZDUyMzUwMGYwXkEyXkFqcGdeQXVyMTQxNzMzNDI@._V1_SX600.jpg,Richard Linklater,A man shuffles through a dream meeting various people and discussing the meanings and purposes of the universe.
movie_0645,Remember the Titans,Movie,Biography,Drama,2000,113.0,U,English,USA,7.8,,115654751.0,,,False,2023-03-30,False,https://m.media-amazon.com/images/M/MV5BYThkMzgxNjEtMzFiOC00MTI0LWI5MDItNDVmYjA4NzY5MDQ2L2ltYWdlL2ltYWdlXkEyXkFqcGdeQXVyMTQxNzMzNDI@._V1_SX600.jpg,Boaz Yakin,The true story of a newly appointed African-American coach and his high school team on their first season as a racially integrated unit.
movie_0646,Wo hu cang long,Movie,Action,Adventure,2000,120.0,UA,English,USA,7.8,,128078872.0,,,False,2024-02-03,False,https://m.media-amazon.com/images/M/MV5BNDdhMzMxOTctNDMyNS00NTZmLTljNWEtNTc4MDBmZTYxY2NmXkEyXkFqcGdeQXVyNjU0OTQ0OTY@._V1_SX600.jpg,Ang Lee,A young Chinese warrior steals a sword from a famed swordsman and then escapes into a world of romantic adventure with a mysterious man in the frontier of the nation.
movie_0647,Todo sobre mi madre,Movie,Drama,,1999,101.0,R,English,USA,7.8,,8264530.0,,,False,2017-10-13,False,https://m.media-amazon.com/images/M/MV5BZTk2ZTMzMmUtZjUyNi00YzMyLWE3NTAtNDNjNzU3MGQ1YTFjXkEyXkFqcGdeQXVyMTA0MjU0Ng@._V1_SX600.jpg,Pedro Almodóvar,"Young Esteban wants to become a writer and also to discover the identity of his second mother, a trans woman, carefully concealed by his mother Manuela."
movie_0648,Cast Away,Movie,Adventure,Drama,2000,143.0,UA,English,USA,7.8,,233632142.0,,,False,2017-12-28,False,https://m.media-amazon.com/images/M/MV5BN2Y5ZTU4YjctMDRmMC00MTg4LWE1M2MtMjk4MzVmOTE4YjkzXkEyXkFqcGdeQXVyNTc1NTQxODI@._V1_SX600.jpg,Robert Zemeckis,A FedEx executive undergoes a physical and emotional transformation after crash landing on a deserted island.
movie_0649,The Boondock Saints,Movie,Action,Crime,1999,108.0,R,English,USA,7.8,,25812.0,,,False,2016-10-14,True,https://m.media-amazon.com/images/M/MV5BYzVmMTdjOTYtOTJkYS00ZTg2LWExNTgtNzA1N2Y0MDgwYWFhXkEyXkFqcGdeQXVyMTQxNzMzNDI@._V1_SX600.jpg,Troy Duffy,Two Irish Catholic brothers become vigilantes and wipe out Boston's criminal underworld in the name of God.
movie_0650,The Insider,Movie,Biography,Drama,1999,157.0,UA,English,USA,7.8,,28965197.0,,,False,2023-10-31,False,https://m.media-amazon.com/images/M/MV5BODg0YjAzNDQtOGFkMi00Yzk2LTg1NzYtYTNjY2UwZTM2ZDdkL2ltYWdlXkEyXkFqcGdeQXVyMTQxNzMzNDI@._V1_SX600.jpg,Michael Mann,A research chemist comes under personal and professional attack when he decides to appear in a 60 Minutes exposé on Big Tobacco.
movie_0651,October Sky,Movie,Biography,Drama,1999,108.0,PG,English,USA,7.8,,32481825.0,,,False,2022-11-12,False,https://m.media-amazon.com/images/M/MV5BZmIzMjE0M2YtNzliZi00YWNmLTgyNDItZDhjNWVhY2Q2ODk0XkEyXkFqcGdeQXVyNTAyODkwOQ@._V1_SX600.jpg,Joe Johnston,"The true story of Homer Hickam, a coal miner's son who was inspired by the first Sputnik launch to take up rocketry against his father's wishes."
movie_0652,Shrek,Movie,Animation,Adventure,2001,90.0,U,English,USA,7.8,,267665011.0,,,False,2016-03-18,False,https://m.media-amazon.com/images/M/MV5BOGZhM2FhNTItODAzNi00YjA0LWEyN2UtNjJlYWQzYzU1MDg5L2ltYWdlL2ltYWdlXkEyXkFqcGdeQXVyMTQxNzMzNDI@._V1_SX600.jpg,Andrew Adamson,"A mean lord exiles fairytale creatures to the swamp of a grumpy ogre, who must go on a quest and rescue a princess for the lord in order to get his land back."
movie_0653,Titanic,Movie,Drama,Romance,1997,194.0,UA,English,USA,7.8,,659325379.0,,,False,2019-04-16,False,https://m.media-amazon.com/images/M/MV5BMDdmZGU3NDQtY2E5My00ZTliLWIzOTUtMTY4ZGI1YjdiNjk3XkEyXkFqcGdeQXVyNTA4NzY1MzY@._V1_SX600.jpg,James Cameron,"A seventeen-year-old aristocrat falls in love with a kind but poor artist aboard the luxurious, ill-fated R.M.S. Titanic."
movie_0654,Hana-bi,Movie,Crime,Drama,1997,103.0,Not Rated,Japanese,Japan,7.8,,233986.0,,,False,2024-10-12,True,https://m.media-amazon.com/images/M/MV5BODk4MzE5NjgtN2ZhOS00YTdkLTg0YzktMmE1MTkxZmMyMWI2L2ltYWdlXkEyXkFqcGdeQXVyNTAyODkwOQ@._V1_SX600.jpg,Takeshi Kitano,"Nishi leaves the police in the face of harrowing personal and professional difficulties. Spiraling into depression, he makes questionable decisions."
movie_0655,Gattaca,Movie,Drama,Sci-Fi,1997,106.0,UA,English,USA,7.8,,12339633.0,,,False,2015-06-08,False,https://m.media-amazon.com/images/M/MV5BODI3ZTc5NjktOGMyOC00NjYzLTgwZDYtYmQ4NDc1MmJjMjRlXkEyXkFqcGdeQXVyMTQxNzMzNDI@._V1_SX600.jpg,Andrew Niccol,A genetically inferior man assumes the identity of a superior one in order to pursue his lifelong dream of space travel.
movie_0656,The Game,Movie,Action,Drama,1997,129.0,UA,English,USA,7.8,,48323648.0,,,False,2024-08-17,False,https://m.media-amazon.com/images/M/MV5BZGVmMDNmYmEtNGQ2Mi00Y2ZhLThhZTYtYjE5YmQzMjZiZGMxXkEyXkFqcGdeQXVyNDk3NzU2MTQ@._V1_SX600.jpg,David Fincher,"After a wealthy banker is given an opportunity to participate in a mysterious game, his life is turned upside down when he becomes unable to distinguish between the game and reality."
movie_0657,Breaking the Waves,Movie,Drama,,1996,159.0,R,English,USA,7.8,,4040691.0,,,False,2020-04-11,False,https://m.media-amazon.com/images/M/MV5BNDYwZTU2MzktNWYxMS00NTYzLTgzOWEtMTRiYjc5NGY2Nzg1XkEyXkFqcGdeQXVyMTQxNzMzNDI@._V1_SX600.jpg,Lars von Trier,"Oilman Jan is paralyzed in an accident. His wife, who prayed for his return, feels guilty; even more, when Jan urges her to have sex with another."
movie_0658,Ed Wood,Movie,Biography,Comedy,1994,127.0,U,English,USA,7.8,,5887457.0,,,False,2017-06-30,False,https://m.media-amazon.com/images/M/MV5BNTA5ZjdjNWUtZGUwNy00N2RhLWJiZmItYzFhYjU1NmYxNjY4XkEyXkFqcGdeQXVyMTQxNzMzNDI@._V1_SX600.jpg,Tim Burton,"Ambitious but troubled movie director Edward D. Wood Jr. tries his best to fulfill his dreams, despite his lack of talent."
movie_0659,What's Eating Gilbert Grape,Movie,Drama,,1993,118.0,U,English,USA,7.8,,9170214.0,,,False,2017-03-28,False,https://m.media-amazon.com/images/M/MV5BY2EyZDlhNjItODYzNi00Mzc3LWJjOWUtMTViODU5MTExZWMyL2ltYWdlXkEyXkFqcGdeQXVyMTQxNzMzNDI@._V1_SX600.jpg,Lasse Hallström,A young man in a small Midwestern town struggles to care for his mentally-disabled younger brother and morbidly obese mother while attempting to pursue his own happiness.
movie_0660,Tombstone,Movie,Action,Biography,1993,130.0,R,English,USA,7.8,,56505065.0,,,False,2024-02-27,False,https://m.media-amazon.com/images/M/MV5BODRkYzA4MGItODE2MC00ZjkwLWI2NDEtYzU1NzFiZGU1YzA0XkEyXkFqcGdeQXVyNTAyODkwOQ@._V1_SX600.jpg,George P. Cosmatos,"A successful lawman's plans to retire anonymously in Tombstone, Arizona are disrupted by the kind of outlaws he was famous for eliminating."
movie_0661,The Sandlot,Movie,Comedy,Drama,1993,101.0,U,English,USA,7.8,,32416586.0,,,False,2025-04-19,False,https://m.media-amazon.com/images/M/MV5BODllYjM1ODItYjBmOC00MzkwLWJmM2YtMjMyZDU3MGJhNjc4L2ltYWdlL2ltYWdlXkEyXkFqcGdeQXVyMTQxNzMzNDI@._V1_SX600.jpg,David Mickey Evans,"In the summer of 1962, a new kid in town is taken under the wing of a young baseball prodigy and his rowdy team, resulting in many adventures."
movie_0662,The Remains of the Day,Movie,Drama,Romance,1993,134.0,U,English,USA,7.8,,22954968.0,,,False,2020-02-29,False,https://m.media-amazon.com/images/M/MV5BNDYwOThlMDAtYWUwMS00MjY5LTliMGUtZWFiYTA5MjYwZDAyXkEyXkFqcGdeQXVyNjY1NTQ0NDg@._V1_SX600.jpg,James Ivory,A butler who sacrificed body and soul to service in the years leading up to World War II realizes too late how misguided his loyalty was to his lordly employer.
movie_0663,Naked,Movie,Comedy,Drama,1993,132.0,Not Rated,English,USA,7.8,,1769305.0,,,False,2018-12-03,False,https://m.media-amazon.com/images/M/MV5BMjA3Y2I4NjAtMDQyZS00ZGJhLWEwMzgtODBiNzE5Zjc1Nzk1L2ltYWdlXkEyXkFqcGdeQXVyNTc2MDU0NDE@._V1_SX600.jpg,Mike Leigh,"Parallel tales of two sexually obsessed men, one hurting and annoying women physically and mentally, one wandering around the city talking to strangers and experiencing dimensions of life."
movie_0664,The Fugitive,Movie,Action,Crime,1993,130.0,U,English,USA,7.8,,183875760.0,,,False,2018-06-04,True,https://m.media-amazon.com/images/M/MV5BYmFmOGZjYTItYjY1ZS00OWRiLTk0NDgtMjQ5MzBkYWE2YWE0XkEyXkFqcGdeQXVyNjU0OTQ0OTY@._V1_SX600.jpg,Andrew Davis,"Dr. Richard Kimble, unjustly accused of murdering his wife, must find the real killer while being the target of a nationwide manhunt led by a seasoned U.S. Marshal."
movie_0665,A Bronx Tale,Movie,Crime,Drama,1993,121.0,R,English,USA,7.8,,17266971.0,,,False,2024-03-14,True,https://m.media-amazon.com/images/M/MV5BMTczOTczNjE3Ml5BMl5BanBnXkFtZTgwODEzMzg5MTI@._V1_SX600.jpg,Robert De Niro,A father becomes worried when a local gangster befriends his son in the Bronx in the 1960s.
movie_0666,Batman: Mask of the Phantasm,Movie,Animation,Action,1993,76.0,PG,English,USA,7.8,,5617391.0,,,False,2023-12-02,False,https://m.media-amazon.com/images/M/MV5BYTRiMWM3MGItNjAxZC00M2E3LThhODgtM2QwOGNmZGU4OWZhXkEyXkFqcGdeQXVyNjExODE1MDc@._V1_SX600.jpg,Kevin Altieri,Batman is wrongly implicated in a series of murders of mob bosses actually done by a new vigilante assassin.
movie_0667,Lat sau san taam,Movie,Action,Crime,1992,128.0,R,English,USA,7.8,,,,,False,2024-10-08,True,https://m.media-amazon.com/images/M/MV5BOTIzZGU4ZWMtYmNjMy00NzU0LTljMGYtZmVkMDYwN2U2MzYwL2ltYWdlXkEyXkFqcGdeQXVyNTAyODkwOQ@._V1_SX600.jpg,John Woo,A tough-as-nails cop teams up with an undercover agent to shut down a sinister mobster and his crew.
movie_0668,Night on Earth,Movie,Comedy,Drama,1991,129.0,R,English,USA,7.8,,2015810.0,,,False,2017-07-21,False,https://m.media-amazon.com/images/M/MV5BOGNmMjBmZWEtOWYwZC00NGIzLTg0YWItMzkzMWMwOTU4YTViXkEyXkFqcGdeQXVyNzc5MjA3OA@._V1_SX600.jpg,Jim Jarmusch,An anthology of 5 different cab drivers in 5 American and European cities and their remarkable fares on the same eventful night.
movie_0669,La double vie de Véronique,Movie,Drama,Fantasy,1991,98.0,R,French,France,7.8,,1999955.0,,,False,2017-07-02,False,https://m.media-amazon.com/images/M/MV5BYmE0ZGRiMDgtOTU0ZS00YWUwLTk5YWQtMzhiZGVhNzViMGZiXkEyXkFqcGdeQXVyMTMxODk2OTU@._V1_SX600.jpg,Krzysztof Kieslowski,"Two parallel stories about two identical women; one living in Poland, the other in France. They don't know each other, but their lives are nevertheless profoundly connected."
movie_0670,Boyz n the Hood,Movie,Crime,Drama,1991,112.0,A,English,USA,7.8,,57504069.0,,,False,2015-04-07,True,https://m.media-amazon.com/images/M/MV5BZmRjNDI5NTgtOTIwMC00MzJhLWI4ZTYtMmU0ZTE3ZmRkZDNhXkEyXkFqcGdeQXVyMTQxNzMzNDI@._V1_SX600.jpg,John Singleton,"Follows the lives of three young males living in the Crenshaw ghetto of Los Angeles, dissecting questions of race, relationships, violence, and future prospects."
movie_0671,Misery,Movie,Drama,Thriller,1990,107.0,R,English,USA,7.8,,61276872.0,,,False,2022-05-27,False,https://m.media-amazon.com/images/M/MV5BNzY0ODQ3MTMxN15BMl5BanBnXkFtZTgwMDkwNTg4NjE@._V1_SX600.jpg,Rob Reiner,"After a famous author is rescued from a car crash by a fan of his novels, he comes to realize that the care he is receiving is only the beginning of a nightmare of captivity and abuse."
movie_0672,Awakenings,Movie,Biography,Drama,1990,121.0,U,English,USA,7.8,,52096475.0,,,False,2017-03-02,False,https://m.media-amazon.com/images/M/MV5BMjI5NjEzMDYyMl5BMl5BanBnXkFtZTgwNjgwNTg4NjE@._V1_SX600.jpg,Penny Marshall,"The victims of an encephalitis epidemic many years ago have been catatonic ever since, but now a new drug offers the prospect of reviving them."
movie_0673,Majo no takkyûbin,Movie,Animation,Adventure,1989,103.0,U,Japanese,Japan,7.8,,,,,False,2019-06-21,False,https://m.media-amazon.com/images/M/MV5BOTc0ODM1Njk1NF5BMl5BanBnXkFtZTcwMDI5OTEyNw@._V1_SX600.jpg,Hayao Miyazaki,"A young witch, on her mandatory year of independent life, finds fitting into a new community difficult while she supports herself by running an air courier service."
movie_0674,Glory,Movie,Biography,Drama,1989,122.0,R,English,USA,7.8,,26830000.0,,,False,2018-09-06,False,https://m.media-amazon.com/images/M/MV5BODhlNjA5MDEtZDVhNS00ZmM3LTg1YzAtZGRjNjhjNTAzNzVkXkEyXkFqcGdeQXVyNjUwMzI2NzU@._V1_SX600.jpg,Edward Zwick,"Robert Gould Shaw leads the U.S. Civil War's first all-black volunteer company, fighting prejudices from both his own Union Army, and the Confederates."
movie_0675,Dip huet seung hung,Movie,Action,Crime,1989,111.0,R,English,USA,7.8,,,,,False,2018-02-15,True,https://m.media-amazon.com/images/M/MV5BMDQyMDVhZjItMGI0Mi00MDQ1LTk3NmQtZmRjZGQ5ZTQ2ZDU5XkEyXkFqcGdeQXVyNTAyODkwOQ@._V1_SX600.jpg,John Woo,A disillusioned assassin accepts one last hit in hopes of using his earnings to restore vision to a singer he accidentally blinded.
movie_0676,Back to the Future Part II,Movie,Adventure,Comedy,1989,108.0,U,English,USA,7.8,,118500000.0,,,False,2024-09-10,False,https://m.media-amazon.com/images/M/MV5BZTMxMGM5MjItNDJhNy00MWI2LWJlZWMtOWFhMjI5ZTQwMWM3XkEyXkFqcGdeQXVyMTQxNzMzNDI@._V1_SX600.jpg,Robert Zemeckis,"After visiting 2015, Marty McFly must repeat his visit to 1955 to prevent disastrous changes to 1985...without interfering with his first trip."
movie_0677,Mississippi Burning,Movie,Crime,Drama,1988,128.0,A,English,USA,7.8,,34603943.0,,,False,2015-10-12,True,https://m.media-amazon.com/images/M/MV5BZTFjNjU4OTktYzljMS00MmFlLWI3NGEtNjNhMTYwYzUyZDgyL2ltYWdlL2ltYWdlXkEyXkFqcGdeQXVyNjU0OTQ0OTY@._V1_SX600.jpg,Alan Parker,Two F.B.I. Agents with wildly different styles arrive in Mississippi to investigate the disappearance of some civil rights activists.
movie_0678,Predator,Movie,Action,Adventure,1987,107.0,A,English,USA,7.8,,59735548.0,,,False,2025-11-04,False,https://m.media-amazon.com/images/M/MV5BY2QwYmFmZTEtNzY2Mi00ZWMyLWEwY2YtMGIyNGZjMWExOWEyXkEyXkFqcGdeQXVyNjUwNzk3NDc@._V1_SX600.jpg,John McTiernan,A team of commandos on a mission in a Central American jungle find themselves hunted by an extraterrestrial warrior.
movie_0679,Evil Dead II,Movie,Action,Comedy,1987,84.0,A,English,USA,7.8,,5923044.0,,,False,2023-09-03,False,https://m.media-amazon.com/images/M/MV5BMWY3ODZlOGMtNzJmOS00ZTNjLWI3ZWEtZTJhZTk5NDZjYWRjXkEyXkFqcGdeQXVyNjU0OTQ0OTY@._V1_SX600.jpg,Sam Raimi,The lone survivor of an onslaught of flesh-possessing spirits holes up in a cabin with a group of strangers while the demons continue their attack.
movie_0680,Ferris Bueller's Day Off,Movie,Comedy,,1986,103.0,U,English,USA,7.8,,70136369.0,,,False,2018-02-17,False,https://m.media-amazon.com/images/M/MV5BMDA0NjZhZWUtNmI2NC00MmFjLTgwZDYtYzVjZmNhMDVmOTBkXkEyXkFqcGdeQXVyMTQxNzMzNDI@._V1_SX600.jpg,John Hughes,"A high school wise guy is determined to have a day off from school, despite what the Principal thinks of that."
movie_0681,Down by Law,Movie,Comedy,Crime,1986,107.0,R,English,USA,7.8,,1436000.0,,,False,2018-12-09,True,https://m.media-amazon.com/images/M/MV5BM2ZmNDJiZTUtYjg5Zi00M2I3LTliZjAtNzQ4NTlkYTAzYTAxXkEyXkFqcGdeQXVyNTkyMDc0MjI@._V1_SX600.jpg,Jim Jarmusch,"Two men are framed and sent to jail, where they meet a murderer who helps them escape and leave the state."
movie_0682,The Goonies,Movie,Adventure,Comedy,1985,114.0,U,English,USA,7.8,,61503218.0,,,False,2022-03-12,False,https://m.media-amazon.com/images/M/MV5BODRlMjRkZGEtZWM2Zi00ZjYxLWE0MWUtMmM1YWM2NzZlOTE1XkEyXkFqcGdeQXVyMTQxNzMzNDI@._V1_SX600.jpg,Richard Donner,A group of young misfits called The Goonies discover an ancient map and set out on an adventure to find a legendary pirate's long-lost treasure.
movie_0683,The Color Purple,Movie,Drama,,1985,154.0,U,English,USA,7.8,,98467863.0,,,False,2020-09-17,False,https://m.media-amazon.com/images/M/MV5BZDRkOWQ5NGUtYTVmOS00ZjNhLWEwODgtOGI2MmUxNTBkMjU0XkEyXkFqcGdeQXVyMjUzOTY1NTc@._V1_SX600.jpg,Steven Spielberg,A black Southern woman struggles to find her identity after suffering abuse from her father and others over four decades.
movie_0684,The Breakfast Club,Movie,Comedy,Drama,1985,97.0,UA,English,USA,7.8,,45875171.0,,,False,2019-06-26,False,https://m.media-amazon.com/images/M/MV5BOTM5N2ZmZTMtNjlmOS00YzlkLTk3YjEtNTU1ZmQ5OTdhODZhXkEyXkFqcGdeQXVyMTQxNzMzNDI@._V1_SX600.jpg,John Hughes,Five high school students meet in Saturday detention and discover how they have a lot more in common than they thought.
movie_0685,The Killing Fields,Movie,Biography,Drama,1984,141.0,UA,English,USA,7.8,,34700291.0,,,False,2022-08-15,False,https://m.media-amazon.com/images/M/MV5BMGI0NzI5YjAtNTg0MS00NDA2LWE5ZWItODRmOTAxOTAxYjg2L2ltYWdlL2ltYWdlXkEyXkFqcGdeQXVyNTI4MjkwNjA@._V1_SX600.jpg,Roland Joffé,"A journalist is trapped in Cambodia during tyrant Pol Pot's bloody 'Year Zero' cleansing campaign, which claimed the lives of two million 'undesirable' civilians."
movie_0686,Ghostbusters,Movie,Action,Comedy,1984,105.0,UA,English,USA,7.8,,238632124.0,,,False,2024-06-17,False,https://m.media-amazon.com/images/M/MV5BMTkxMjYyNzgwMl5BMl5BanBnXkFtZTgwMTE3MjYyMTE@._V1_SX600.jpg,Ivan Reitman,Three former parapsychology professors set up shop as a unique ghost removal service.
movie_0687,The Right Stuff,Movie,Adventure,Biography,1983,193.0,PG,English,USA,7.8,,21500000.0,,,False,2021-01-05,False,https://m.media-amazon.com/images/M/MV5BOTUwMDA3MTYtZjhjMi00ODFmLTg5ZTAtYzgwN2NlODgzMmUwXkEyXkFqcGdeQXVyNjc1NTYyMjg@._V1_SX600.jpg,Philip Kaufman,"The story of the original Mercury 7 astronauts and their macho, seat-of-the-pants approach to the space program."
movie_0688,The King of Comedy,Movie,Comedy,Crime,1982,109.0,U,English,USA,7.8,,2500000.0,,,False,2018-09-18,True,https://m.media-amazon.com/images/M/MV5BMTViNjlkYjgtMmE3Zi00ZGVkLTkyMjMtNzc3YzAwNzNiODQ1XkEyXkFqcGdeQXVyMjA0MzYwMDY@._V1_SX600.jpg,Martin Scorsese,"Rupert Pupkin is a passionate yet unsuccessful comic who craves nothing more than to be in the spotlight and to achieve this, he stalks and kidnaps his idol to take the spotlight for himself."
movie_0689,E.T. the Extra-Terrestrial,Movie,Family,Sci-Fi,1982,115.0,U,English,USA,7.8,,435110554.0,,,False,2025-07-14,False,https://m.media-amazon.com/images/M/MV5BMTQ2ODFlMDAtNzdhOC00ZDYzLWE3YTMtNDU4ZGFmZmJmYTczXkEyXkFqcGdeQXVyMTQxNzMzNDI@._V1_SX600.jpg,Steven Spielberg,A troubled child summons the courage to help a friendly alien escape Earth and return to his home world.
movie_0690,Kramer vs. Kramer,Movie,Drama,,1979,105.0,A,English,USA,7.8,,106260000.0,,,False,2015-04-24,False,https://m.media-amazon.com/images/M/MV5BNDM3YjNlYmMtOGY3NS00MmRjLWIyY2UtNDA0MWM3OTNlZTY2XkEyXkFqcGdeQXVyMTQxNzMzNDI@._V1_SX600.jpg,Robert Benton,"Ted Kramer's wife leaves him, allowing for a lost bond to be rediscovered between Ted and his son, Billy. But a heated custody battle ensues over the divorced couple's son, deepening the wounds left by the separation."
movie_0691,Days of Heaven,Movie,Drama,Romance,1978,94.0,PG,English,USA,7.8,,,,,False,2016-04-17,False,https://m.media-amazon.com/images/M/MV5BZjMyZmU4OGYtNjBiYS00YTIxLWJjMDUtZjczZmQwMTM4YjQxXkEyXkFqcGdeQXVyNTI4MjkwNjA@._V1_SX600.jpg,Terrence Malick,A hot-tempered farm laborer convinces the woman he loves to marry their rich but dying boss so that they can have a claim to his fortune.
movie_0692,The Outlaw Josey Wales,Movie,Western,,1976,135.0,A,English,USA,7.8,,31800000.0,,,False,2024-11-01,False,https://m.media-amazon.com/images/M/MV5BMjIxNDYxMTk2MF5BMl5BanBnXkFtZTgwMjQxNjU3MTE@._V1_SX600.jpg,Clint Eastwood,Missouri farmer Josey Wales joins a Confederate guerrilla unit and winds up on the run from the Union soldiers who murdered his family.
movie_0693,The Man Who Would Be King,Movie,Adventure,History,1975,129.0,PG,English,USA,7.8,,,,,False,2025-11-18,False,https://m.media-amazon.com/images/M/MV5BZWQzYjBjZmQtZDFiOS00ZDQ1LWI4MDAtMDk1NGE1NDBhYjNhL2ltYWdlXkEyXkFqcGdeQXVyNjc1NTYyMjg@._V1_SX600.jpg,John Huston,"Two British former soldiers decide to set themselves up as Kings in Kafiristan, a land where no white man has set foot since Alexander the Great."
movie_0694,The Conversation,Movie,Drama,Mystery,1974,113.0,U,English,USA,7.8,,4420000.0,,,False,2017-12-05,False,https://m.media-amazon.com/images/M/MV5BNzZlMThlYzktMDlmZC00YTI1LThlNzktZWU0MTY4ODc2ZWY4XkEyXkFqcGdeQXVyNTA1NjYyMDk@._V1_SX600.jpg,Francis Ford Coppola,"A paranoid, secretive surveillance expert has a crisis of conscience when he suspects that the couple he is spying on will be murdered."
movie_0695,La planète sauvage,Movie,Animation,Sci-Fi,1973,72.0,U,French,France,7.8,,193817.0,,,False,2017-01-01,False,https://m.media-amazon.com/images/M/MV5BYjhhMDFlZDctYzg1Mi00ZmZiLTgyNTgtM2NkMjRkNzYwZmQ0XkEyXkFqcGdeQXVyMTMxODk2OTU@._V1_SX600.jpg,René Laloux,"On a faraway planet where blue giants rule, oppressed humanoids rebel against their machine-like leaders."
movie_0696,The Day of the Jackal,Movie,Crime,Drama,1973,143.0,A,English,USA,7.8,,16056255.0,,,False,2021-07-06,True,https://m.media-amazon.com/images/M/MV5BNjZmMWE4NzgtZjc5OS00NTBmLThlY2MtM2MzNTA5NTZiNTFjXkEyXkFqcGdeQXVyNjc1NTYyMjg@._V1_SX600.jpg,Fred Zinnemann,"A professional assassin codenamed ""Jackal"" plots to kill Charles de Gaulle, the President of France."
movie_0697,Badlands,Movie,Action,Crime,1973,94.0,PG,English,USA,7.8,,,,,False,2025-10-17,True,https://m.media-amazon.com/images/M/MV5BMDcxNjhiOTEtMzQ0YS00OTBhLTkxM2QtN2UyZDMzNzIzNWFlXkEyXkFqcGdeQXVyMTQxNzMzNDI@._V1_SX600.jpg,Terrence Malick,An impressionable teenage girl from a dead-end town and her older greaser boyfriend embark on a killing spree in the South Dakota badlands.
movie_0698,Cabaret,Movie,Drama,Music,1972,124.0,A,English,USA,7.8,,42765000.0,,,False,2017-12-23,False,https://m.media-amazon.com/images/M/MV5BNTEyMzc0Mjk5MV5BMl5BanBnXkFtZTgwMjI2NDIwMTE@._V1_SX600.jpg,Bob Fosse,A female girlie club entertainer in Weimar Republic era Berlin romances two men while the Nazi Party rises to power around them.
movie_0699,Willy Wonka & the Chocolate Factory,Movie,Family,Fantasy,1971,100.0,U,English,USA,7.8,,4000000.0,,,False,2015-06-06,False,https://m.media-amazon.com/images/M/MV5BZTllNDU0ZTItYTYxMC00OTI4LThlNDAtZjNiNzdhMWZiYjNmXkEyXkFqcGdeQXVyNzY1NDgwNjQ@._V1_SX600.jpg,Mel Stuart,A poor but hopeful boy seeks one of the five coveted golden tickets that will send him on a tour of Willy Wonka's mysterious chocolate factory.
movie_0700,Midnight Cowboy,Movie,Drama,,1969,113.0,A,English,USA,7.8,,44785053.0,,,False,2016-03-20,False,https://m.media-amazon.com/images/M/MV5BNTgwZmIzMmYtZjE3Yy00NzgzLTgxNmUtNjlmZDlkMzlhOTJkXkEyXkFqcGdeQXVyNjUwNzk3NDc@._V1_SX600.jpg,John Schlesinger,"A naive hustler travels from Texas to New York City to seek personal fortune, finding a new friend in the process."
movie_0701,Wait Until Dark,Movie,Thriller,,1967,108.0,Not Rated,English,USA,7.8,,17550741.0,,,False,2021-09-09,False,https://m.media-amazon.com/images/M/MV5BMTQyNTAzOTI3NF5BMl5BanBnXkFtZTcwNTM0Mjg0Mg@._V1_SX600.jpg,Terence Young,A recently blinded woman is terrorized by a trio of thugs while they search for a heroin-stuffed doll they believe is in her apartment.
movie_0702,Guess Who's Coming to Dinner,Movie,Comedy,Drama,1967,108.0,Not Rated,English,USA,7.8,,56700000.0,,,False,2019-11-15,False,https://m.media-amazon.com/images/M/MV5BZTVmMTk2NjUtNjVjNC00OTcwLWE4OWEtNzA4Mjk1ZmIwNDExXkEyXkFqcGdeQXVyNjUwNzk3NDc@._V1_SX600.jpg,Stanley Kramer,A couple's attitudes are challenged when their daughter introduces them to her African-American fiancé.
movie_0703,Bonnie and Clyde,Movie,Action,Biography,1967,111.0,A,English,USA,7.8,,,,,False,2018-11-16,False,https://m.media-amazon.com/images/M/MV5BOTViZmMwOGEtYzc4Yy00ZGQ1LWFkZDQtMDljNGZlMjAxMjhiXkEyXkFqcGdeQXVyNzM0MTUwNTY@._V1_SX600.jpg,Arthur Penn,"Bored waitress Bonnie Parker falls in love with an ex-con named Clyde Barrow and together they start a violent crime spree through the country, stealing cars and robbing banks."
movie_0704,My Fair Lady,Movie,Drama,Family,1964,170.0,U,English,USA,7.8,,72000000.0,,,False,2023-03-04,False,https://m.media-amazon.com/images/M/MV5BNGM0ZTU3NmItZmRmMy00YWNjLWEzMWItYzg3MzcwZmM5NjdiXkEyXkFqcGdeQXVyNDYyMDk5MTU@._V1_SX600.jpg,George Cukor,Snobbish phonetics Professor Henry Higgins agrees to a wager that he can make flower girl Eliza Doolittle presentable in high society.
movie_0705,Mary Poppins,Movie,Comedy,Family,1964,139.0,U,English,USA,7.8,,102272727.0,,,False,2023-10-27,False,https://m.media-amazon.com/images/M/MV5BNmJkODczNjItNDI5Yy00MGI1LTkyOWItZDNmNjM4ZGI1ZDVlL2ltYWdlL2ltYWdlXkEyXkFqcGdeQXVyMDI2NDg0NQ@._V1_SX600.jpg,Robert Stevenson,"In turn of the century London, a magical nanny employs music and adventure to help two neglected children become closer to their father."
movie_0706,The Longest Day,Movie,Action,Drama,1962,178.0,G,English,USA,7.8,,39100000.0,,,False,2018-07-08,False,https://m.media-amazon.com/images/M/MV5BZTM1ZjQ2YTktNDM2MS00NGY2LTkzNzItZTU4ODg1ODNkMWYxL2ltYWdlXkEyXkFqcGdeQXVyNjc1NTYyMjg@._V1_SX600.jpg,Ken Annakin,"The events of D-Day, told on a grand scale from both the Allied and German points of view."
movie_0707,Jules et Jim,Movie,Drama,Romance,1962,105.0,Not Rated,French,France,7.8,,,,,False,2019-11-23,False,https://m.media-amazon.com/images/M/MV5BZTM1MTRiNDctMTFiMC00NGM1LTkyMWQtNTY1M2JjZDczOWQ3XkEyXkFqcGdeQXVyMDI3OTIzOA@._V1_SX600.jpg,François Truffaut,Decades of a love triangle concerning two friends and an impulsive woman.
movie_0708,The Innocents,Movie,Horror,,1961,100.0,A,English,USA,7.8,,2616000.0,,,False,2021-10-19,True,https://m.media-amazon.com/images/M/MV5BNGQyNjBjNTUtNTM1OS00YzcyLWFhNTgtNTU0MDg3NzBlMDQzXkEyXkFqcGdeQXVyNjc1NTYyMjg@._V1_SX600.jpg,Jack Clayton,A young governess for two children becomes convinced that the house and grounds are haunted.
movie_0709,À bout de souffle,Movie,Crime,Drama,1960,90.0,U,French,France,7.8,,336705.0,,,False,2020-09-25,True,https://m.media-amazon.com/images/M/MV5BNzk5MDk2MjktY2I3NS00ODZkLTk3OTktY2Q3ZDE2MmQ2M2ZmXkEyXkFqcGdeQXVyNjc1NTYyMjg@._V1_SX600.jpg,Jean-Luc Godard,"A small-time thief steals a car and impulsively murders a motorcycle policeman. Wanted by the authorities, he reunites with a hip American journalism student and attempts to persuade her to run away with him to Italy."
movie_0710,Red River,Movie,Action,Adventure,1948,133.0,Passed,English,USA,7.8,,,,,False,2016-04-18,False,https://m.media-amazon.com/images/M/MV5BNzNiOGJhMDUtZjNjMC00YmE5LTk3NjQtNGM4ZjAzOGJjZmRlXkEyXkFqcGdeQXVyNjc1NTYyMjg@._V1_SX600.jpg,Howard Hawks,"Dunson leads a cattle drive, the culmination of over 14 years of work, to its destination in Missouri. But his tyrannical behavior along the way causes a mutiny, led by his adopted son."
movie_0711,Key Largo,Movie,Action,Crime,1948,100.0,Not Rated,English,USA,7.8,,,,,False,2019-04-27,True,https://m.media-amazon.com/images/M/MV5BODI3YzNiZTUtYjEyZS00ODkwLWE2ZDUtNGJmMTNiYTc4ZTM4XkEyXkFqcGdeQXVyMDI2NDg0NQ@._V1_SX600.jpg,John Huston,"A man visits his war buddy's family hotel and finds a gangster running things. As a hurricane approaches, the two end up confronting each other."
movie_0712,To Have and Have Not,Movie,Adventure,Comedy,1944,100.0,PG,English,USA,7.8,,,,,False,2025-02-01,False,https://m.media-amazon.com/images/M/MV5BZGU2YmU0MWMtMzg5My00ZmY2LTljMDItMTg2YTI5Y2U2OTE3XkEyXkFqcGdeQXVyMjUxODE0MDY@._V1_SX600.jpg,Howard Hawks,"During World War II, American expatriate Harry Morgan helps transport a French Resistance leader and his beautiful wife to Martinique while romancing a sensuous lounge singer."
movie_0713,Shadow of a Doubt,Movie,Film-Noir,Thriller,1943,108.0,PG,English,USA,7.8,,,,,False,2021-06-19,False,https://m.media-amazon.com/images/M/MV5BM2I1YWM4NTYtYjA0Ny00ZDEwLTg3NTgtNzBjMzZhZTk1YTA1XkEyXkFqcGdeQXVyMTY5Nzc4MDY@._V1_SX600.jpg,Alfred Hitchcock,"A young girl, overjoyed when her favorite uncle comes to visit the family, slowly begins to suspect that he is in fact the ""Merry Widow"" killer sought by the authorities."
movie_0714,Stagecoach,Movie,Adventure,Drama,1939,96.0,Passed,English,USA,7.8,,,,,False,2017-02-17,False,https://m.media-amazon.com/images/M/MV5BOGQ4NDUyNWQtZTEyOC00OTMzLWFhYjAtNDNmYmQ2MWQyMTRmXkEyXkFqcGdeQXVyNTA4NzY1MzY@._V1_SX600.jpg,John Ford,A group of people traveling on a stagecoach find their journey complicated by the threat of Geronimo and learn something about each other in the process.
movie_0715,The Lady Vanishes,Movie,Mystery,Thriller,1938,96.0,Not Rated,English,USA,7.8,,,,,False,2017-11-09,False,https://m.media-amazon.com/images/M/MV5BNjk3YzFjYTktOGY0ZS00Y2EwLTk2NTctYTI1Nzc2OWNiN2I4XkEyXkFqcGdeQXVyNzM0MTUwNTY@._V1_SX600.jpg,Alfred Hitchcock,"While travelling in continental Europe, a rich young playgirl realizes that an elderly lady seems to have disappeared from the train."
movie_0716,Bringing Up Baby,Movie,Comedy,Family,1938,102.0,Passed,English,USA,7.8,,,,,False,2015-07-01,False,https://m.media-amazon.com/images/M/MV5BMmVkOTRiYmItZjE4NS00MWNjLWE0ZmMtYzg5YzFjMjMyY2RkXkEyXkFqcGdeQXVyNjc1NTYyMjg@._V1_SX600.jpg,Howard Hawks,"While trying to secure a $1 million donation for his museum, a befuddled paleontologist is pursued by a flighty and often irritating heiress and her pet leopard, Baby."
movie_0717,Bride of Frankenstein,Movie,Drama,Horror,1935,75.0,Not Rated,English,USA,7.8,,4360000.0,,,False,2022-12-13,True,https://m.media-amazon.com/images/M/MV5BOTUzMzAzMzEzNV5BMl5BanBnXkFtZTgwOTg1NTAwMjE@._V1_SX600.jpg,James Whale,"Mary Shelley reveals the main characters of her novel survived: Dr. Frankenstein, goaded by an even madder scientist, builds his monster a mate."
movie_0718,Duck Soup,Movie,Comedy,Musical,1933,69.0,Not Rated,English,USA,7.8,,,,,False,2019-11-22,False,https://m.media-amazon.com/images/M/MV5BYmYxZGU2NWYtNzQxZS00NmEyLWIzN2YtMDk5MWM0ODc5ZTE4XkEyXkFqcGdeQXVyNTA4NzY1MzY@._V1_SX600.jpg,Leo McCarey,Rufus T. Firefly is named president/dictator of bankrupt Freedonia and declares war on neighboring Sylvania over the love of wealthy Mrs. Teasdale.
movie_0719,Scarface: The Shame of the Nation,Movie,Action,Crime,1932,93.0,PG,English,USA,7.8,,,,,False,2015-01-07,True,https://m.media-amazon.com/images/M/MV5BYmMxZTU2ZDUtM2Y1MS00ZWFmLWJlN2UtNzI0OTJiOTYzMTk3XkEyXkFqcGdeQXVyMjUxODE0MDY@._V1_SX600.jpg,Howard Hawks,"An ambitious and nearly insane violent gangster climbs the ladder of success in the mob, but his weaknesses prove to be his downfall."
movie_0720,Frankenstein,Movie,Drama,Horror,1931,70.0,Passed,English,USA,7.8,,,,,False,2020-10-30,True,https://m.media-amazon.com/images/M/MV5BMTQ0Njc1MjM0OF5BMl5BanBnXkFtZTgwNTY2NTUyMjE@._V1_SX600.jpg,James Whale,Dr. Frankenstein dares to tamper with life and death by creating a human monster out of lifeless body parts.
movie_0721,Roma,Movie,Drama,,2018,135.0,R,Spanish,Mexico,7.7,,,,,True,2025-05-19,False,https://m.media-amazon.com/images/M/MV5BMTU0OTc3ODk4Ml5BMl5BanBnXkFtZTgwMzM4NzI5NjM@._V1_SX600.jpg,Alfonso Cuarón,A year in the life of a middle-class family's maid in Mexico City in the early 1970s.
movie_0722,God's Own Country,Movie,Drama,Romance,2017,104.0,Not Rated,English,USA,7.7,,335609.0,,,False,2024-01-17,False,https://m.media-amazon.com/images/M/MV5BNjRhYzk2NDAtYzA1Mi00MmNmLWE1ZjQtMDBhZmUyMTdjZjBiXkEyXkFqcGdeQXVyNjk1Njg5NTA@._V1_SX600.jpg,Francis Lee,"Spring. Yorkshire. Young farmer Johnny Saxby numbs his daily frustrations with binge drinking and casual sex, until the arrival of a Romanian migrant worker for lambing season ignites an intense relationship that sets Johnny on a new path."
movie_0723,Deadpool 2,Movie,Action,Adventure,2018,119.0,R,English,USA,7.7,,324591735.0,,,False,2021-01-14,False,https://m.media-amazon.com/images/M/MV5BNjk1Njk3YjctMmMyYS00Y2I4LThhMzktN2U0MTMyZTFlYWQ5XkEyXkFqcGdeQXVyODM2ODEzMDA@._V1_SX600.jpg,David Leitch,"Foul-mouthed mutant mercenary Wade Wilson (a.k.a. Deadpool), brings together a team of fellow mutant rogues to protect a young boy with supernatural abilities from the brutal, time-traveling cyborg Cable."
movie_0724,Wind River,Movie,Crime,Drama,2017,107.0,R,English,USA,7.7,,33800859.0,,,False,2022-09-14,True,https://m.media-amazon.com/images/M/MV5BMTUyMjU1OTUwM15BMl5BanBnXkFtZTgwMDg1NDQ2MjI@._V1_SX600.jpg,Taylor Sheridan,A veteran hunter helps an FBI agent investigate the murder of a young woman on a Wyoming Native American reservation.
movie_0725,Get Out,Movie,Horror,Mystery,2017,104.0,R,English,USA,7.7,,176040665.0,,,False,2023-01-25,True,https://m.media-amazon.com/images/M/MV5BMjUxMDQwNjcyNl5BMl5BanBnXkFtZTgwNzcwMzc0MTI@._V1_SX600.jpg,Jordan Peele,"A young African-American visits his white girlfriend's parents for the weekend, where his simmering uneasiness about their reception of him eventually reaches a boiling point."
movie_0726,Mission: Impossible - Fallout,Movie,Action,Adventure,2018,147.0,UA,English,USA,7.7,,220159104.0,,,False,2025-07-18,False,https://m.media-amazon.com/images/M/MV5BNjRlZmM0ODktY2RjNS00ZDdjLWJhZGYtNDljNWZkMGM5MTg0XkEyXkFqcGdeQXVyNjAwMjI5MDk@._V1_SX600.jpg,Christopher McQuarrie,"Ethan Hunt and his IMF team, along with some familiar allies, race against time after a mission gone wrong."
movie_0727,En man som heter Ove,Movie,Comedy,Drama,2015,116.0,PG-13,Swedish,Sweden,7.7,,3358518.0,,,False,2023-04-28,False,https://m.media-amazon.com/images/M/MV5BMjE0NDUyOTc2MV5BMl5BanBnXkFtZTgwODk2NzU3OTE@._V1_SX600.jpg,Hannes Holm,"Ove, an ill-tempered, isolated retiree who spends his days enforcing block association rules and visiting his wife's grave, has finally given up on life just as an unlikely friendship develops with his boisterous new neighbors."
movie_0728,What We Do in the Shadows,Movie,Comedy,Horror,2014,86.0,R,English,USA,7.7,,3333000.0,,,False,2023-04-07,True,https://m.media-amazon.com/images/M/MV5BMjAwNDA5NzEwM15BMl5BanBnXkFtZTgwMTA1MDUyNDE@._V1_SX600.jpg,Jemaine Clement,"Viago, Deacon and Vladislav are vampires who are finding that modern life has them struggling with the mundane - like paying rent, keeping up with the chore wheel, trying to get into nightclubs and overcoming flatmate conflicts."
movie_0729,Omoide no Mânî,Movie,Animation,Drama,2014,103.0,U,Japanese,Japan,7.7,,765127.0,,,False,2022-07-09,False,https://m.media-amazon.com/images/M/MV5BZTlmYTJmMWEtNDRhNy00ODc1LTg2OTMtMjk2ODJhNTA4YTE1XkEyXkFqcGdeQXVyMTMxODk2OTU@._V1_SX600.jpg,James Simone,"Due to 12 y.o. Anna's asthma, she's sent to stay with relatives of her guardian in the Japanese countryside. She likes to be alone, sketching. She befriends Marnie. Who is the mysterious, blonde Marnie."
movie_0730,The Theory of Everything,Movie,Biography,Drama,2014,123.0,U,English,USA,7.7,,35893537.0,,,False,2017-03-18,False,"https://m.media-amazon.com/images/M/MV5BMTAwMTU4MDA3NDNeQTJeQWpwZ15BbWU4MDk4NTMxNTIx._V1_UX67_CR0,0,67,98_AL_.jpg@._V1_SX600.jpg",James Marsh,A look at the relationship between the famous physicist Stephen Hawking and his wife.
movie_0731,Kingsman: The Secret Service,Movie,Action,Adventure,2014,129.0,A,English,USA,7.7,,128261724.0,,,False,2019-01-31,False,https://m.media-amazon.com/images/M/MV5BYTM3ZTllNzItNTNmOS00NzJiLTg1MWMtMjMxNDc0NmJhODU5XkEyXkFqcGdeQXVyODE5NzE3OTE@._V1_SX600.jpg,Matthew Vaughn,"A spy organisation recruits a promising street kid into the agency's training program, while a global threat emerges from a twisted tech genius."
movie_0732,The Fault in Our Stars,Movie,Drama,Romance,2014,126.0,UA,English,USA,7.7,,124872350.0,,,False,2019-11-02,False,https://m.media-amazon.com/images/M/MV5BNTVkMTFiZWItOTFkOC00YTc3LWFhYzQtZTg3NzAxZjJlNTAyXkEyXkFqcGdeQXVyODE5NzE3OTE@._V1_SX600.jpg,Josh Boone,Two teenage cancer patients begin a life-affirming journey to visit a reclusive author in Amsterdam.
movie_0733,Me and Earl and the Dying Girl,Movie,Comedy,Drama,2015,105.0,PG-13,English,USA,7.7,,6743776.0,,,False,2015-10-14,False,https://m.media-amazon.com/images/M/MV5BNTA1NzUzNjY4MV5BMl5BanBnXkFtZTgwNDU0MDI0NTE@._V1_SX600.jpg,Alfonso Gomez-Rejon,"High schooler Greg, who spends most of his time making parodies of classic movies with his co-worker Earl, finds his outlook forever altered after befriending a classmate who has just been diagnosed with cancer."
movie_0734,Birdman or (The Unexpected Virtue of Ignorance),Movie,Comedy,Drama,2014,119.0,A,English,USA,7.7,,42340598.0,,,False,2025-08-22,False,https://m.media-amazon.com/images/M/MV5BODAzNDMxMzAxOV5BMl5BanBnXkFtZTgwMDMxMjA4MjE@._V1_SX600.jpg,Alejandro G. Iñárritu,"A washed-up superhero actor attempts to revive his fading career by writing, directing, and starring in a Broadway production."
movie_0735,La vie d'Adèle,Movie,Drama,Romance,2013,180.0,A,French,France,7.7,,2199675.0,,,False,2022-06-13,False,https://m.media-amazon.com/images/M/MV5BMTQ5NTg5ODk4OV5BMl5BanBnXkFtZTgwODc4MTMzMDE@._V1_SX600.jpg,Abdellatif Kechiche,"Adèle's life is changed when she meets Emma, a young woman with blue hair, who will allow her to discover desire and to assert herself as a woman and as an adult. In front of others, Adèle grows, seeks herself, loses herself, and ultimately finds herself through love and loss."
movie_0736,Kai po che!,Movie,Drama,Sport,2013,130.0,U,English,USA,7.7,,1122527.0,,,False,2025-04-29,False,https://m.media-amazon.com/images/M/MV5BMTgwNTAwMjEzMF5BMl5BanBnXkFtZTcwNzMzODY4OA@._V1_SX600.jpg,Abhishek Kapoor,Three friends growing up in India at the turn of the millennium set out to open a training academy to produce the country's next cricket stars.
movie_0737,The Broken Circle Breakdown,Movie,Drama,Music,2012,111.0,Not Rated,English,USA,7.7,,175058.0,,,False,2018-09-14,False,https://m.media-amazon.com/images/M/MV5BMTQzMzg2Nzg2MF5BMl5BanBnXkFtZTgwNjUzNzIzMDE@._V1_SX600.jpg,Felix van Groeningen,"Elise and Didier fall in love at first sight, in spite of their differences. He talks, she listens. He's a romantic atheist, she's a religious realist. When their daughter becomes seriously ill, their love is put on trial."
movie_0738,Captain America: The Winter Soldier,Movie,Action,Adventure,2014,136.0,UA,English,USA,7.7,,259766572.0,,,False,2021-12-27,False,https://m.media-amazon.com/images/M/MV5BMzA2NDkwODAwM15BMl5BanBnXkFtZTgwODk5MTgzMTE@._V1_SX600.jpg,Anthony Russo,"As Steve Rogers struggles to embrace his role in the modern world, he teams up with a fellow Avenger and S.H.I.E.L.D agent, Black Widow, to battle a new threat from history: an assassin known as the Winter Soldier."
movie_0739,Rockstar,Movie,Drama,Music,2011,159.0,UA,English,USA,7.7,,985912.0,,,False,2018-07-09,False,https://m.media-amazon.com/images/M/MV5BOTc3NzAxMjg4M15BMl5BanBnXkFtZTcwMDc2ODQwNw@._V1_SX600.jpg,Imtiaz Ali,"Janardhan Jakhar chases his dreams of becoming a big Rock star, during which he falls in love with Heer."
movie_0740,Nebraska,Movie,Adventure,Comedy,2013,115.0,UA,English,USA,7.7,,17654912.0,,,False,2022-06-10,False,"https://m.media-amazon.com/images/M/MV5BOGQzODdlMDktNzU4ZC00N2M3LWFkYTAtYTM1NTE0ZWI5YTg4XkEyXkFqcGdeQXVyMTA1NTM1NDI2._V1_UX67_CR0,0,67,98_AL_.jpg@._V1_SX600.jpg",Alexander Payne,"An aging, booze-addled father makes the trip from Montana to Nebraska with his estranged son in order to claim a million-dollar Mega Sweepstakes Marketing prize."
movie_0741,Wreck-It Ralph,Movie,Animation,Adventure,2012,101.0,U,English,USA,7.7,,189422889.0,,,False,2024-07-05,False,https://m.media-amazon.com/images/M/MV5BNzMxNTExOTkyMF5BMl5BanBnXkFtZTcwMzEyNDc0OA@._V1_SX600.jpg,Rich Moore,"A video game villain wants to be a hero and sets out to fulfill his dream, but his quest brings havoc to the whole arcade where he lives."
movie_0742,Le Petit Prince,Movie,Animation,Adventure,2015,108.0,PG,English,USA,7.7,,1339152.0,,,False,2016-05-25,False,https://m.media-amazon.com/images/M/MV5BNjg0OTM5OTQyNV5BMl5BanBnXkFtZTgwNDg5NDQ0NTE@._V1_SX600.jpg,Mark Osborne,"A little girl lives in a very grown-up world with her mother, who tries to prepare her for it. Her neighbor, the Aviator, introduces the girl to an extraordinary world where anything is possible, the world of the Little Prince."
movie_0743,Detachment,Movie,Drama,,2011,98.0,Not Rated,English,USA,7.7,,71177.0,,,False,2023-01-27,False,https://m.media-amazon.com/images/M/MV5BMTM3NzQzMDA5Ml5BMl5BanBnXkFtZTcwODA5NTcyNw@._V1_SX600.jpg,Tony Kaye,A substitute teacher who drifts from classroom to classroom finds a connection to the students and teachers during his latest assignment.
movie_0744,Midnight in Paris,Movie,Comedy,Fantasy,2011,96.0,PG-13,English,USA,7.7,,56816662.0,,,False,2025-02-03,False,https://m.media-amazon.com/images/M/MV5BMTM4NjY1MDQwMl5BMl5BanBnXkFtZTcwNTI3Njg3NA@._V1_SX600.jpg,Woody Allen,"While on a trip to Paris with his fiancée's family, a nostalgic screenwriter finds himself mysteriously going back to the 1920s every day at midnight."
movie_0745,The Lego Movie,Movie,Animation,Action,2014,100.0,U,English,USA,7.7,,257760692.0,,,False,2018-05-15,False,https://m.media-amazon.com/images/M/MV5BMTg4MDk1ODExN15BMl5BanBnXkFtZTgwNzIyNjg3MDE@._V1_SX600.jpg,Christopher Miller,"An ordinary LEGO construction worker, thought to be the prophesied as ""special"", is recruited to join a quest to stop an evil tyrant from gluing the LEGO universe into eternal stasis."
movie_0746,Gravity,Movie,Drama,Sci-Fi,2013,91.0,UA,English,USA,7.7,,274092705.0,,,False,2020-09-08,False,https://m.media-amazon.com/images/M/MV5BNjE5MzYwMzYxMF5BMl5BanBnXkFtZTcwOTk4MTk0OQ@._V1_SX600.jpg,Alfonso Cuarón,Two astronauts work together to survive after an accident leaves them stranded in space.
movie_0747,Star Trek Into Darkness,Movie,Action,Adventure,2013,132.0,UA,English,USA,7.7,,228778661.0,,,False,2018-06-20,False,https://m.media-amazon.com/images/M/MV5BMTk2NzczOTgxNF5BMl5BanBnXkFtZTcwODQ5ODczOQ@._V1_SX600.jpg,J.J. Abrams,"After the crew of the Enterprise find an unstoppable force of terror from within their own organization, Captain Kirk leads a manhunt to a war-zone world to capture a one-man weapon of mass destruction."
movie_0748,Beasts of No Nation,Movie,Drama,War,2015,137.0,Not Rated,English,USA,7.7,,83861.0,,,False,2022-06-24,True,https://m.media-amazon.com/images/M/MV5BMTYwMzMzMDI0NF5BMl5BanBnXkFtZTgwNDQ3NjI3NjE@._V1_SX600.jpg,Cary Joji Fukunaga,"A drama based on the experiences of Agu, a child soldier fighting in the civil war of an unnamed African country."
movie_0749,The Social Network,Movie,Biography,Drama,2010,120.0,UA,English,USA,7.7,,96962694.0,,,False,2019-07-31,False,https://m.media-amazon.com/images/M/MV5BOGUyZDUxZjEtMmIzMC00MzlmLTg4MGItZWJmMzBhZjE0Mjc1XkEyXkFqcGdeQXVyMTMxODk2OTU@._V1_SX600.jpg,David Fincher,"As Harvard student Mark Zuckerberg creates the social networking site that would become known as Facebook, he is sued by the twins who claimed he stole their idea, and by the co-founder who was later squeezed out of the business."
movie_0750,X: First Class,Movie,Action,Adventure,2011,131.0,UA,English,USA,7.7,,146408305.0,,,False,2018-08-29,False,https://m.media-amazon.com/images/M/MV5BMTg5OTMxNzk4Nl5BMl5BanBnXkFtZTcwOTk1MjAwNQ@._V1_SX600.jpg,Matthew Vaughn,"In the 1960s, superpowered humans Charles Xavier and Erik Lensherr work together to find others like them, but Erik's vengeful pursuit of an ambitious mutant who ruined his life causes a schism to divide them."
movie_0751,The Hangover,Movie,Comedy,,2009,100.0,UA,English,USA,7.7,,277322503.0,,,False,2019-07-07,False,https://m.media-amazon.com/images/M/MV5BNGQwZjg5YmYtY2VkNC00NzliLTljYTctNzI5NmU3MjE2ODQzXkEyXkFqcGdeQXVyNzkwMjQ5NzM@._V1_SX600.jpg,Todd Phillips,"Three buddies wake up from a bachelor party in Las Vegas, with no memory of the previous night and the bachelor missing. They make their way around the city in order to find their friend before his wedding."
movie_0752,Skyfall,Movie,Action,Adventure,2012,143.0,UA,English,USA,7.7,,304360277.0,,,False,2022-10-26,False,https://m.media-amazon.com/images/M/MV5BMWZiNjE2OWItMTkwNy00ZWQzLWI0NTgtMWE0NjNiYTljN2Q1XkEyXkFqcGdeQXVyNzAwMjYxMzA@._V1_SX600.jpg,Sam Mendes,"James Bond's loyalty to M is tested when her past comes back to haunt her. When MI6 comes under attack, 007 must track down and destroy the threat, no matter how personal the cost."
movie_0753,Silver Linings Playbook,Movie,Comedy,Drama,2012,122.0,A,English,USA,7.7,,132092958.0,,,False,2018-04-26,False,https://m.media-amazon.com/images/M/MV5BMTM2MTI5NzA3MF5BMl5BanBnXkFtZTcwODExNTc0OA@._V1_SX600.jpg,David O. Russell,"After a stint in a mental institution, former teacher Pat Solitano moves back in with his parents and tries to reconcile with his ex-wife. Things get more challenging when Pat meets Tiffany, a mysterious girl with problems of her own."
movie_0754,Argo,Movie,Biography,Drama,2012,120.0,A,English,USA,7.7,,136025503.0,,,False,2021-03-20,False,https://m.media-amazon.com/images/M/MV5BNzljNjY3MDYtYzc0Ni00YjU0LWIyNDUtNTE0ZDRiMGExMjZlXkEyXkFqcGdeQXVyMTMxODk2OTU@._V1_SX600.jpg,Ben Affleck,"Acting under the cover of a Hollywood producer scouting a location for a science fiction film, a CIA agent launches a dangerous operation to rescue six Americans in Tehran during the U.S. hostage crisis in Iran in 1979."
movie_0755,(500) Days of Summer,Movie,Comedy,Drama,2009,95.0,UA,English,USA,7.7,,32391374.0,,,False,2016-06-05,False,https://m.media-amazon.com/images/M/MV5BMTk5MjM4OTU1OV5BMl5BanBnXkFtZTcwODkzNDIzMw@._V1_SX600.jpg,Marc Webb,"An offbeat romantic comedy about a woman who doesn't believe true love exists, and the young man who falls for her."
movie_0756,Harry Potter and the Deathly Hallows: Part 1,Movie,Adventure,Family,2010,146.0,A,English,USA,7.7,,295983305.0,,,False,2017-02-24,False,https://m.media-amazon.com/images/M/MV5BMTQ2OTE1Mjk0N15BMl5BanBnXkFtZTcwODE3MDAwNA@._V1_SX600.jpg,David Yates,"As Harry, Ron, and Hermione race against time and evil to destroy the Horcruxes, they uncover the existence of the three most powerful objects in the wizarding world: the Deathly Hallows."
movie_0757,Gake no ue no Ponyo,Movie,Animation,Adventure,2008,101.0,U,Japanese,Japan,7.7,,15090400.0,,,False,2019-09-19,False,https://m.media-amazon.com/images/M/MV5BOTc3YmM3N2QtODZkMC00ZDE5LThjMTQtYTljN2Y1YTYwYWJkXkEyXkFqcGdeQXVyODEzNjM5OTQ@._V1_SX600.jpg,Hayao Miyazaki,"A five-year-old boy develops a relationship with Ponyo, a young goldfish princess who longs to become a human after falling in love with him."
movie_0758,Frost/Nixon,Movie,Biography,Drama,2008,122.0,R,English,USA,7.7,,18593156.0,,,False,2022-06-16,False,https://m.media-amazon.com/images/M/MV5BOTY4NTU2NTU4NF5BMl5BanBnXkFtZTcwNjE0OTc5MQ@._V1_SX600.jpg,Ron Howard,A dramatic retelling of the post-Watergate television interviews between British talk-show host David Frost and former president Richard Nixon.
movie_0759,Papurika,Movie,Animation,Drama,2006,90.0,U,English,USA,7.7,,881302.0,,,False,2025-07-18,False,https://m.media-amazon.com/images/M/MV5BNDliMTMxOWEtODM3Yi00N2QwLTg4YTAtNTE5YzBlNTA2NjhlXkEyXkFqcGdeQXVyNjE5MjUyOTM@._V1_SX600.jpg,Satoshi Kon,"When a machine that allows therapists to enter their patients' dreams is stolen, all Hell breaks loose. Only a young female therapist, Paprika, can stop it."
movie_0760,Changeling,Movie,Biography,Crime,2008,141.0,R,English,USA,7.7,,35739802.0,,,False,2019-04-02,True,https://m.media-amazon.com/images/M/MV5BOTA1Mzg3NjIxNV5BMl5BanBnXkFtZTcwNzU2NTc5MQ@._V1_SX600.jpg,Clint Eastwood,Grief-stricken mother Christine Collins (Angelina Jolie) takes on the L.A.P.D. to her own detriment when it tries to pass off an obvious impostor as her missing child.
movie_0761,Flipped,Movie,Comedy,Drama,2010,90.0,PG,English,USA,7.7,,1752214.0,,,False,2022-08-06,False,https://m.media-amazon.com/images/M/MV5BMTU2NjQ1Nzc4MF5BMl5BanBnXkFtZTcwNTM0NDk1Mw@._V1_SX600.jpg,Rob Reiner,Two eighth-graders start to have feelings for each other despite being total opposites.
movie_0762,Toki o kakeru shôjo,Movie,Animation,Adventure,2006,98.0,U,Japanese,Japan,7.7,,,,,False,2023-05-23,False,https://m.media-amazon.com/images/M/MV5BMzA4ZGM1NjYtMjcxYS00MTdiLWJmNzEtMTUzODY0NDQ0YzUzXkEyXkFqcGdeQXVyMzYwMjQ3OTI@._V1_SX600.jpg,Mamoru Hosoda,"A high-school girl named Makoto acquires the power to travel back in time, and decides to use it for her own personal benefits. Little does she know that she is affecting the lives of others just as much as she is her own."
movie_0763,Death Note: Desu nôto,Movie,Crime,Drama,2006,126.0,Not Rated,Japanese,Japan,7.7,,,,,False,2025-02-14,True,https://m.media-amazon.com/images/M/MV5BZDNlNjEzMzQtZDM0MS00YzhiLTk0MGUtYTdmNDZiZGVjNTk0L2ltYWdlXkEyXkFqcGdeQXVyNTAyODkwOQ@._V1_SX600.jpg,Shûsuke Kaneko,"A battle between the world's two greatest minds begins when Light Yagami finds the Death Note, a notebook with the power to kill, and decides to rid the world of criminals."
movie_0764,This Is England,Movie,Crime,Drama,2006,101.0,Not Rated,English,USA,7.7,,327919.0,,,False,2016-12-13,True,https://m.media-amazon.com/images/M/MV5BMmE3OWZhZDYtOTBjMi00NDIwLTg1NWMtMjg0NjJmZWM4MjliL2ltYWdlXkEyXkFqcGdeQXVyNTAyODkwOQ@._V1_SX600.jpg,Shane Meadows,"A young boy becomes friends with a gang of skinheads. Friends soon become like family, and relationships will be pushed to the very limit."
movie_0765,Ex Machina,Movie,Drama,Sci-Fi,2014,108.0,UA,English,USA,7.7,,25442958.0,,,False,2021-11-26,False,https://m.media-amazon.com/images/M/MV5BMTUxNzc0OTIxMV5BMl5BanBnXkFtZTgwNDI3NzU2NDE@._V1_SX600.jpg,Alex Garland,A young programmer is selected to participate in a ground-breaking experiment in synthetic intelligence by evaluating the human qualities of a highly advanced humanoid A.I.
movie_0766,Efter brylluppet,Movie,Drama,,2006,120.0,R,English,USA,7.7,,412544.0,,,False,2021-05-20,False,https://m.media-amazon.com/images/M/MV5BMjIxODEyOTQ5Ml5BMl5BanBnXkFtZTcwNjE3NzI5Mw@._V1_SX600.jpg,Susanne Bier,"A manager of an orphanage in India is sent to Copenhagen, Denmark, where he discovers a life-altering family secret."
movie_0767,The Last King of Scotland,Movie,Biography,Drama,2006,123.0,R,English,USA,7.7,,17605861.0,,,False,2018-05-17,False,https://m.media-amazon.com/images/M/MV5BMjM1NTkxNjkzMl5BMl5BanBnXkFtZTgwNDgwMDAxMzE@._V1_SX600.jpg,Kevin Macdonald,Based on the events of the brutal Ugandan dictator Idi Amin's regime as seen by his personal physician during the 1970s.
movie_0768,Zodiac,Movie,Crime,Drama,2007,157.0,UA,English,USA,7.7,,33080084.0,,,False,2019-07-22,True,https://m.media-amazon.com/images/M/MV5BN2UwNDc5NmEtNjVjZS00OTI5LWE5YjctMWM3ZjBiZGYwMGI2XkEyXkFqcGdeQXVyNzkwMjQ5NzM@._V1_SX600.jpg,David Fincher,"In the late 1960s/early 1970s, a San Francisco cartoonist becomes an amateur detective obsessed with tracking down the Zodiac Killer, an unidentified individual who terrorizes Northern California with a killing spree."
movie_0769,Lucky Number Slevin,Movie,Action,Crime,2006,110.0,R,English,USA,7.7,,22494487.0,,,False,2021-02-22,True,https://m.media-amazon.com/images/M/MV5BZjczMWI1YWMtYTZjOS00ZDc5LWE2MWItMTY3ZGUxNzFkNjJmL2ltYWdlXkEyXkFqcGdeQXVyNjU0OTQ0OTY@._V1_SX600.jpg,Paul McGuigan,"A case of mistaken identity lands Slevin into the middle of a war being plotted by two of the city's most rival crime bosses. Under constant surveillance by Detective Brikowski and assassin Goodkat, he must get them before they get him."
movie_0770,Joyeux Noël,Movie,Drama,History,2005,116.0,PG-13,French,France,7.7,,1054361.0,,,False,2024-05-07,False,https://m.media-amazon.com/images/M/MV5BMTQyODczNjU3NF5BMl5BanBnXkFtZTcwNjQ0NDIzMQ@._V1_SX600.jpg,Christian Carion,"In December 1914, an unofficial Christmas truce on the Western Front allows soldiers from opposing sides of the First World War to gain insight into each other's way of life."
movie_0771,Control,Movie,Biography,Drama,2007,122.0,R,English,USA,7.7,,871577.0,,,False,2015-01-02,False,https://m.media-amazon.com/images/M/MV5BNTEzOTYwMTcxN15BMl5BanBnXkFtZTcwNTgyNjI1MQ@._V1_SX600.jpg,Anton Corbijn,"A profile of Ian Curtis, the enigmatic singer of Joy Division whose personal, professional, and romantic troubles led him to commit suicide at the age of 23."
movie_0772,Tangled,Movie,Animation,Adventure,2010,100.0,U,English,USA,7.7,,200821936.0,,,False,2018-05-29,False,https://m.media-amazon.com/images/M/MV5BMTAxNDYxMjg0MjNeQTJeQWpwZ15BbWU3MDcyNTk2OTM@._V1_SX600.jpg,Nathan Greno,"The magically long-haired Rapunzel has spent her entire life in a tower, but now that a runaway thief has stumbled upon her, she is about to discover the world for the first time, and who she really is."
movie_0773,Zwartboek,Movie,Drama,Thriller,2006,145.0,R,English,USA,7.7,,4398392.0,,,False,2018-03-21,False,https://m.media-amazon.com/images/M/MV5BODFlNTI0ZWQtOTcxNC00OTc0LTkwZDUtMmNkM2I1ZWFlYzZkXkEyXkFqcGdeQXVyNTIzOTk5ODM@._V1_SX600.jpg,Paul Verhoeven,"In the Nazi-occupied Netherlands during World War II, a Jewish singer infiltrates the regional Gestapo headquarters for the Dutch resistance."
movie_0774,Brokeback Mountain,Movie,Drama,Romance,2005,134.0,A,English,USA,7.7,,83043761.0,,,False,2017-05-10,False,"https://m.media-amazon.com/images/M/MV5BMTY5NTAzNTc1NF5BMl5BanBnXkFtZTYwNDY4MDc3._V1_UX67_CR0,0,67,98_AL_.jpg@._V1_SX600.jpg",Ang Lee,"The story of a forbidden and secretive relationship between two cowboys, and their lives over the years."
movie_0775,3:10 to Yuma,Movie,Action,Crime,2007,122.0,A,English,USA,7.7,,53606916.0,,,False,2019-10-27,True,https://m.media-amazon.com/images/M/MV5BODE0NTcxNTQzNF5BMl5BanBnXkFtZTcwMzczOTIzMw@._V1_SX600.jpg,James Mangold,A small-time rancher agrees to hold a captured outlaw who's awaiting a train to go to court in Yuma. A battle of wills ensues as the outlaw tries to psych out the rancher.
movie_0776,Crash,Movie,Crime,Drama,2004,112.0,UA,English,USA,7.7,,54580300.0,,,False,2023-10-24,True,https://m.media-amazon.com/images/M/MV5BOTk1OTA1MjIyNV5BMl5BanBnXkFtZTcwODQxMTkyMQ@._V1_SX600.jpg,Paul Haggis,"Los Angeles citizens with vastly separate lives collide in interweaving stories of race, loss and redemption."
movie_0777,Kung fu,Movie,Action,Comedy,2004,99.0,UA,English,USA,7.7,,17108591.0,,,False,2021-07-03,False,https://m.media-amazon.com/images/M/MV5BMjZiOTNlMzYtZWYwZS00YWJjLTk5NDgtODkwNjRhMDI0MjhjXkEyXkFqcGdeQXVyMjgyNjk3MzE@._V1_SX600.jpg,Stephen Chow,"In Shanghai, China in the 1940s, a wannabe gangster aspires to join the notorious ""Axe Gang"" while residents of a housing complex exhibit extraordinary powers in defending their turf."
movie_0778,The Bourne Supremacy,Movie,Action,Mystery,2004,108.0,A,English,USA,7.7,,176241941.0,,,False,2021-10-20,False,https://m.media-amazon.com/images/M/MV5BYTIyMDFmMmItMWQzYy00MjBiLTg2M2UtM2JiNDRhOWE4NjBhXkEyXkFqcGdeQXVyNjU0OTQ0OTY@._V1_SX600.jpg,Paul Greengrass,"When Jason Bourne is framed for a CIA operation gone awry, he is forced to resume his former life as a trained assassin to survive."
movie_0779,The Machinist,Movie,Drama,Thriller,2004,101.0,R,English,USA,7.7,,1082715.0,,,False,2022-05-05,False,https://m.media-amazon.com/images/M/MV5BNjk1NzBlY2YtNjJmNi00YTVmLWI2OTgtNDUxNDE5NjUzZmE0XkEyXkFqcGdeQXVyNTc1NTQxODI@._V1_SX600.jpg,Brad Anderson,An industrial worker who hasn't slept in a year begins to doubt his own sanity.
movie_0780,Ray,Movie,Biography,Drama,2004,152.0,A,English,USA,7.7,,75331600.0,,,False,2018-08-12,False,https://m.media-amazon.com/images/M/MV5BMTQxNDQwNjQzOV5BMl5BanBnXkFtZTcwNTQxNDYyMQ@._V1_SX600.jpg,Taylor Hackford,"The story of the life and career of the legendary rhythm and blues musician Ray Charles, from his humble beginnings in the South, where he went blind at age seven, to his meteoric rise to stardom during the 1950s and 1960s."
movie_0781,Lost in Translation,Movie,Comedy,Drama,2003,102.0,UA,English,USA,7.7,,44585453.0,,,False,2020-03-19,False,"https://m.media-amazon.com/images/M/MV5BMTI2NDI5ODk4N15BMl5BanBnXkFtZTYwMTI3NTE3._V1_UX67_CR0,0,67,98_AL_.jpg@._V1_SX600.jpg",Sofia Coppola,A faded movie star and a neglected young woman form an unlikely bond after crossing paths in Tokyo.
movie_0782,Harry Potter and the Goblet of Fire,Movie,Adventure,Family,2005,157.0,UA,English,USA,7.7,,290013036.0,,,False,2019-12-15,False,https://m.media-amazon.com/images/M/MV5BMTI1NDMyMjExOF5BMl5BanBnXkFtZTcwOTc4MjQzMQ@._V1_SX600.jpg,Mike Newell,"Harry Potter finds himself competing in a hazardous tournament between rival schools of magic, but he is distracted by recurring nightmares."
movie_0783,Man on Fire,Movie,Action,Crime,2004,146.0,UA,English,USA,7.7,,77911774.0,,,False,2019-12-17,True,https://m.media-amazon.com/images/M/MV5BODFlMmEwMDgtYjhmZi00ZTE5LTk2NWQtMWE1Y2M0NjkzOGYxXkEyXkFqcGdeQXVyNjU0OTQ0OTY@._V1_SX600.jpg,Tony Scott,"In Mexico City, a former CIA operative swears vengeance on those who committed an unspeakable act against the family he was hired to protect."
movie_0784,Coraline,Movie,Animation,Drama,2009,100.0,U,English,USA,7.7,,75286229.0,,,False,2022-07-30,False,https://m.media-amazon.com/images/M/MV5BMzQxNjM5NzkxNV5BMl5BanBnXkFtZTcwMzg5NDMwMg@._V1_SX600.jpg,Henry Selick,"An adventurous 11-year-old girl finds another world that is a strangely idealized version of her frustrating home, but it has sinister secrets."
movie_0785,The Last Samurai,Movie,Action,Drama,2003,154.0,UA,English,USA,7.7,,111110575.0,,,False,2017-05-25,False,https://m.media-amazon.com/images/M/MV5BMzkyNzQ1Mzc0NV5BMl5BanBnXkFtZTcwODg3MzUzMw@._V1_SX600.jpg,Edward Zwick,An American military advisor embraces the Samurai culture he was hired to destroy after he is captured in battle.
movie_0786,The Magdalene Sisters,Movie,Drama,,2002,114.0,R,English,USA,7.7,,4890878.0,,,False,2020-09-24,False,https://m.media-amazon.com/images/M/MV5BMTI2NzU1NTc1NF5BMl5BanBnXkFtZTcwOTQ1MjAwMQ@._V1_SX600.jpg,Peter Mullan,Three young Irish women struggle to maintain their spirits while they endure dehumanizing abuse as inmates of a Magdalene Sisters Asylum.
movie_0787,Good Bye Lenin!,Movie,Comedy,Drama,2003,121.0,R,English,USA,7.7,,4064200.0,,,False,2020-04-22,False,https://m.media-amazon.com/images/M/MV5BMTI0MTg4NzI3M15BMl5BanBnXkFtZTcwOTE0MTUyMQ@._V1_SX600.jpg,Wolfgang Becker,"In 1990, to protect his fragile mother from a fatal shock after a long coma, a young man must keep her from learning that her beloved nation of East Germany as she knew it has disappeared."
movie_0788,In America,Movie,Drama,,2002,105.0,PG-13,English,USA,7.7,,15539266.0,,,False,2023-11-26,False,https://m.media-amazon.com/images/M/MV5BOGY1YmUzN2MtNDQ3NC00Nzc4LWI5M2EtYzUwMGQ4NWM4NjE1XkEyXkFqcGdeQXVyMTQxNzMzNDI@._V1_SX600.jpg,Jim Sheridan,A family of Irish immigrants adjust to life on the mean streets of Hell's Kitchen while also grieving the death of a child.
movie_0789,I Am Sam,Movie,Drama,,2001,132.0,PG-13,English,USA,7.7,,40311852.0,,,False,2025-02-08,False,https://m.media-amazon.com/images/M/MV5BYzEyNzc0NjctZjJiZC00MWI1LWJlOTMtYWZkZDAzNzQ0ZDNkXkEyXkFqcGdeQXVyMTQxNzMzNDI@._V1_SX600.jpg,Jessie Nelson,A mentally handicapped man fights for custody of his 7-year-old daughter and in the process teaches his cold-hearted lawyer the value of love and family.
movie_0790,Adaptation.,Movie,Comedy,Drama,2002,115.0,R,English,USA,7.7,,22245861.0,,,False,2025-10-06,False,https://m.media-amazon.com/images/M/MV5BZjIwZWU0ZDItNzBlNS00MDIwLWFlZjctZTJjODdjZWYxNzczL2ltYWdlXkEyXkFqcGdeQXVyMTMxODk2OTU@._V1_SX600.jpg,Spike Jonze,A lovelorn screenwriter becomes desperate as he tries and fails to adapt 'The Orchid Thief' by Susan Orlean for the screen.
movie_0791,Black Hawk Down,Movie,Drama,History,2001,144.0,A,English,USA,7.7,,108638745.0,,,False,2023-12-05,False,https://m.media-amazon.com/images/M/MV5BYWMwMzQxZjQtODM1YS00YmFiLTk1YjQtNzNiYWY1MDE4NTdiXkEyXkFqcGdeQXVyNDYyMDk5MTU@._V1_SX600.jpg,Ridley Scott,160 elite U.S. soldiers drop into Somalia to capture two top lieutenants of a renegade warlord and find themselves in a desperate battle with a large force of heavily-armed Somalis.
movie_0792,Road to Perdition,Movie,Crime,Drama,2002,117.0,A,English,USA,7.7,,104454762.0,,,False,2023-04-03,True,https://m.media-amazon.com/images/M/MV5BNjcxMmQ0MmItYTkzYy00MmUyLTlhOTQtMmJmNjE3MDMwYjdlXkEyXkFqcGdeQXVyNzkwMjQ5NzM@._V1_SX600.jpg,Sam Mendes,"A mob enforcer's son witnesses a murder, forcing him and his father to take to the road, and his father down a path of redemption and revenge."
movie_0793,Das Experiment,Movie,Drama,Thriller,2001,120.0,R,German,Germany,7.7,,141072.0,,,False,2016-11-26,False,https://m.media-amazon.com/images/M/MV5BNThiMDc1YjUtYmE3Zi00MTM1LTkzM2MtNjdlNzQ4ZDlmYjRmXkEyXkFqcGdeQXVyMTQxNzMzNDI@._V1_SX600.jpg,Oliver Hirschbiegel,"For two weeks, 20 male participants are hired to play prisoners and guards in a prison. The ""prisoners"" have to follow seemingly mild rules, and the ""guards"" are told to retain order without using physical violence."
movie_0794,Billy Elliot,Movie,Drama,Music,2000,110.0,R,English,USA,7.7,,21995263.0,,,False,2022-05-22,False,https://m.media-amazon.com/images/M/MV5BNGY3NWYwNzctNWU5Yi00ZjljLTgyNDgtZjNhZjRlNjc0ZTU1XkEyXkFqcGdeQXVyMTQxNzMzNDI@._V1_SX600.jpg,Stephen Daldry,A talented young boy becomes torn between his unexpected love of dance and the disintegration of his family.
movie_0795,Hedwig and the Angry Inch,Movie,Comedy,Drama,2001,95.0,R,English,USA,7.7,,3029081.0,,,False,2015-12-14,False,https://m.media-amazon.com/images/M/MV5BZGY5NWUyNDUtZWJhZi00ZjMxLWFmMjMtYmJhZjVkZGZhNWQ4XkEyXkFqcGdeQXVyMTQxNzMzNDI@._V1_SX600.jpg,John Cameron Mitchell,A gender-queer punk-rock singer from East Berlin tours the U.S. with her band as she tells her life story and follows the former lover/band-mate who stole her songs.
movie_0796,Ocean's Eleven,Movie,Crime,Thriller,2001,116.0,UA,English,USA,7.7,,183417150.0,,,False,2018-03-08,True,https://m.media-amazon.com/images/M/MV5BYzVmYzVkMmUtOGRhMi00MTNmLThlMmUtZTljYjlkMjNkMjJkXkEyXkFqcGdeQXVyNDk3NzU2MTQ@._V1_SX600.jpg,Steven Soderbergh,Danny Ocean and his ten accomplices plan to rob three Las Vegas casinos simultaneously.
movie_0797,Vampire Hunter D: Bloodlust,Movie,Animation,Action,2000,103.0,U,English,USA,7.7,,151086.0,,,False,2020-10-12,False,https://m.media-amazon.com/images/M/MV5BNTIyNThlMjMtMzUyMi00YmEyLTljMmYtMWRhN2Q3ZTllZjA4XkEyXkFqcGdeQXVyMzM4MjM0Nzg@._V1_SX600.jpg,Yoshiaki Kawajiri,"When a girl is abducted by a vampire, a legendary bounty hunter is hired to bring her back."
movie_0798,"O Brother, Where Art Thou?",Movie,Adventure,Comedy,2000,107.0,U,English,USA,7.7,,45512588.0,,,False,2022-06-12,False,https://m.media-amazon.com/images/M/MV5BMjZkOTdmMWItOTkyNy00MDdjLTlhNTQtYzU3MzdhZjA0ZDEyXkEyXkFqcGdeQXVyMTMxODk2OTU@._V1_SX600.jpg,Joel Coen,"In the deep south during the 1930s, three escaped convicts search for hidden treasure while a relentless lawman pursues them."
movie_0799,Interstate 60: Episodes of the Road,Movie,Adventure,Comedy,2002,116.0,R,English,USA,7.7,,,,,False,2022-02-05,False,https://m.media-amazon.com/images/M/MV5BZDYwYzlhOTAtNDAwMC00ZTBhLWI4M2QtMTA1NmJhYTdiNTkxXkEyXkFqcGdeQXVyNTM0NTU5Mg@._V1_SX600.jpg,Bob Gale,"Neal Oliver, a very confused young man and an artist, takes a journey of a lifetime on a highway I60 that doesn't exist on any of the maps, going to the places he never even heard of, searching for an answer and his dreamgirl."
movie_0800,"South Park: Bigger, Longer & Uncut",Movie,Animation,Comedy,1999,81.0,A,English,USA,7.7,,52037603.0,,,False,2021-12-11,False,https://m.media-amazon.com/images/M/MV5BOGE0ZWI0YzAtY2NkZi00YjkyLWIzYWEtNTJmMzJjODllNjdjXkEyXkFqcGdeQXVyMTQxNzMzNDI@._V1_SX600.jpg,Trey Parker,"When Stan Marsh and his friends go see an R-rated movie, they start cursing and their parents think that Canada is to blame."
movie_0801,Office Space,Movie,Comedy,,1999,89.0,R,English,USA,7.7,,10824921.0,,,False,2018-10-04,False,https://m.media-amazon.com/images/M/MV5BOTA5MzQ3MzI1NV5BMl5BanBnXkFtZTgwNTcxNTYxMTE@._V1_SX600.jpg,Mike Judge,Three company workers who hate their jobs decide to rebel against their greedy boss.
movie_0802,Happiness,Movie,Comedy,Drama,1998,134.0,Not Rated,English,USA,7.7,,2807390.0,,,False,2016-01-18,False,https://m.media-amazon.com/images/M/MV5BM2FlNzE0ZmUtMmVkZS00MWQ3LWE4OWQtYjQwZjdhNzRmNWE2XkEyXkFqcGdeQXVyMTAwMzUyOTc@._V1_SX600.jpg,Todd Solondz,"The lives of several individuals intertwine as they go about their lives in their own unique ways, engaging in acts society as a whole might find disturbing in a desperate search for human connection."
movie_0803,Training Day,Movie,Crime,Drama,2001,122.0,A,English,USA,7.7,,76631907.0,,,False,2024-03-06,True,https://m.media-amazon.com/images/M/MV5BMDZkMTUxYWEtMDY5NS00ZTA5LTg3MTItNTlkZWE1YWRjYjMwL2ltYWdlL2ltYWdlXkEyXkFqcGdeQXVyMTQxNzMzNDI@._V1_SX600.jpg,Antoine Fuqua,A rookie cop spends his first day as a Los Angeles narcotics officer with a rogue detective who isn't what he appears to be.
movie_0804,Rushmore,Movie,Comedy,Drama,1998,93.0,UA,English,USA,7.7,,17105219.0,,,False,2025-09-04,False,https://m.media-amazon.com/images/M/MV5BMjE2OTc3OTk2M15BMl5BanBnXkFtZTgwMjg2NjIyMDE@._V1_SX600.jpg,Wes Anderson,The extracurricular king of Rushmore Preparatory School is put on academic probation.
movie_0805,Abre los ojos,Movie,Drama,Mystery,1997,119.0,U,English,USA,7.7,,368234.0,,,False,2023-06-04,False,https://m.media-amazon.com/images/M/MV5BYjA2MTA1MjUtYmUyNy00NGZiLTk2NTAtMDk3N2M3YmMwOTc1XkEyXkFqcGdeQXVyMjA0MzYwMDY@._V1_SX600.jpg,Alejandro Amenábar,"A very handsome man finds the love of his life, but he suffers an accident and needs to have his face rebuilt by surgery after it is severely disfigured."
movie_0806,Being John Malkovich,Movie,Comedy,Drama,1999,113.0,R,English,USA,7.7,,22858926.0,,,False,2017-08-20,False,https://m.media-amazon.com/images/M/MV5BYmUxY2MyOTQtYjRlMi00ZWEwLTkzODctZDMxNDcyNTFhYjNjXkEyXkFqcGdeQXVyNDk3NzU2MTQ@._V1_SX600.jpg,Spike Jonze,A puppeteer discovers a portal that leads literally into the head of movie star John Malkovich.
movie_0807,As Good as It Gets,Movie,Comedy,Drama,1997,139.0,A,English,USA,7.7,,148478011.0,,,False,2022-07-18,False,https://m.media-amazon.com/images/M/MV5BNWMxZTgzMWEtMTU0Zi00NDc5LWFkZjctMzUxNDIyNzZiMmNjXkEyXkFqcGdeQXVyMTQxNzMzNDI@._V1_SX600.jpg,James L. Brooks,"A single mother and waitress, a misanthropic author, and a gay artist form an unlikely friendship after the artist is assaulted in a robbery."
movie_0808,The Fifth Element,Movie,Action,Adventure,1997,126.0,UA,English,USA,7.7,,63540020.0,,,False,2018-06-25,False,https://m.media-amazon.com/images/M/MV5BZWFjYmZmZGQtYzg4YS00ZGE5LTgwYzAtZmQwZjQ2NDliMGVmXkEyXkFqcGdeQXVyNTUyMzE4Mzg@._V1_SX600.jpg,Luc Besson,"In the colorful future, a cab driver unwittingly becomes the central figure in the search for a legendary cosmic weapon to keep Evil and Mr. Zorg at bay."
movie_0809,Le dîner de cons,Movie,Comedy,,1998,80.0,PG-13,French,France,7.7,,4065116.0,,,False,2017-07-09,False,https://m.media-amazon.com/images/M/MV5BZjFkOWM5NDUtODYwOS00ZDg0LWFkZGUtYzBkYzNjZjU3ODE3XkEyXkFqcGdeQXVyNzQzNzQxNzI@._V1_SX600.jpg,Francis Veber,"A few friends have a weekly fools' dinner, where each brings a fool along. Pierre finds a champion fool for next dinner. Surprise."
movie_0810,Donnie Brasco,Movie,Biography,Crime,1997,127.0,A,English,USA,7.7,,41909762.0,,,False,2024-01-17,True,https://m.media-amazon.com/images/M/MV5BYzMzMDZkYWEtODIzNS00YjI3LTkxNTktOWEyZGM3ZWI2MWM4XkEyXkFqcGdeQXVyNzkwMjQ5NzM@._V1_SX600.jpg,Mike Newell,"An FBI undercover agent infiltrates the mob and finds himself identifying more with the mafia life, at the expense of his regular one."
movie_0811,Shine,Movie,Biography,Drama,1996,105.0,U,English,USA,7.7,,35811509.0,,,False,2017-03-26,False,https://m.media-amazon.com/images/M/MV5BMTQzMzcxMzUyMl5BMl5BanBnXkFtZTgwNDI1MjgxMTE@._V1_SX600.jpg,Scott Hicks,"Pianist David Helfgott, driven by his father and teachers, has a breakdown. Years later he returns to the piano, to popular if not critical acclaim."
movie_0812,Primal Fear,Movie,Crime,Drama,1996,129.0,A,English,USA,7.7,,56116183.0,,,False,2016-08-26,True,https://m.media-amazon.com/images/M/MV5BZTM2NWI2OGYtYWNhMi00ZTlmLTg2ZTAtMmI5NWRjODA5YTE1XkEyXkFqcGdeQXVyODE2OTYwNTg@._V1_SX600.jpg,Gregory Hoblit,"An altar boy is accused of murdering a priest, and the truth is buried several layers deep."
movie_0813,Hamlet,Movie,Drama,,1996,242.0,PG-13,English,USA,7.7,,4414535.0,,,False,2015-04-11,False,https://m.media-amazon.com/images/M/MV5BM2U5OWM5NWQtZDYwZS00NmI3LTk4NDktNzcwZjYzNmEzYWU1XkEyXkFqcGdeQXVyNjMwMjk0MTQ@._V1_SX600.jpg,Kenneth Branagh,"Hamlet, Prince of Denmark, returns home to find his father murdered and his mother remarrying the murderer, his uncle. Meanwhile, war is brewing."
movie_0814,A Little Princess,Movie,Drama,Family,1995,97.0,U,English,USA,7.7,,10019307.0,,,False,2015-07-09,False,https://m.media-amazon.com/images/M/MV5BZDQzMGE5ODYtZDdiNC00MzZjLTg2NjAtZTk0ODlkYmY4MTQzXkEyXkFqcGdeQXVyMTQxNzMzNDI@._V1_SX600.jpg,Alfonso Cuarón,A young girl is relegated to servitude at a boarding school when her father goes missing and is presumed dead.
movie_0815,Do lok tin si,Movie,Comedy,Crime,1995,99.0,UA,English,USA,7.7,,,,,False,2017-09-29,True,https://m.media-amazon.com/images/M/MV5BZjM4NWRhYTQtYTJlNC00ZmMyLWEzNTAtZDA2MjJjYTQ5ZTVmXkEyXkFqcGdeQXVyMTQxNzMzNDI@._V1_SX600.jpg,Kar-Wai Wong,"This Hong Kong-set crime drama follows the lives of a hitman, hoping to get out of the business, and his elusive female partner."
movie_0816,Il postino,Movie,Biography,Comedy,1994,108.0,U,Italian,Italy,7.7,,21848932.0,,,False,2020-04-30,False,https://m.media-amazon.com/images/M/MV5BZmVhNWIzOTMtYmVlZC00ZDVmLWIyODEtODEzOTAxYjAwMzVlXkEyXkFqcGdeQXVyMzIwNDY4NDI@._V1_SX600.jpg,Michael Radford,"A simple Italian postman learns to love poetry while delivering mail to a famous poet, and then uses this to woo local beauty Beatrice."
movie_0817,Clerks,Movie,Comedy,,1994,92.0,R,English,USA,7.7,,3151130.0,,,False,2021-11-08,False,https://m.media-amazon.com/images/M/MV5BNzE1Njk0NmItNDhlMC00ZmFlLWI4ZTUtYTY4ZjgzNjkyMTU1XkEyXkFqcGdeQXVyMTQxNzMzNDI@._V1_SX600.jpg,Kevin Smith,"A day in the lives of two convenience clerks named Dante and Randal as they annoy customers, discuss movies, and play hockey on the store roof."
movie_0818,Short Cuts,Movie,Comedy,Drama,1993,188.0,R,English,USA,7.7,,6110979.0,,,False,2024-07-12,False,https://m.media-amazon.com/images/M/MV5BZWY0ODc2NDktYmYxNS00MGZiLTk5YjktZjgwZWFhNDQ0MzNhXkEyXkFqcGdeQXVyNTI4MjkwNjA@._V1_SX600.jpg,Robert Altman,The day-to-day lives of several suburban Los Angeles residents.
movie_0819,Philadelphia,Movie,Drama,,1993,125.0,UA,English,USA,7.7,,77324422.0,,,False,2023-08-14,False,https://m.media-amazon.com/images/M/MV5BNDE0MWE1ZTMtOWFkMS00YjdiLTkwZTItMDljYjY3MjM0NTk5XkEyXkFqcGdeQXVyNDYyMDk5MTU@._V1_SX600.jpg,Jonathan Demme,"When a man with HIV is fired by his law firm because of his condition, he hires a homophobic small time lawyer as the only willing advocate for a wrongful dismissal suit."
movie_0820,The Muppet Christmas Carol,Movie,Comedy,Drama,1992,85.0,G,English,USA,7.7,,27281507.0,,,False,2015-10-26,False,https://m.media-amazon.com/images/M/MV5BN2Y0NWRkNWItZWEwNi00MDNlLWJmZDYtNTkwYzI5Nzg4MjVjXkEyXkFqcGdeQXVyMTMxODk2OTU@._V1_SX600.jpg,Brian Henson,The Muppet characters tell their version of the classic tale of an old and bitter miser's redemption on Christmas Eve.
movie_0821,Malcolm X,Movie,Biography,Drama,1992,202.0,U,English,USA,7.7,,48169908.0,,,False,2020-02-09,False,https://m.media-amazon.com/images/M/MV5BZDkzOTFmMTUtMmI2OS00MDE4LTg5YTUtODMwNDMzNmI5OGYwL2ltYWdlXkEyXkFqcGdeQXVyMTQxNzMzNDI@._V1_SX600.jpg,Spike Lee,"Biographical epic of the controversial and influential Black Nationalist leader, from his early life and career as a small-time gangster, to his ministry as a member of the Nation of Islam."
movie_0822,The Last of the Mohicans,Movie,Action,Adventure,1992,112.0,UA,English,USA,7.7,,75505856.0,,,False,2019-08-25,False,https://m.media-amazon.com/images/M/MV5BZDNiYmRkNDYtOWU1NC00NmMxLWFkNmUtMGI5NTJjOTJmYTM5XkEyXkFqcGdeQXVyNzQ1ODk3MTQ@._V1_SX600.jpg,Michael Mann,Three trappers protect the daughters of a British Colonel in the midst of the French and Indian War.
movie_0823,Kurenai no buta,Movie,Animation,Adventure,1992,94.0,U,Japanese,Japan,7.7,,,,,False,2024-12-08,False,https://m.media-amazon.com/images/M/MV5BZjVkYmFkZWQtZmNjYy00NmFhLTliMWYtNThlOTUxNjg5ODdhXkEyXkFqcGdeQXVyMTMxODk2OTU@._V1_SX600.jpg,Hayao Miyazaki,"In 1930s Italy, a veteran World War I pilot is cursed to look like an anthropomorphic pig."
movie_0824,Glengarry Glen Ross,Movie,Crime,Drama,1992,100.0,R,English,USA,7.7,,10725228.0,,,False,2022-01-23,True,https://m.media-amazon.com/images/M/MV5BNTYzN2MxODMtMDBhOC00Y2M0LTgzMTItMzQ4NDIyYWIwMDEzL2ltYWdlL2ltYWdlXkEyXkFqcGdeQXVyNTc1NTQxODI@._V1_SX600.jpg,James Foley,An examination of the machinations behind the scenes at a real estate office.
movie_0825,A Few Good Men,Movie,Drama,Thriller,1992,138.0,U,English,USA,7.7,,141340178.0,,,False,2021-06-15,False,https://m.media-amazon.com/images/M/MV5BMmRlZDQ1MmUtMzE2Yi00YTkxLTk1MGMtYmIyYWQwODcxYzRlXkEyXkFqcGdeQXVyNTI4MjkwNjA@._V1_SX600.jpg,Rob Reiner,Military lawyer Lieutenant Daniel Kaffee defends Marines accused of murder. They contend they were acting under orders.
movie_0826,Fried Green Tomatoes,Movie,Drama,,1991,130.0,PG-13,English,USA,7.7,,82418501.0,,,False,2017-03-07,False,https://m.media-amazon.com/images/M/MV5BOWQ1ZWE0MTQtMmEwOS00YjA3LTgyZTAtNjY5ODEyZTJjNDI2XkEyXkFqcGdeQXVyNjE5MjUyOTM@._V1_SX600.jpg,Jon Avnet,A housewife who is unhappy with her life befriends an old lady in a nursing home and is enthralled by the tales she tells of people she used to know.
movie_0827,Barton Fink,Movie,Comedy,Drama,1991,116.0,U,English,USA,7.7,,6153939.0,,,False,2023-01-21,False,https://m.media-amazon.com/images/M/MV5BMTgxMDMxMTctNDY0Zi00ZmNlLWFlYmQtODA2YjY4MDk4MjU1XkEyXkFqcGdeQXVyNTc1NTQxODI@._V1_SX600.jpg,Joel Coen,A renowned New York playwright is enticed to California to write for the movies and discovers the hellish truth of Hollywood.
movie_0828,Miller's Crossing,Movie,Crime,Drama,1990,115.0,R,English,USA,7.7,,5080409.0,,,False,2022-10-23,True,https://m.media-amazon.com/images/M/MV5BMTY2Njk3MTAzM15BMl5BanBnXkFtZTgwMTY5Mzk4NjE@._V1_SX600.jpg,Joel Coen,"Tom Reagan, an advisor to a Prohibition-era crime boss, tries to keep the peace between warring mobs but gets caught in divided loyalties."
movie_0829,Who Framed Roger Rabbit,Movie,Animation,Adventure,1988,104.0,U,English,USA,7.7,,156452370.0,,,False,2019-04-22,False,https://m.media-amazon.com/images/M/MV5BMDhiOTM2OTctODk3Ny00NWI4LThhZDgtNGQ4NjRiYjFkZGQzXkEyXkFqcGdeQXVyMTA0MjU0Ng@._V1_SX600.jpg,Robert Zemeckis,A toon-hating detective is a cartoon rabbit's only hope to prove his innocence when he is accused of murder.
movie_0830,Spoorloos,Movie,Mystery,Thriller,1988,107.0,Not Rated,English,USA,7.7,,,,,False,2020-07-17,False,https://m.media-amazon.com/images/M/MV5BNDcwMTYzMjctN2M2Yy00ZDcxLWJhNTEtMGNhYzEwYzc2NDE4XkEyXkFqcGdeQXVyNTI4MjkwNjA@._V1_SX600.jpg,George Sluizer,"Rex and Saskia, a young couple in love, are on vacation. They stop at a busy service station and Saskia is abducted. After three years and no sign of Saskia, Rex begins receiving letters from the abductor."
movie_0831,Withnail & I,Movie,Comedy,Drama,1987,107.0,R,English,USA,7.7,,1544889.0,,,False,2019-06-25,False,https://m.media-amazon.com/images/M/MV5BYjE3ODY5OWEtZmE0Mi00MjUxLTg5MmUtZmFkMzM1N2VjMmU5XkEyXkFqcGdeQXVyNTI4MjkwNjA@._V1_SX600.jpg,Bruce Robinson,"In 1969, two substance-abusing, unemployed actors retreat to the countryside for a holiday that proves disastrous."
movie_0832,The Last Emperor,Movie,Biography,Drama,1987,163.0,U,English,USA,7.7,,43984230.0,,,False,2017-09-26,False,https://m.media-amazon.com/images/M/MV5BZTk0NDU4YmItOTk0ZS00ODc2LTkwNGItNWI5MDJkNTJiYWMxXkEyXkFqcGdeQXVyNjUwNzk3NDc@._V1_SX600.jpg,Bernardo Bertolucci,The story of the final Emperor of China.
movie_0833,Empire of the Sun,Movie,Action,Drama,1987,153.0,U,English,USA,7.7,,22238696.0,,,False,2016-08-27,False,https://m.media-amazon.com/images/M/MV5BMmQwNzczZDItNmI0OS00MjRmLTliYWItZWIyMjk1MTU4ZTQ4L2ltYWdlXkEyXkFqcGdeQXVyNTAyODkwOQ@._V1_SX600.jpg,Steven Spielberg,A young English boy struggles to survive under Japanese occupation during World War II.
movie_0834,Der Name der Rose,Movie,Crime,Drama,1986,130.0,R,German,Germany,7.7,,7153487.0,,,False,2022-05-11,True,https://m.media-amazon.com/images/M/MV5BZjEyZTdhNDMtMWFkMS00ZmRjLWEyNmEtZDU3MWFkNDEzMDYwXkEyXkFqcGdeQXVyNjc1NTYyMjg@._V1_SX600.jpg,Jean-Jacques Annaud,An intellectually nonconformist friar investigates a series of mysterious deaths in an isolated abbey.
movie_0835,Blue Velvet,Movie,Drama,Mystery,1986,120.0,A,English,USA,7.7,,8551228.0,,,False,2022-09-17,False,https://m.media-amazon.com/images/M/MV5BMzExOTczNTgtN2Q1Yy00MmI1LWE0NjgtNmIwMzdmZGNlODU1XkEyXkFqcGdeQXVyNDkzNTM2ODg@._V1_SX600.jpg,David Lynch,"The discovery of a severed human ear found in a field leads a young man on an investigation related to a beautiful, mysterious nightclub singer and a group of psychopathic criminals who have kidnapped her child."
movie_0836,The Purple Rose of Cairo,Movie,Comedy,Fantasy,1985,82.0,U,English,USA,7.7,,10631333.0,,,False,2015-01-23,False,https://m.media-amazon.com/images/M/MV5BY2E1YWRlNzAtYzAwYy00MDg5LTlmYTUtYjdlZDI0NzFkNjNlL2ltYWdlL2ltYWdlXkEyXkFqcGdeQXVyNjQ2MjQ5NzM@._V1_SX600.jpg,Woody Allen,"In New Jersey in 1935, a movie character walks off the screen and into the real world."
movie_0837,After Hours,Movie,Comedy,Crime,1985,97.0,UA,English,USA,7.7,,10600000.0,,,False,2025-01-04,True,https://m.media-amazon.com/images/M/MV5BMTUxMjEzMzI2MV5BMl5BanBnXkFtZTgwNTU3ODAxMDE@._V1_SX600.jpg,Martin Scorsese,An ordinary word processor has the worst night of his life after he agrees to visit a girl in Soho who he met that evening at a coffee shop.
movie_0838,Zelig,Movie,Comedy,,1983,79.0,PG,English,USA,7.7,,11798616.0,,,False,2023-06-03,False,https://m.media-amazon.com/images/M/MV5BMGUwMjM0MTEtOGY2NS00MjJmLWEyMDAtYmNkMWJjOWJlNGM0XkEyXkFqcGdeQXVyMTQxNzMzNDI@._V1_SX600.jpg,Woody Allen,"""Documentary"" about a man who can look and act like whoever he's around, and meets various famous people."
movie_0839,The Verdict,Movie,Drama,,1982,129.0,U,English,USA,7.7,,54000000.0,,,False,2024-08-25,False,https://m.media-amazon.com/images/M/MV5BMTU5MzMwMzAzM15BMl5BanBnXkFtZTcwNjYyMjA0Mg@._V1_SX600.jpg,Sidney Lumet,A lawyer sees the chance to salvage his career and self-respect by taking a medical malpractice case to trial rather than settling.
movie_0840,Star Trek II: The Wrath of Khan,Movie,Action,Adventure,1982,113.0,U,English,USA,7.7,,78912963.0,,,False,2023-08-21,False,https://m.media-amazon.com/images/M/MV5BMzcyYWE5YmQtNDE1Yi00ZjlmLWFlZTAtMzRjODBiYjM3OTA3XkEyXkFqcGdeQXVyMTQxNzMzNDI@._V1_SX600.jpg,Nicholas Meyer,"With the assistance of the Enterprise crew, Admiral Kirk must stop an old nemesis, Khan Noonien Singh, from using the life-generating Genesis Device as the ultimate weapon."
movie_0841,First Blood,Movie,Action,Adventure,1982,93.0,A,English,USA,7.7,,47212904.0,,,False,2024-12-05,False,https://m.media-amazon.com/images/M/MV5BODBmOWU2YWMtZGUzZi00YzRhLWJjNDAtYTUwNWVkNDcyZmU5XkEyXkFqcGdeQXVyNDk3NzU2MTQ@._V1_SX600.jpg,Ted Kotcheff,A veteran Green Beret is forced by a cruel Sheriff and his deputies to flee into the mountains and wage an escalating one-man war against his pursuers.
movie_0842,Ordinary People,Movie,Drama,,1980,124.0,U,English,USA,7.7,,54800000.0,,,False,2016-03-12,False,https://m.media-amazon.com/images/M/MV5BNWU3MDFkYWQtMWQ5YS00YTcwLThmNDItODY4OWE2ZTdhZmIwXkEyXkFqcGdeQXVyMjUzOTY1NTc@._V1_SX600.jpg,Robert Redford,"The accidental death of the older son of an affluent family deeply strains the relationships among the bitter mother, the good-natured father, and the guilt-ridden younger son."
movie_0843,Airplane!,Movie,Comedy,,1980,88.0,U,English,USA,7.7,,83400000.0,,,False,2023-09-24,False,https://m.media-amazon.com/images/M/MV5BZjA3YjdhMWEtYjc2Ni00YzVlLWI0MTUtMGZmNTJjNmU0Yzk2XkEyXkFqcGdeQXVyNzkwMjQ5NzM@._V1_SX600.jpg,Jim Abrahams,A man afraid to fly must ensure that a plane lands safely after the pilots become sick.
movie_0844,Rupan sansei: Kariosutoro no shiro,Movie,Animation,Adventure,1979,100.0,U,Japanese,Japan,7.7,,,,,False,2019-10-08,False,https://m.media-amazon.com/images/M/MV5BYzYyNjg3OTctNzA2ZS00NjkzLWE4MmYtZDAzZWQ0NzkyMTJhXkEyXkFqcGdeQXVyMTMxODk2OTU@._V1_SX600.jpg,Hayao Miyazaki,"A dashing thief, his gang of desperadoes and an intrepid policeman struggle to free a princess from an evil count's clutches, and learn the hidden secret to a fabulous treasure that she holds part of a key to."
movie_0845,Halloween,Movie,Horror,Thriller,1978,91.0,A,English,USA,7.7,,47000000.0,,,False,2017-06-15,True,https://m.media-amazon.com/images/M/MV5BNzk1OGU2NmMtNTdhZC00NjdlLWE5YTMtZTQ0MGExZTQzOGQyXkEyXkFqcGdeQXVyMTQxNzMzNDI@._V1_SX600.jpg,John Carpenter,"Fifteen years after murdering his sister on Halloween night 1963, Michael Myers escapes from a mental hospital and returns to the small town of Haddonfield, Illinois to kill again."
movie_0846,Le locataire,Movie,Drama,Thriller,1976,126.0,R,English,USA,7.7,,1924733.0,,,False,2016-12-21,False,https://m.media-amazon.com/images/M/MV5BYmVhMDQ1YWUtYjgxOS00NzYyLWI0ZGItNTg3ZjM0MmQ4NmIwXkEyXkFqcGdeQXVyMjQzMzQzODY@._V1_SX600.jpg,Roman Polanski,A bureaucrat rents a Paris apartment where he finds himself drawn into a rabbit hole of dangerous paranoia.
movie_0847,Love and Death,Movie,Comedy,War,1975,85.0,PG,English,USA,7.7,,,,,False,2024-01-07,True,https://m.media-amazon.com/images/M/MV5BMTYxMDk1NTA5NF5BMl5BanBnXkFtZTcwNDkzNzA2NA@._V1_SX600.jpg,Woody Allen,"In czarist Russia, a neurotic soldier and his distant cousin formulate a plot to assassinate Napoleon."
movie_0848,The Taking of Pelham One Two Three,Movie,Action,Crime,1974,104.0,U,English,USA,7.7,,,,,False,2025-09-28,True,https://m.media-amazon.com/images/M/MV5BMjE1NDY0NDk3Ml5BMl5BanBnXkFtZTcwMTAzMTM3NA@._V1_SX600.jpg,Joseph Sargent,"In New York, armed men hijack a subway car and demand a ransom for the passengers. Even if it's paid, how could they get away?"
movie_0849,Blazing Saddles,Movie,Comedy,Western,1974,93.0,A,English,USA,7.7,,119500000.0,,,False,2022-10-21,False,https://m.media-amazon.com/images/M/MV5BZGZmMWE1MDYtNzAyNC00MDMzLTgzZjQtNTQ5NjYzN2E4MzkzXkEyXkFqcGdeQXVyNDk3NzU2MTQ@._V1_SX600.jpg,Mel Brooks,"In order to ruin a western town, a corrupt politician appoints a black Sheriff, who promptly becomes his most formidable adversary."
movie_0850,Serpico,Movie,Biography,Crime,1973,130.0,A,English,USA,7.7,,29800000.0,,,False,2020-10-22,True,https://m.media-amazon.com/images/M/MV5BYTU4ZTI0NzAtYzMwNi00YmMxLThmZWItNTY5NzgyMDAwYWVhXkEyXkFqcGdeQXVyNjUwNzk3NDc@._V1_SX600.jpg,Sidney Lumet,An honest New York cop named Frank Serpico blows the whistle on rampant corruption in the force only to have his comrades turn against him.
movie_0851,Enter the Dragon,Movie,Action,Crime,1973,102.0,A,English,USA,7.7,,25000000.0,,,False,2020-03-17,True,https://m.media-amazon.com/images/M/MV5BNGZiMTkyNzQtMDdmZi00ZDNkLWE4YTAtZGNlNTIzYzQyMGM2XkEyXkFqcGdeQXVyNjc1NTYyMjg@._V1_SX600.jpg,Robert Clouse,A secret agent comes to an opium lord's island fortress with other fighters for a martial-arts tournament.
movie_0852,Deliverance,Movie,Adventure,Drama,1972,109.0,U,English,USA,7.7,,7056013.0,,,False,2015-07-25,False,https://m.media-amazon.com/images/M/MV5BZjBhYzU3NWItOWZjMy00NjI5LWFmYmItZmIyOWFlMDIxMWNiXkEyXkFqcGdeQXVyMTQxNzMzNDI@._V1_SX600.jpg,John Boorman,"Intent on seeing the Cahulawassee River before it's dammed and turned into a lake, outdoor fanatic Lewis Medlock takes his friends on a canoeing trip they'll never forget into the dangerous American back-country."
movie_0853,The French Connection,Movie,Action,Crime,1971,104.0,A,English,USA,7.7,,15630710.0,,,False,2021-04-02,True,https://m.media-amazon.com/images/M/MV5BOTZhY2E3NmItMGIwNi00OTA2LThkYmEtODFiZTM0NGI0ZWU5XkEyXkFqcGdeQXVyNTc1NTQxODI@._V1_SX600.jpg,William Friedkin,A pair of NYC cops in the Narcotics Bureau stumble onto a drug smuggling job with a French connection.
movie_0854,Dirty Harry,Movie,Action,Crime,1971,102.0,A,English,USA,7.7,,35900000.0,,,False,2017-10-17,True,https://m.media-amazon.com/images/M/MV5BMzdhMTM2YTItOWU2YS00MTM0LTgyNDYtMDM1OWM3NzkzNTM2XkEyXkFqcGdeQXVyNjc1NTYyMjg@._V1_SX600.jpg,Don Siegel,"When a madman calling himself ""the Scorpio Killer"" menaces the city, tough-as-nails San Francisco Police Inspector ""Dirty"" Harry Callahan is assigned to track down and ferret out the crazed psychopath."
movie_0855,Where Eagles Dare,Movie,Action,Adventure,1968,158.0,U,English,USA,7.7,,,,,False,2025-04-15,False,https://m.media-amazon.com/images/M/MV5BNGE3ZWZiNzktMDIyOC00ZmVhLThjZTktZjQ5NjI4NGVhMDBlXkEyXkFqcGdeQXVyMjI4MjA5MzA@._V1_SX600.jpg,Brian G. Hutton,"Allied agents stage a daring raid on a castle where the Nazis are holding American brigadier general George Carnaby prisoner, but that's not all that's really going on."
movie_0856,The Odd Couple,Movie,Comedy,,1968,105.0,G,English,USA,7.7,,44527234.0,,,False,2024-07-06,False,https://m.media-amazon.com/images/M/MV5BZDVhNzQxZDEtMzcyZC00ZDg1LWFkZDctOWYxZTY0ZmYzYjc2XkEyXkFqcGdeQXVyMjA0MDQ0Mjc@._V1_SX600.jpg,Gene Saks,"Two friends try sharing an apartment, but their ideas of housekeeping and lifestyles are as different as night and day."
movie_0857,The Dirty Dozen,Movie,Action,Adventure,1967,150.0,Not Rated,English,USA,7.7,,45300000.0,,,False,2016-05-12,False,https://m.media-amazon.com/images/M/MV5BM2Y1ZTI0NzktYzU3MS00YmE1LThkY2EtMDc0NGYxNTNlZDA5XkEyXkFqcGdeQXVyNTAyODkwOQ@._V1_SX600.jpg,Robert Aldrich,"During World War II, a rebellious U.S. Army Major is assigned a dozen convicted murderers to train and lead them into a mass assassination mission of German officers."
movie_0858,Belle de jour,Movie,Drama,Romance,1967,100.0,A,French,France,7.7,,26331.0,,,False,2020-02-13,False,https://m.media-amazon.com/images/M/MV5BZjNkNGJjYWEtM2IyNi00ZjM5LWFlYjYtYjQ4NTU5MGFlMTI2XkEyXkFqcGdeQXVyMTMxMTY0OTQ@._V1_SX600.jpg,Luis Buñuel,A frigid young housewife decides to spend her midweek afternoons as a prostitute.
movie_0859,A Man for All Seasons,Movie,Biography,Drama,1966,120.0,U,English,USA,7.7,,28350000.0,,,False,2016-06-30,False,https://m.media-amazon.com/images/M/MV5BMTRjOTA1NzctNzFmMy00ZjcwLWExYjgtYWQyZDM5ZWY1Y2JlXkEyXkFqcGdeQXVyMDI2NDg0NQ@._V1_SX600.jpg,Fred Zinnemann,"The story of Sir Thomas More, who stood up to King Henry VIII when the King rejected the Roman Catholic Church to obtain a divorce and remarry."
movie_0860,Repulsion,Movie,Drama,Horror,1965,105.0,Not Rated,English,USA,7.7,,,,,False,2023-12-27,True,https://m.media-amazon.com/images/M/MV5BZTU5ZThjNzAtNjc4NC00OTViLWIxYTYtODFmMTk5Y2NjZjZiL2ltYWdlL2ltYWdlXkEyXkFqcGdeQXVyNjc1NTYyMjg@._V1_SX600.jpg,Roman Polanski,A sex-repulsed woman who disapproves of her sister's boyfriend sinks into depression and has horrific visions of rape and violence.
movie_0861,Zulu,Movie,Drama,History,1964,138.0,U,English,USA,7.7,,,,,False,2020-03-18,False,https://m.media-amazon.com/images/M/MV5BYzdlYmQ3MWMtMDY3My00MzVmLTg0YmMtYjRlZDUzNjBlMmE0L2ltYWdlL2ltYWdlXkEyXkFqcGdeQXVyNjc1NTYyMjg@._V1_SX600.jpg,Cy Endfield,Outnumbered British soldiers do battle with Zulu warriors at Rorke's Drift.
movie_0862,Goldfinger,Movie,Action,Adventure,1964,110.0,A,English,USA,7.7,,51081062.0,,,False,2022-06-27,False,https://m.media-amazon.com/images/M/MV5BMTQ2MzE0OTU3NV5BMl5BanBnXkFtZTcwNjQxNTgzNA@._V1_SX600.jpg,Guy Hamilton,"While investigating a gold magnate's smuggling, James Bond uncovers a plot to contaminate the Fort Knox gold reserve."
movie_0863,The Birds,Movie,Drama,Horror,1963,119.0,A,English,USA,7.7,,11403529.0,,,False,2020-12-15,True,"https://m.media-amazon.com/images/M/MV5BMTAxNDA1ODc5MDleQTJeQWpwZ15BbWU4MDg2MDA4OTEx._V1_UX67_CR0,0,67,98_AL_.jpg@._V1_SX600.jpg",Alfred Hitchcock,A wealthy San Francisco socialite pursues a potential boyfriend to a small Northern California town that slowly takes a turn for the bizarre when birds of all kinds suddenly begin to attack people.
movie_0864,Cape Fear,Movie,Drama,Thriller,1962,106.0,Passed,English,USA,7.7,,,,,False,2021-04-08,False,https://m.media-amazon.com/images/M/MV5BOWNlMTJmMWUtYjk0MC00M2U4LWI1ODItZDgxNDZiODFmNjc5XkEyXkFqcGdeQXVyMTAwMzUyOTc@._V1_SX600.jpg,J. Lee Thompson,A lawyer's family is stalked by a man he once helped put in jail.
movie_0865,Peeping Tom,Movie,Drama,Horror,1960,101.0,Not Rated,English,USA,7.7,,83957.0,,,False,2021-09-04,True,https://m.media-amazon.com/images/M/MV5BZjM3ZTAzZDYtZmFjZS00YmQ1LWJlOWEtN2I4MDRmYzY5YmRlL2ltYWdlXkEyXkFqcGdeQXVyMjgyNjk3MzE@._V1_SX600.jpg,Michael Powell,"A young man murders women, using a movie camera to film their dying expressions of terror."
movie_0866,The Magnificent Seven,Movie,Action,Adventure,1960,128.0,Approved,English,USA,7.7,,4905000.0,,,False,2018-07-23,False,https://m.media-amazon.com/images/M/MV5BMzYyNzU0MTM1OF5BMl5BanBnXkFtZTcwMzE1ODE1NA@._V1_SX600.jpg,John Sturges,Seven gunfighters are hired by Mexican peasants to liberate their village from oppressive bandits.
movie_0867,Les yeux sans visage,Movie,Drama,Horror,1960,90.0,Not Rated,English,USA,7.7,,52709.0,,,False,2025-08-27,True,https://m.media-amazon.com/images/M/MV5BNzBiMWRhNzQtMjZhZS00NzFmLWE5YWMtOWY4NzIxMjYzZTEyXkEyXkFqcGdeQXVyMzg2MzE2OTE@._V1_SX600.jpg,Georges Franju,"A surgeon causes an accident which leaves his daughter disfigured, and goes to extremes to give her a new face."
movie_0868,Invasion of the Body Snatchers,Movie,Drama,Horror,1956,80.0,Approved,English,USA,7.7,,,,,False,2023-06-21,True,https://m.media-amazon.com/images/M/MV5BYTExYjM3MDYtMzg4MC00MjU4LTljZjAtYzdlMTFmYTJmYTE4XkEyXkFqcGdeQXVyNTAyODkwOQ@._V1_SX600.jpg,Don Siegel,A small-town doctor learns that the population of his community is being replaced by emotionless alien duplicates.
movie_0869,Rebel Without a Cause,Movie,Drama,,1955,111.0,PG-13,English,USA,7.7,,,,,False,2024-12-30,False,https://m.media-amazon.com/images/M/MV5BMTg2ODcxOTU1OV5BMl5BanBnXkFtZTgwNzA3ODI1MDE@._V1_SX600.jpg,Nicholas Ray,"A rebellious young man with a troubled past comes to a new town, finding friends and enemies."
movie_0870,The Ladykillers,Movie,Comedy,Crime,1955,91.0,Not Rated,English,USA,7.7,,,,,False,2019-12-18,True,https://m.media-amazon.com/images/M/MV5BYTVlM2JmOGQtNWEwYy00NDQzLWIyZmEtOGZhMzgxZGRjZDA0XkEyXkFqcGdeQXVyMDI2NDg0NQ@._V1_SX600.jpg,Alexander Mackendrick,Five oddball criminals planning a bank robbery rent rooms on a cul-de-sac from an octogenarian widow under the pretext that they are classical musicians.
movie_0871,Sabrina,Movie,Comedy,Drama,1954,113.0,Passed,English,USA,7.7,,,,,False,2021-11-14,False,https://m.media-amazon.com/images/M/MV5BYmFlNTA1NWItODQxNC00YjFmLWE3ZWYtMzg3YTkwYmMxMjY2XkEyXkFqcGdeQXVyMTMxMTY0OTQ@._V1_SX600.jpg,Billy Wilder,"A playboy becomes interested in the daughter of his family's chauffeur, but it's his more serious brother who would be the better man for her."
movie_0872,The Quiet Man,Movie,Comedy,Drama,1952,129.0,Passed,English,USA,7.7,,10550000.0,,,False,2024-02-21,False,https://m.media-amazon.com/images/M/MV5BMWM1ZDhlM2MtNDNmMi00MDk4LTg5MjgtODE4ODk1MjYxOTIwXkEyXkFqcGdeQXVyNjc0MzMzNjA@._V1_SX600.jpg,John Ford,"A retired American boxer returns to the village of his birth in Ireland, where he falls for a spirited redhead whose brother is contemptuous of their union."
movie_0873,The Day the Earth Stood Still,Movie,Drama,Sci-Fi,1951,92.0,U,English,USA,7.7,,,,,False,2023-01-25,False,https://m.media-amazon.com/images/M/MV5BMTU5NTBmYTAtOTgyYi00NGM0LWE0ODctZjNiYWM5MmIxYzE4XkEyXkFqcGdeQXVyNTAyODkwOQ@._V1_SX600.jpg,Robert Wise,An alien lands and tells the people of Earth that they must live peacefully or be destroyed as a danger to other planets.
movie_0874,The African Queen,Movie,Adventure,Drama,1951,105.0,PG,English,USA,7.7,,536118.0,,,False,2025-01-01,False,https://m.media-amazon.com/images/M/MV5BYzM3YjE2NGMtODY3Zi00NTY0LWE4Y2EtMTE5YzNmM2U1NTg2XkEyXkFqcGdeQXVyMTY5Nzc4MDY@._V1_SX600.jpg,John Huston,"In WWI Africa, a gin-swilling riverboat captain is persuaded by a strait-laced missionary to use his boat to attack an enemy warship."
movie_0875,Gilda,Movie,Drama,Film-Noir,1946,110.0,Approved,English,USA,7.7,,,,,False,2020-08-29,False,https://m.media-amazon.com/images/M/MV5BYWUxMzViZTUtNTYxNy00YjY4LWJmMjYtMzNlOThjNjhiZmZkXkEyXkFqcGdeQXVyMDI2NDg0NQ@._V1_SX600.jpg,Charles Vidor,A small-time gambler hired to work in a Buenos Aires casino discovers his employer's new wife is his former lover.
movie_0876,Fantasia,Movie,Animation,Family,1940,125.0,G,English,USA,7.7,,76408097.0,,,False,2019-10-14,False,https://m.media-amazon.com/images/M/MV5BMjAxMTI1Njk3OF5BMl5BanBnXkFtZTgwNjkzODk4NTE@._V1_SX600.jpg,James Algar,A collection of animated interpretations of great works of Western classical music.
movie_0877,The Invisible Man,Movie,Horror,Sci-Fi,1933,71.0,TV-PG,English,USA,7.7,,,,,False,2024-04-25,True,https://m.media-amazon.com/images/M/MV5BYjllMmE0Y2YtYWIwZi00OWY1LWJhNWItYzM2MmNiYmFiZmRmXkEyXkFqcGdeQXVyNjc1NTYyMjg@._V1_SX600.jpg,James Whale,"A scientist finds a way of becoming invisible, but in doing so, he becomes murderously insane."
movie_0878,Dark Waters,Movie,Biography,Drama,2019,126.0,PG-13,English,USA,7.6,,,,,False,2025-03-03,False,https://m.media-amazon.com/images/M/MV5BODQ0M2Y5M2QtZGIwMC00MzJjLThlMzYtNmE3ZTMzZTYzOGEwXkEyXkFqcGdeQXVyMTkxNjUyNQ@._V1_SX600.jpg,Todd Haynes,A corporate defense attorney takes on an environmental lawsuit against a chemical company that exposes a lengthy history of pollution.
movie_0879,Searching,Movie,Drama,Mystery,2018,102.0,U/A,English,USA,7.6,,26020957.0,,,False,2021-02-22,False,https://m.media-amazon.com/images/M/MV5BMjIwOTA3NDI3MF5BMl5BanBnXkFtZTgwNzIzMzA5NTM@._V1_SX600.jpg,Aneesh Chaganty,"After his teenage daughter goes missing, a desperate father tries to find clues on her laptop."
movie_0880,Once Upon a Time... in Hollywood,Movie,Comedy,Drama,2019,161.0,A,English,USA,7.6,,142502728.0,,,False,2020-01-01,False,https://m.media-amazon.com/images/M/MV5BOTg4ZTNkZmUtMzNlZi00YmFjLTk1MmUtNWQwNTM0YjcyNTNkXkEyXkFqcGdeQXVyNjg2NjQwMDQ@._V1_SX600.jpg,Quentin Tarantino,A faded television actor and his stunt double strive to achieve fame and success in the final years of Hollywood's Golden Age in 1969 Los Angeles.
movie_0881,Nelyubov,Movie,Drama,,2017,127.0,R,English,USA,7.6,,566356.0,,,False,2025-01-22,False,https://m.media-amazon.com/images/M/MV5BNzk2NmU3NmEtMTVhNS00NzJhLWE1M2ItMThjZjI5NWM3YmFmXkEyXkFqcGdeQXVyMjA1MzUyODk@._V1_SX600.jpg,Andrey Zvyagintsev,A couple going through a divorce must team up to find their son who has disappeared during one of their bitter arguments.
movie_0882,The Florida Project,Movie,Drama,,2017,111.0,A,English,USA,7.6,,5904366.0,,,False,2016-10-13,False,https://m.media-amazon.com/images/M/MV5BMjg4ZmY1MmItMjFjOS00ZTg2LWJjNDYtNDM2YmM2NzhiNmZhXkEyXkFqcGdeQXVyNTAzMTY4MDA@._V1_SX600.jpg,Sean Baker,"Set over one summer, the film follows precocious six-year-old Moonee as she courts mischief and adventure with her ragtag playmates and bonds with her rebellious but caring mother, all while living in the shadows of Walt Disney World."
movie_0883,Just Mercy,Movie,Biography,Crime,2019,137.0,A,English,USA,7.6,,,,,False,2023-05-05,True,https://m.media-amazon.com/images/M/MV5BYmM4YzA5NjUtZGEyOS00YzllLWJmM2UtZjhhNmJhM2E1NjUxXkEyXkFqcGdeQXVyMTkxNjUyNQ@._V1_SX600.jpg,Destin Daniel Cretton,World-renowned civil rights defense attorney Bryan Stevenson works to free a wrongly condemned death row prisoner.
movie_0884,Gifted,Movie,Drama,,2017,101.0,PG-13,English,USA,7.6,,24801212.0,,,False,2024-08-29,False,https://m.media-amazon.com/images/M/MV5BMjQ2NDU3NDE0M15BMl5BanBnXkFtZTgwMjA3OTg0MDI@._V1_SX600.jpg,Marc Webb,"Frank, a single man raising his child prodigy niece Mary, is drawn into a custody battle with his mother."
movie_0885,The Peanut Butter Falcon,Movie,Adventure,Comedy,2019,97.0,PG-13,English,USA,7.6,,13122642.0,,,False,2020-04-28,False,https://m.media-amazon.com/images/M/MV5BOWVmZGQ0MGYtMDI1Yy00MDkxLWJiYjQtMmZjZmQ0NDFmMDRhXkEyXkFqcGdeQXVyNjg3MDMxNzU@._V1_SX600.jpg,Tyler Nilson,Zak runs away from his care home to make his dream of becoming a wrestler come true.
movie_0886,Victoria,Movie,Crime,Drama,2015,138.0,Not Rated,English,USA,7.6,,,,,False,2020-01-18,True,https://m.media-amazon.com/images/M/MV5BMTc5NzQzNjk2NF5BMl5BanBnXkFtZTgwODU0MjI5NjE@._V1_SX600.jpg,Sebastian Schipper,A young Spanish woman who has recently moved to Berlin finds her flirtation with a local guy turn potentially deadly as their night out with his friends reveals a dangerous secret.
movie_0887,Mustang,Movie,Drama,,2015,97.0,PG-13,English,USA,7.6,,845464.0,,,False,2017-11-27,False,https://m.media-amazon.com/images/M/MV5BMTkwODUzODA0OV5BMl5BanBnXkFtZTgwMTA3ODkxNzE@._V1_SX600.jpg,Deniz Gamze Ergüven,"When five orphan girls are seen innocently playing with boys on a beach, their scandalized conservative guardians confine them while forced marriages are arranged."
movie_0888,Guardians of the Galaxy Vol. 2,Movie,Action,Adventure,2017,136.0,UA,English,USA,7.6,,389813101.0,,,False,2023-06-07,False,https://m.media-amazon.com/images/M/MV5BNjM0NTc0NzItM2FlYS00YzEwLWE0YmUtNTA2ZWIzODc2OTgxXkEyXkFqcGdeQXVyNTgwNzIyNzg@._V1_SX600.jpg,James Gunn,"The Guardians struggle to keep together as a team while dealing with their personal family issues, notably Star-Lord's encounter with his father the ambitious celestial being Ego."
movie_0889,Baby Driver,Movie,Action,Crime,2017,113.0,UA,English,USA,7.6,,107825862.0,,,False,2017-10-09,True,https://m.media-amazon.com/images/M/MV5BMjM3MjQ1MzkxNl5BMl5BanBnXkFtZTgwODk1ODgyMjI@._V1_SX600.jpg,Edgar Wright,"After being coerced into working for a crime boss, a young getaway driver finds himself taking part in a heist doomed to fail."
movie_0890,Only the Brave,Movie,Action,Biography,2017,134.0,UA,English,USA,7.6,,18340051.0,,,False,2024-06-02,False,https://m.media-amazon.com/images/M/MV5BYWFlOWI3YTMtYTk3NS00YWQ2LTlmYTMtZjk0ZDk4Y2NjODI0XkEyXkFqcGdeQXVyNTQxNTQ4Mg@._V1_SX600.jpg,Joseph Kosinski,"Based on the true story of the Granite Mountain Hotshots, a group of elite firefighters who risk everything to protect a town from a historic wildfire."
movie_0891,Bridge of Spies,Movie,Drama,History,2015,142.0,UA,English,USA,7.6,,72313754.0,,,False,2022-02-24,False,https://m.media-amazon.com/images/M/MV5BMjIxOTI0MjU5NV5BMl5BanBnXkFtZTgwNzM4OTk4NTE@._V1_SX600.jpg,Steven Spielberg,"During the Cold War, an American lawyer is recruited to defend an arrested Soviet spy in court, and then help the CIA facilitate an exchange of the spy for the Soviet captured American U2 spy plane pilot, Francis Gary Powers."
movie_0892,Incredibles 2,Movie,Animation,Action,2018,118.0,UA,English,USA,7.6,,608581744.0,,,False,2018-02-09,False,"https://m.media-amazon.com/images/M/MV5BMTEzNzY0OTg0NTdeQTJeQWpwZ15BbWU4MDU3OTg3MjUz._V1_UX67_CR0,0,67,98_AL_.jpg@._V1_SX600.jpg",Brad Bird,The Incredibles family takes on a new mission which involves a change in family roles: Bob Parr (Mr. Incredible) must manage the house while his wife Helen (Elastigirl) goes out to save the world.
movie_0893,Moana,Movie,Animation,Adventure,2016,107.0,U,English,USA,7.6,,248757044.0,,,False,2023-08-03,False,https://m.media-amazon.com/images/M/MV5BMjI4MzU5NTExNF5BMl5BanBnXkFtZTgwNzY1MTEwMDI@._V1_SX600.jpg,Ron Clements,"In Ancient Polynesia, when a terrible curse incurred by the Demigod Maui reaches Moana's island, she answers the Ocean's call to seek out the Demigod to set things right."
movie_0894,Sicario,Movie,Action,Crime,2015,121.0,A,English,USA,7.6,,46889293.0,,,False,2023-09-21,True,https://m.media-amazon.com/images/M/MV5BMjA5NjM3NTk1M15BMl5BanBnXkFtZTgwMzg1MzU2NjE@._V1_SX600.jpg,Denis Villeneuve,An idealistic FBI agent is enlisted by a government task force to aid in the escalating war against drugs at the border area between the U.S. and Mexico.
movie_0895,Creed,Movie,Drama,Sport,2015,133.0,A,English,USA,7.6,,109767581.0,,,False,2020-11-05,False,https://m.media-amazon.com/images/M/MV5BNmZkYjQzY2QtNjdkNC00YjkzLTk5NjUtY2MyNDNiYTBhN2M2XkEyXkFqcGdeQXVyMjMwNDgzNjc@._V1_SX600.jpg,Ryan Coogler,"The former World Heavyweight Champion Rocky Balboa serves as a trainer and mentor to Adonis Johnson, the son of his late friend and former rival Apollo Creed."
movie_0896,Leviafan,Movie,Crime,Drama,2014,140.0,R,English,USA,7.6,,1092800.0,,,False,2020-06-07,True,https://m.media-amazon.com/images/M/MV5BYTYxZjQ2YTktNmVkMC00ZTY4LThkZmItMDc4MTJiYjVhZjM0L2ltYWdlXkEyXkFqcGdeQXVyMjgyNjk3MzE@._V1_SX600.jpg,Andrey Zvyagintsev,"In a Russian coastal town, Kolya is forced to fight the corrupt mayor when he is told that his house will be demolished. He recruits a lawyer friend to help, but the man's arrival brings further misfortune for Kolya and his family."
movie_0897,Hell or High Water,Movie,Action,Crime,2016,102.0,R,English,USA,7.6,,26862450.0,,,False,2022-01-11,True,https://m.media-amazon.com/images/M/MV5BMTg4NDA1OTA5NF5BMl5BanBnXkFtZTgwMDQ2MDM5ODE@._V1_SX600.jpg,David Mackenzie,A divorced father and his ex-con older brother resort to a desperate scheme in order to save their family's ranch in West Texas.
movie_0898,Philomena,Movie,Biography,Comedy,2013,98.0,PG-13,English,USA,7.6,,37707719.0,,,False,2017-09-06,False,https://m.media-amazon.com/images/M/MV5BMjA5ODgyNzcxMV5BMl5BanBnXkFtZTgwMzkzOTYzMDE@._V1_SX600.jpg,Stephen Frears,"A world-weary political journalist picks up the story of a woman's search for her son, who was taken away from her decades ago after she became pregnant and was forced to live in a convent."
movie_0899,Dawn of the Planet of the Apes,Movie,Action,Adventure,2014,130.0,UA,English,USA,7.6,,208545589.0,,,False,2018-01-29,False,https://m.media-amazon.com/images/M/MV5BMTgwODk3NDc1N15BMl5BanBnXkFtZTgwNTc1NjQwMjE@._V1_SX600.jpg,Matt Reeves,A growing nation of genetically evolved apes led by Caesar is threatened by a band of human survivors of the devastating virus unleashed a decade earlier.
movie_0900,El cuerpo,Movie,Mystery,Thriller,2012,112.0,Not Rated,English,USA,7.6,,,,,False,2019-12-07,False,https://m.media-amazon.com/images/M/MV5BNGMxZjFkN2EtMDRiMS00ZTBjLWI0M2MtZWUyYjFhZGViZDJlXkEyXkFqcGdeQXVyMTMxODk2OTU@._V1_SX600.jpg,Oriol Paulo,A detective searches for the body of a femme fatale which has gone missing from a morgue.
movie_0901,Serbuan maut,Movie,Action,Thriller,2011,101.0,A,English,USA,7.6,,4105123.0,,,False,2015-11-14,False,https://m.media-amazon.com/images/M/MV5BZGIxODNjM2YtZjA5Mi00MjA5LTk2YjItODE0OWI5NThjNTBmXkEyXkFqcGdeQXVyNzQ1ODk3MTQ@._V1_SX600.jpg,Gareth Evans,A S.W.A.T. team becomes trapped in a tenement run by a ruthless mobster and his army of killers and thugs.
movie_0902,End of Watch,Movie,Action,Crime,2012,109.0,A,English,USA,7.6,,41003371.0,,,False,2023-01-01,True,https://m.media-amazon.com/images/M/MV5BMjMxNjU0ODU5Ml5BMl5BanBnXkFtZTcwNjI4MzAyOA@._V1_SX600.jpg,David Ayer,"Shot documentary-style, this film follows the daily grind of two young police officers in LA who are partners and friends, and what happens when they meet criminal forces greater than themselves."
movie_0903,Kari-gurashi no Arietti,Movie,Animation,Adventure,2010,94.0,U,Japanese,Japan,7.6,,19202743.0,,,False,2018-03-16,False,https://m.media-amazon.com/images/M/MV5BZDY3ZGI0ZDAtMThlNy00MzAxLTg4YjAtNjkwYTkxNmQ4MjdlXkEyXkFqcGdeQXVyMTMxODk2OTU@._V1_SX600.jpg,Hiromasa Yonebayashi,"The Clock family are four-inch-tall people who live anonymously in another family's residence, borrowing simple items to make their home. Life changes for the Clocks when their teenage daughter, Arrietty, is discovered."
movie_0904,A Star Is Born,Movie,Drama,Music,2018,136.0,UA,English,USA,7.6,,215288866.0,,,False,2017-08-18,False,https://m.media-amazon.com/images/M/MV5BNmE5ZmE3OGItNTdlNC00YmMxLWEzNjctYzAwOGQ5ODg0OTI0XkEyXkFqcGdeQXVyMTMxODk2OTU@._V1_SX600.jpg,Bradley Cooper,A musician helps a young singer find fame as age and alcoholism send his own career into a downward spiral.
movie_0905,True Grit,Movie,Drama,Western,2010,110.0,PG-13,English,USA,7.6,,171243005.0,,,False,2018-01-17,False,https://m.media-amazon.com/images/M/MV5BODhkZDIzNjgtOTA5ZS00MmMzLWFkNjYtM2Y2MzFjN2FkNjAzL2ltYWdlXkEyXkFqcGdeQXVyNTAyODkwOQ@._V1_SX600.jpg,Ethan Coen,A stubborn teenager enlists the help of a tough U.S. Marshal to track down her father's murderer.
movie_0906,Hævnen,Movie,Drama,Romance,2010,118.0,R,Danish,Denmark,7.6,,1008098.0,,,False,2018-10-07,False,https://m.media-amazon.com/images/M/MV5BNDY2OTE5MzE0Nl5BMl5BanBnXkFtZTcwNDAyOTc2NA@._V1_SX600.jpg,Susanne Bier,"The lives of two Danish families cross each other, and an extraordinary but risky friendship comes into bud. But loneliness, frailty and sorrow lie in wait."
movie_0907,Despicable Me,Movie,Animation,Comedy,2010,95.0,U,English,USA,7.6,,251513985.0,,,False,2018-08-02,False,https://m.media-amazon.com/images/M/MV5BMTY3NjY0MTQ0Nl5BMl5BanBnXkFtZTcwMzQ2MTc0Mw@._V1_SX600.jpg,Pierre Coffin,"When a criminal mastermind uses a trio of orphan girls as pawns for a grand scheme, he finds their love is profoundly changing him for the better."
movie_0908,50/50,Movie,Comedy,Drama,2011,100.0,R,English,USA,7.6,,35014192.0,,,False,2025-01-05,False,https://m.media-amazon.com/images/M/MV5BNjg3ODQyNTIyN15BMl5BanBnXkFtZTcwMjUzNzM5NQ@._V1_SX600.jpg,Jonathan Levine,"Inspired by a true story, a comedy centered on a 27-year-old guy who learns of his cancer diagnosis and his subsequent struggle to beat the disease."
movie_0909,Kick-Ass,Movie,Action,Comedy,2010,117.0,UA,English,USA,7.6,,48071303.0,,,False,2021-01-21,False,https://m.media-amazon.com/images/M/MV5BMTMzNzEzMDYxM15BMl5BanBnXkFtZTcwMTc0NTMxMw@._V1_SX600.jpg,Matthew Vaughn,"Dave Lizewski is an unnoticed high school student and comic book fan who one day decides to become a superhero, even though he has no powers, training or meaningful reason to do so."
movie_0910,Celda 211,Movie,Action,Adventure,2009,113.0,Not Rated,English,USA,7.6,,,,,False,2015-11-27,False,https://m.media-amazon.com/images/M/MV5BMjI2ODE4ODAtMDA3MS00ODNkLTg4N2EtOGU0YjZmNGY4NjZlXkEyXkFqcGdeQXVyMTY5MDE5NA@._V1_SX600.jpg,Daniel Monzón,"The story of two men on different sides of a prison riot -- the inmate leading the rebellion and the young guard trapped in the revolt, who poses as a prisoner in a desperate attempt to survive the ordeal."
movie_0911,Moneyball,Movie,Biography,Drama,2011,133.0,PG-13,English,USA,7.6,,75605492.0,,,False,2016-07-20,False,https://m.media-amazon.com/images/M/MV5BMjAxOTU3Mzc1M15BMl5BanBnXkFtZTcwMzk1ODUzNg@._V1_SX600.jpg,Bennett Miller,Oakland A's general manager Billy Beane's successful attempt to assemble a baseball team on a lean budget by employing computer-generated analysis to acquire new players.
movie_0912,La piel que habito,Movie,Drama,Horror,2011,120.0,R,English,USA,7.6,,3185812.0,,,False,2016-09-09,True,https://m.media-amazon.com/images/M/MV5BYmFmNjY5NDYtZjlhNi00YjQ5LTgzNzctNWRiNWUzNmIyNjc4XkEyXkFqcGdeQXVyMTMxODk2OTU@._V1_SX600.jpg,Pedro Almodóvar,"A brilliant plastic surgeon, haunted by past tragedies, creates a type of synthetic skin that withstands any kind of damage. His guinea pig: a mysterious and volatile woman who holds the key to his obsession."
movie_0913,Zombieland,Movie,Adventure,Comedy,2009,88.0,A,English,USA,7.6,,75590286.0,,,False,2017-08-05,False,https://m.media-amazon.com/images/M/MV5BMTU5MDg0NTQ1N15BMl5BanBnXkFtZTcwMjA4Mjg3Mg@._V1_SX600.jpg,Ruben Fleischer,"A shy student trying to reach his family in Ohio, a gun-toting tough guy trying to find the last Twinkie, and a pair of sisters trying to get to an amusement park join forces to travel across a zombie-filled America."
movie_0914,Die Welle,Movie,Drama,Thriller,2008,107.0,Not Rated,German,Germany,7.6,,,,,False,2019-04-18,False,https://m.media-amazon.com/images/M/MV5BMzc0ZmUyZjAtZThkMi00ZDY5LTg5YjctYmUwM2FiYjMyMDI5XkEyXkFqcGdeQXVyMTMxODk2OTU@._V1_SX600.jpg,Dennis Gansel,A high school teacher's experiment to demonstrate to his students what life is like under a dictatorship spins horribly out of control when he forms a social unit with a life of its own.
movie_0915,Sherlock Holmes,Movie,Action,Adventure,2009,128.0,PG-13,English,USA,7.6,,209028679.0,,,False,2022-10-13,False,https://m.media-amazon.com/images/M/MV5BMTg0NjEwNjUxM15BMl5BanBnXkFtZTcwMzk0MjQ5Mg@._V1_SX600.jpg,Guy Ritchie,Detective Sherlock Holmes and his stalwart partner Watson engage in a battle of wits and brawn with a nemesis whose plot is a threat to all of England.
movie_0916,The Blind Side,Movie,Biography,Drama,2009,129.0,UA,English,USA,7.6,,255959475.0,,,False,2016-09-17,False,https://m.media-amazon.com/images/M/MV5BMjEzOTE3ODM3OF5BMl5BanBnXkFtZTcwMzYyODI4Mg@._V1_SX600.jpg,John Lee Hancock,"The story of Michael Oher, a homeless and traumatized boy who became an All-American football player and first-round NFL draft pick with the help of a caring woman and her family."
movie_0917,The Visitor,Movie,Drama,,2007,104.0,PG-13,English,USA,7.6,,9422422.0,,,False,2022-12-03,False,https://m.media-amazon.com/images/M/MV5BMTIzNTg3NzkzNV5BMl5BanBnXkFtZTcwNzMwMjU2MQ@._V1_SX600.jpg,Tom McCarthy,A college professor travels to New York City to attend a conference and finds a young couple living in his apartment.
movie_0918,Seven Pounds,Movie,Drama,,2008,123.0,UA,English,USA,7.6,,69951824.0,,,False,2017-05-26,False,https://m.media-amazon.com/images/M/MV5BMTU0NzY0MTY5OF5BMl5BanBnXkFtZTcwODY3MDEwMg@._V1_SX600.jpg,Gabriele Muccino,A man with a fateful secret embarks on an extraordinary journey of redemption by forever changing the lives of seven strangers.
movie_0919,Eastern Promises,Movie,Action,Crime,2007,100.0,R,English,USA,7.6,,17114882.0,,,False,2015-09-21,True,"https://m.media-amazon.com/images/M/MV5BMTcwMzU0OTY3NF5BMl5BanBnXkFtZTYwNzkwNjg2._V1_UX67_CR0,0,67,98_AL_.jpg@._V1_SX600.jpg",David Cronenberg,A teenager who dies during childbirth leaves clues in her journal that could tie her child to a rape involving a violent Russian mob family.
movie_0920,Stardust,Movie,Adventure,Family,2007,127.0,U,English,USA,7.6,,38634938.0,,,False,2019-08-27,False,https://m.media-amazon.com/images/M/MV5BMjkyMTE1OTYwNF5BMl5BanBnXkFtZTcwMDIxODYzMw@._V1_SX600.jpg,Matthew Vaughn,"In a countryside town bordering on a magical land, a young man makes a promise to his beloved that he'll retrieve a fallen star by venturing into the magical realm."
movie_0921,The Secret of Kells,Movie,Animation,Adventure,2009,71.0,Not Rated,English,USA,7.6,,686383.0,,,False,2019-07-28,False,https://m.media-amazon.com/images/M/MV5BMjEzMjEzNTIzOF5BMl5BanBnXkFtZTcwMTg2MjAyMw@._V1_SX600.jpg,Tomm Moore,"A young boy in a remote medieval outpost under siege from barbarian raids is beckoned to adventure when a celebrated master illuminator arrives with an ancient book, brimming with secret wisdom and powers."
movie_0922,Inside Man,Movie,Crime,Drama,2006,129.0,R,English,USA,7.6,,88513495.0,,,False,2018-09-17,True,https://m.media-amazon.com/images/M/MV5BYjc4MjA2ZDgtOGY3YS00NDYzLTlmNTEtYWMxMzcwZjgzYWNjXkEyXkFqcGdeQXVyMTQxNzMzNDI@._V1_SX600.jpg,Spike Lee,"A police detective, a bank robber, and a high-power broker enter high-stakes negotiations after the criminal's brilliant heist spirals into a hostage situation."
movie_0923,Gone Baby Gone,Movie,Crime,Drama,2007,114.0,R,English,USA,7.6,,20300218.0,,,False,2021-01-31,True,https://m.media-amazon.com/images/M/MV5BYmM2NDNiNGItMTRhMi00ZDA2LTgzOWMtZTE2ZjFhMDQ2M2U5XkEyXkFqcGdeQXVyNTAyODkwOQ@._V1_SX600.jpg,Ben Affleck,"Two Boston area detectives investigate a little girl's kidnapping, which ultimately turns into a crisis both professionally and personally."
movie_0924,La Vie En Rose,Movie,Biography,Drama,2007,140.0,PG-13,French,France,7.6,,10301706.0,,,False,2020-03-23,False,https://m.media-amazon.com/images/M/MV5BOTBmZDZkNWYtODIzYi00N2Y4LWFjMmMtNmM1OGYyNGVhYzUzXkEyXkFqcGdeQXVyNTAyODkwOQ@._V1_SX600.jpg,Olivier Dahan,"Biopic of the iconic French singer Édith Piaf. Raised by her grandmother in a brothel, she was discovered while singing on a street corner at the age of 19. Despite her success, Piaf's life was filled with tragedy."
movie_0925,Huo Yuan Jia,Movie,Action,Biography,2006,104.0,PG-13,English,USA,7.6,,24633730.0,,,False,2019-08-31,False,https://m.media-amazon.com/images/M/MV5BMTI5MjA2Mzk2M15BMl5BanBnXkFtZTcwODY1MDUzMQ@._V1_SX600.jpg,Ronny Yu,"A biography of Chinese Martial Arts Master Huo Yuanjia, who is the founder and spiritual guru of the Jin Wu Sports Federation."
movie_0926,The Illusionist,Movie,Drama,Fantasy,2006,110.0,U,English,USA,7.6,,39868642.0,,,False,2015-09-13,False,https://m.media-amazon.com/images/M/MV5BY2VkMzZlZDAtNTkzNS00MDIzLWFmOTctMWQwZjQ1OWJiYzQ1XkEyXkFqcGdeQXVyNTIzOTk5ODM@._V1_SX600.jpg,Neil Burger,"In turn-of-the-century Vienna, a magician uses his abilities to secure the love of a woman far above his social standing."
movie_0927,Dead Man's Shoes,Movie,Crime,Drama,2004,90.0,Not Rated,English,USA,7.6,,6013.0,,,False,2017-04-27,True,https://m.media-amazon.com/images/M/MV5BMTI5Mzk1MDc2M15BMl5BanBnXkFtZTcwMjIzMDA0MQ@._V1_SX600.jpg,Shane Meadows,A disaffected soldier returns to his hometown to get even with the thugs who brutalized his mentally-challenged brother years ago.
movie_0928,Harry Potter and the Half-Blood Prince,Movie,Action,Adventure,2009,153.0,UA,English,USA,7.6,,301959197.0,,,False,2024-05-04,False,https://m.media-amazon.com/images/M/MV5BNzU3NDg4NTAyNV5BMl5BanBnXkFtZTcwOTg2ODg1Mg@._V1_SX600.jpg,David Yates,"As Harry Potter begins his sixth year at Hogwarts, he discovers an old book marked as ""the property of the Half-Blood Prince"" and begins to learn more about Lord Voldemort's dark past."
movie_0929,300,Movie,Action,Drama,2006,117.0,A,English,USA,7.6,,210614939.0,,,False,2019-09-17,False,"https://m.media-amazon.com/images/M/MV5BNWMxYTZlOTUtZDExMi00YzZmLTkwYTMtZmM2MmRjZmQ3OGY4XkEyXkFqcGdeQXVyMTAwMzUyMzUy._V1_UX67_CR0,0,67,98_AL_.jpg@._V1_SX600.jpg",Zack Snyder,King Leonidas of Sparta and a force of 300 men fight the Persians at Thermopylae in 480 B.C.
movie_0930,Match Point,Movie,Drama,Romance,2005,124.0,R,English,USA,7.6,,23089926.0,,,False,2019-05-15,False,https://m.media-amazon.com/images/M/MV5BMjRjOTMwMDEtNTY4NS00OWRjLWI4ZWItZDgwYmZhMzlkYzgxXkEyXkFqcGdeQXVyODIxOTg5MTc@._V1_SX600.jpg,Woody Allen,"At a turning point in his life, a former tennis pro falls for an actress who happens to be dating his friend and soon-to-be brother-in-law."
movie_0931,Watchmen,Movie,Action,Drama,2009,162.0,A,English,USA,7.6,,107509799.0,,,False,2025-02-23,False,https://m.media-amazon.com/images/M/MV5BY2IzNGNiODgtOWYzOS00OTI0LTgxZTUtOTA5OTQ5YmI3NGUzXkEyXkFqcGdeQXVyNjU0OTQ0OTY@._V1_SX600.jpg,Zack Snyder,"In 1985 where former superheroes exist, the murder of a colleague sends active vigilante Rorschach into his own sprawling investigation, uncovering something that could completely change the course of history as we know it."
movie_0932,Lord of War,Movie,Action,Crime,2005,122.0,R,English,USA,7.6,,24149632.0,,,False,2023-08-20,True,https://m.media-amazon.com/images/M/MV5BMTYzZWE3MDAtZjZkMi00MzhlLTlhZDUtNmI2Zjg3OWVlZWI0XkEyXkFqcGdeQXVyNDk3NzU2MTQ@._V1_SX600.jpg,Andrew Niccol,An arms dealer confronts the morality of his work as he is being chased by an INTERPOL Agent.
movie_0933,Saw,Movie,Horror,Mystery,2004,103.0,UA,English,USA,7.6,,56000369.0,,,False,2021-07-20,True,https://m.media-amazon.com/images/M/MV5BMzQ2ZTBhNmEtZDBmYi00ODU0LTgzZmQtNmMxM2M4NzM1ZjE4XkEyXkFqcGdeQXVyNjE5MjUyOTM@._V1_SX600.jpg,James Wan,"Two strangers awaken in a room with no recollection of how they got there, and soon discover they're pawns in a deadly game perpetrated by a notorious serial killer."
movie_0934,"Synecdoche, New York",Movie,Drama,,2008,124.0,R,English,USA,7.6,,3081925.0,,,False,2025-08-11,False,https://m.media-amazon.com/images/M/MV5BMjA0MjIyOTI3MF5BMl5BanBnXkFtZTcwODM5NTY5MQ@._V1_SX600.jpg,Charlie Kaufman,"A theatre director struggles with his work, and the women in his life, as he creates a life-size replica of New York City inside a warehouse as part of his new play."
movie_0935,Mysterious Skin,Movie,Drama,,2004,105.0,R,English,USA,7.6,,697181.0,,,False,2022-10-19,False,https://m.media-amazon.com/images/M/MV5BMTgxMjQ4NzE5OF5BMl5BanBnXkFtZTcwNzkwOTkyMQ@._V1_SX600.jpg,Gregg Araki,"A teenage hustler and a young man obsessed with alien abductions cross paths, together discovering a horrible, liberating truth."
movie_0936,Jeux d'enfants,Movie,Comedy,Drama,2003,93.0,R,English,USA,7.6,,548707.0,,,False,2015-03-22,False,https://m.media-amazon.com/images/M/MV5BNjIwOGJhY2QtMTA5Yi00MDhlLWE5OTgtYmIzZDNlM2UwZjMyXkEyXkFqcGdeQXVyNTA4NzY1MzY@._V1_SX600.jpg,Yann Samuell,"As adults, best friends Julien and Sophie continue the odd game they started as children -- a fearless competition to outdo one another with daring and outrageous stunts. While they often act out to relieve one another's pain, their game might be a way to avoid the fact that they are truly meant for one another."
movie_0937,Un long dimanche de fiançailles,Movie,Drama,Mystery,2004,133.0,U,French,France,7.6,,6167817.0,,,False,2024-08-10,False,https://m.media-amazon.com/images/M/MV5BZWI4ZTgwMzktNjk3Yy00OTlhLTg3YTAtMTA1MWVlMWJiOTRiXkEyXkFqcGdeQXVyMTAwMzUyOTc@._V1_SX600.jpg,Jean-Pierre Jeunet,"Tells the story of a young woman's relentless search for her fiancé, who has disappeared from the trenches of the Somme during World War One."
movie_0938,The Station Agent,Movie,Comedy,Drama,2003,89.0,R,English,USA,7.6,,5739376.0,,,False,2024-11-16,False,https://m.media-amazon.com/images/M/MV5BMTUzNDgyMzg3Ml5BMl5BanBnXkFtZTcwMzIxNTAwMQ@._V1_SX600.jpg,Tom McCarthy,"When his only friend dies, a man born with dwarfism moves to rural New Jersey to live a life of solitude, only to meet a chatty hot dog vendor and a woman dealing with her own personal loss."
movie_0939,21 Grams,Movie,Crime,Drama,2003,124.0,UA,English,USA,7.6,,16290476.0,,,False,2023-08-02,True,https://m.media-amazon.com/images/M/MV5BMjA4MjI2OTM5N15BMl5BanBnXkFtZTcwNDA1NjUzMw@._V1_SX600.jpg,Alejandro G. Iñárritu,"A freak accident brings together a critically ill mathematician, a grieving mother, and a born-again ex-con."
movie_0940,Boksuneun naui geot,Movie,Crime,Drama,2002,129.0,R,English,USA,7.6,,45289.0,,,False,2021-06-16,True,https://m.media-amazon.com/images/M/MV5BYmNlNDVjMWUtZDZjNS00YTBmLWE3NGUtNDcxMzE0YTQ2ODMxXkEyXkFqcGdeQXVyMTMxODk2OTU@._V1_SX600.jpg,Chan-wook Park,"A recently laid off factory worker kidnaps his former boss' friend's daughter, hoping to use the ransom money to pay for his sister's kidney transplant."
movie_0941,Finding Neverland,Movie,Biography,Drama,2004,106.0,U,English,USA,7.6,,51680613.0,,,False,2019-04-08,False,"https://m.media-amazon.com/images/M/MV5BMTMxNzYzNzUzMV5BMl5BanBnXkFtZTYwNjcwMjE3._V1_UX67_CR0,0,67,98_AL_.jpg@._V1_SX600.jpg",Marc Forster,The story of Sir J.M. Barrie's friendship with a family who inspired him to create Peter Pan.
movie_0942,25th Hour,Movie,Drama,,2002,135.0,R,English,USA,7.6,,13060843.0,,,False,2020-05-07,False,https://m.media-amazon.com/images/M/MV5BNmE0YjdlYTktMTU4Ni00Mjk2LWI3NWMtM2RjNmFiOTk4YjYxL2ltYWdlXkEyXkFqcGdeQXVyNTAyODkwOQ@._V1_SX600.jpg,Spike Lee,"Cornered by the DEA, convicted New York drug dealer Montgomery Brogan reevaluates his life in the 24 remaining hours before facing a seven-year jail term."
movie_0943,The Butterfly Effect,Movie,Drama,Sci-Fi,2004,113.0,U,English,USA,7.6,,57938693.0,,,False,2015-01-25,False,https://m.media-amazon.com/images/M/MV5BODNiZmY2MWUtMjFhMy00ZmM2LTg2MjYtNWY1OTY5NGU2MjdjL2ltYWdlXkEyXkFqcGdeQXVyNTAyODkwOQ@._V1_SX600.jpg,Eric Bress,"Evan Treborn suffers blackouts during significant events of his life. As he grows up, he finds a way to remember these lost memories and a supernatural way to alter his life by reading his journal."
movie_0944,28 Days Later...,Movie,Drama,Horror,2002,113.0,A,English,USA,7.6,,45064915.0,,,False,2025-07-28,True,https://m.media-amazon.com/images/M/MV5BYTFkM2ViMmQtZmI5NS00MjQ2LWEyN2EtMTI1ZmNlZDU3MTZjXkEyXkFqcGdeQXVyNjU0OTQ0OTY@._V1_SX600.jpg,Danny Boyle,"Four weeks after a mysterious, incurable virus spreads throughout the UK, a handful of survivors try to find sanctuary."
movie_0945,Batoru rowaiaru,Movie,Action,Adventure,2000,114.0,Not Rated,English,USA,7.6,,,,,False,2018-12-11,False,"https://m.media-amazon.com/images/M/MV5BMDc2MGYwYzAtNzE2Yi00YmU3LTkxMDUtODk2YjhiNDM5NDIyXkEyXkFqcGdeQXVyMTEwNDU1MzEy._V1_UX67_CR0,0,67,98_AL_.jpg@._V1_SX600.jpg",Kinji Fukasaku,"In the future, the Japanese government captures a class of ninth-grade students and forces them to kill each other under the revolutionary ""Battle Royale"" act."
movie_0946,The Royal Tenenbaums,Movie,Comedy,Drama,2001,110.0,A,English,USA,7.6,,52364010.0,,,False,2018-05-08,False,https://m.media-amazon.com/images/M/MV5BYmUzODQ5MGItZTZlNy00MDBhLWIxMmItMjg4Y2QyNDFlMWQ2XkEyXkFqcGdeQXVyMTMxODk2OTU@._V1_SX600.jpg,Wes Anderson,The eccentric members of a dysfunctional family reluctantly gather under the same roof for various reasons.
movie_0947,Y tu mamá también,Movie,Drama,,2001,106.0,A,Spanish,Mexico,7.6,,13622333.0,,,False,2023-06-14,False,https://m.media-amazon.com/images/M/MV5BNDhjMzc3ZTgtY2Y4MC00Y2U3LWFiMDctZGM3MmM4N2YzNDQ5XkEyXkFqcGdeQXVyMTQxNzMzNDI@._V1_SX600.jpg,Alfonso Cuarón,"In Mexico, two teenage boys and an attractive older woman embark on a road trip and learn a thing or two about life, friendship, sex, and each other."
movie_0948,Harry Potter and the Sorcerer's Stone,Movie,Adventure,Family,2001,152.0,U,English,USA,7.6,,317575550.0,,,False,2019-05-17,False,https://m.media-amazon.com/images/M/MV5BNjQ3NWNlNmQtMTE5ZS00MDdmLTlkZjUtZTBlM2UxMGFiMTU3XkEyXkFqcGdeQXVyNjUwNzk3NDc@._V1_SX600.jpg,Chris Columbus,"An orphaned boy enrolls in a school of wizardry, where he learns the truth about himself, his family and the terrible evil that haunts the magical world."
movie_0949,The Others,Movie,Horror,Mystery,2001,101.0,PG-13,English,USA,7.6,,96522687.0,,,False,2024-07-27,True,"https://m.media-amazon.com/images/M/MV5BMTAxMDE4Mzc3ODNeQTJeQWpwZ15BbWU4MDY2Mjg4MDcx._V1_UX67_CR0,0,67,98_AL_.jpg@._V1_SX600.jpg",Alejandro Amenábar,A woman who lives in her darkened old family house with her two photosensitive children becomes convinced that the home is haunted.
movie_0950,Blow,Movie,Biography,Crime,2001,124.0,R,English,USA,7.6,,52990775.0,,,False,2024-12-31,True,https://m.media-amazon.com/images/M/MV5BYjg5ZDkzZWEtZDQ2ZC00Y2ViLThhMzYtMmIxZDYzYTY2Y2Y2XkEyXkFqcGdeQXVyODAwMTU1MTE@._V1_SX600.jpg,Ted Demme,"The story of how George Jung, along with the Medellín Cartel headed by Pablo Escobar, established the American cocaine market in the 1970s in the United States."
movie_0951,Enemy at the Gates,Movie,Drama,History,2001,131.0,A,English,USA,7.6,,51401758.0,,,False,2025-09-10,False,https://m.media-amazon.com/images/M/MV5BYWFlY2E3ODQtZWNiNi00ZGU4LTkzNWEtZTQ2ZTViMWRhYjIzL2ltYWdlXkEyXkFqcGdeQXVyNTAyODkwOQ@._V1_SX600.jpg,Jean-Jacques Annaud,A Russian and a German sniper play a game of cat-and-mouse during the Battle of Stalingrad.
movie_0952,Minority Report,Movie,Action,Crime,2002,145.0,A,English,USA,7.6,,132072926.0,,,False,2024-05-16,True,https://m.media-amazon.com/images/M/MV5BZTI3YzZjZjEtMDdjOC00OWVjLTk0YmYtYzI2MGMwZjFiMzBlXkEyXkFqcGdeQXVyMTQxNzMzNDI@._V1_SX600.jpg,Steven Spielberg,"In a future where a special police unit is able to arrest murderers before they commit their crimes, an officer from that unit is himself accused of a future murder."
movie_0953,The Hurricane,Movie,Biography,Drama,1999,146.0,R,English,USA,7.6,,50668906.0,,,False,2019-09-13,False,"https://m.media-amazon.com/images/M/MV5BMTA3OTYxMzg0MDFeQTJeQWpwZ15BbWU4MDY1MjY0MTEx._V1_UX67_CR0,0,67,98_AL_.jpg@._V1_SX600.jpg",Norman Jewison,"The story of Rubin 'Hurricane' Carter, a boxer wrongly imprisoned for murder, and the people who aided in his fight to prove his innocence."
movie_0954,American Psycho,Movie,Comedy,Crime,2000,101.0,A,English,USA,7.6,,15070285.0,,,False,2021-01-13,True,https://m.media-amazon.com/images/M/MV5BZTM2ZGJmNjQtN2UyOS00NjcxLWFjMDktMDE2NzMyNTZlZTBiXkEyXkFqcGdeQXVyNzkwMjQ5NzM@._V1_SX600.jpg,Mary Harron,"A wealthy New York City investment banking executive, Patrick Bateman, hides his alternate psychopathic ego from his co-workers and friends as he delves deeper into his violent, hedonistic fantasies."
movie_0955,Lola rennt,Movie,Crime,Drama,1998,81.0,UA,German,Germany,7.6,,7267585.0,,,False,2023-05-20,True,https://m.media-amazon.com/images/M/MV5BMmU5ZjFmYjQtYmNjZC00Yjk4LWI1ZTQtZDJiMjM0YjQyNDU0L2ltYWdlL2ltYWdlXkEyXkFqcGdeQXVyMTQxNzMzNDI@._V1_SX600.jpg,Tom Tykwer,"After a botched money delivery, Lola has 20 minutes to come up with 100,000 Deutschmarks."
movie_0956,The Thin Red Line,Movie,Drama,War,1998,170.0,A,English,USA,7.6,,36400491.0,,,False,2023-03-29,True,https://m.media-amazon.com/images/M/MV5BYjEzMTM2NjAtNWFmZC00MTVlLTgyMmQtMGQyNTFjZDk5N2NmXkEyXkFqcGdeQXVyNzQ1ODk3MTQ@._V1_SX600.jpg,Terrence Malick,"Adaptation of James Jones' autobiographical 1962 novel, focusing on the conflict at Guadalcanal during the second World War."
movie_0957,Mulan,Movie,Animation,Adventure,1998,88.0,U,English,USA,7.6,,120620254.0,,,False,2021-02-14,False,https://m.media-amazon.com/images/M/MV5BODkxNGQ1NWYtNzg0Ny00Yjg3LThmZTItMjE2YjhmZTQ0ODY5XkEyXkFqcGdeQXVyMTQxNzMzNDI@._V1_SX600.jpg,Tony Bancroft,"To save her father from death in the army, a young maiden secretly goes in his place and becomes one of China's greatest heroines in the process."
movie_0958,Fear and Loathing in Las Vegas,Movie,Adventure,Comedy,1998,118.0,R,English,USA,7.6,,10680275.0,,,False,2023-12-21,False,https://m.media-amazon.com/images/M/MV5BNjA2ZDY3ZjYtZmNiMC00MDU5LTgxMWEtNzk1YmI3NzdkMTU0XkEyXkFqcGdeQXVyNjQyMjcwNDM@._V1_SX600.jpg,Terry Gilliam,An oddball journalist and his psychopathic lawyer travel to Las Vegas for a series of psychedelic escapades.
movie_0959,Funny Games,Movie,Crime,Drama,1997,108.0,A,German,Austria,7.6,,,,,False,2021-10-06,True,https://m.media-amazon.com/images/M/MV5BMTkyNTAzZDYtNWUzYi00ODVjLTliZjYtNjc2YzJmODZhNTg3XkEyXkFqcGdeQXVyNjUxMDQ0MTg@._V1_SX600.jpg,Michael Haneke,"Two violent young men take a mother, father, and son hostage in their vacation cabin and force them to play sadistic ""games"" with one another for their own amusement."
movie_0960,Dark City,Movie,Mystery,Sci-Fi,1998,100.0,A,English,USA,7.6,,14378331.0,,,False,2025-01-25,False,https://m.media-amazon.com/images/M/MV5BMGExOGExM2UtNWM5ZS00OWEzLTllNzYtM2NlMTJlYjBlZTJkXkEyXkFqcGdeQXVyMTQxNzMzNDI@._V1_SX600.jpg,Alex Proyas,"A man struggles with memories of his past, which include a wife he cannot remember and a nightmarish world no one else ever seems to wake up from."
movie_0961,Sleepers,Movie,Crime,Drama,1996,147.0,UA,English,USA,7.6,,49100000.0,,,False,2017-06-22,True,https://m.media-amazon.com/images/M/MV5BMzk1MmI4NzAtOGRiNS00YjY1LTllNmEtZDhiZDM4MjU2NTMxXkEyXkFqcGdeQXVyNjc3MjQzNTI@._V1_SX600.jpg,Barry Levinson,"After a prank goes disastrously wrong, a group of boys are sent to a detention center where they are brutalized. Thirteen years later, an unexpected random encounter with a former guard gives them a chance for revenge."
movie_0962,Lost Highway,Movie,Mystery,Thriller,1997,134.0,A,English,USA,7.6,,3796699.0,,,False,2020-06-22,False,https://m.media-amazon.com/images/M/MV5BYWUxOWY4NDctMDFmMS00ZTQwLWExMGEtODg0ZWNhOTE5NzZmXkEyXkFqcGdeQXVyMTQxNzMzNDI@._V1_SX600.jpg,David Lynch,"Anonymous videotapes presage a musician's murder conviction, and a gangster's girlfriend leads a mechanic astray."
movie_0963,Sense and Sensibility,Movie,Drama,Romance,1995,136.0,U,English,USA,7.6,,43182776.0,,,False,2017-06-17,False,https://m.media-amazon.com/images/M/MV5BNzk1MjU3MDQyMl5BMl5BanBnXkFtZTcwNjc1OTM2MQ@._V1_SX600.jpg,Ang Lee,"Rich Mr. Dashwood dies, leaving his second wife and her three daughters poor by the rules of inheritance. The two eldest daughters are the title opposites."
movie_0964,Die Hard: With a Vengeance,Movie,Action,Adventure,1995,128.0,A,English,USA,7.6,,100012499.0,,,False,2018-01-22,False,https://m.media-amazon.com/images/M/MV5BZjI0ZWFiMmQtMjRlZi00ZmFhLWI4NmYtMjQ5YmY0MzIyMzRiXkEyXkFqcGdeQXVyMTQxNzMzNDI@._V1_SX600.jpg,John McTiernan,"John McClane and a Harlem store owner are targeted by German terrorist Simon in New York City, where he plans to rob the Federal Reserve Building."
movie_0965,Dead Man,Movie,Adventure,Drama,1995,121.0,R,English,USA,7.6,,1037847.0,,,False,2019-11-21,False,https://m.media-amazon.com/images/M/MV5BYTJlZmQ1OTAtODQzZi00NGIzLWI1MmEtZGE4NjFlOWRhODIyXkEyXkFqcGdeQXVyNTc1NTQxODI@._V1_SX600.jpg,Jim Jarmusch,"On the run after murdering a man, accountant William Blake encounters a strange aboriginal American man named Nobody who prepares him for his journey into the spiritual world."
movie_0966,The Bridges of Madison County,Movie,Drama,Romance,1995,135.0,A,English,USA,7.6,,71516617.0,,,False,2020-06-12,False,https://m.media-amazon.com/images/M/MV5BNmRiZDZkN2EtNWI5ZS00ZDg3LTgyNDItMWI5NjVlNmE5ODJiXkEyXkFqcGdeQXVyMjQwMjk0NjI@._V1_SX600.jpg,Clint Eastwood,Photographer Robert Kincaid wanders into the life of housewife Francesca Johnson for four days in the 1960s.
movie_0967,Apollo 13,Movie,Adventure,Drama,1995,140.0,PG,English,USA,7.6,,173837933.0,,,False,2015-04-29,False,https://m.media-amazon.com/images/M/MV5BNjEzYjJmNzgtNDkwNy00MTQ4LTlmMWMtNzA4YjE2NjI0ZDg4XkEyXkFqcGdeQXVyNjU0OTQ0OTY@._V1_SX600.jpg,Ron Howard,NASA must devise a strategy to return Apollo 13 to Earth safely after the spacecraft undergoes massive internal damage putting the lives of the three astronauts on board in jeopardy.
movie_0968,Trois couleurs: Blanc,Movie,Comedy,Drama,1994,92.0,U,French,France,7.6,,1464625.0,,,False,2019-05-12,False,https://m.media-amazon.com/images/M/MV5BNTliYTI1YTctMTE0Mi00NDM0LThjZDgtYmY3NGNiODBjZjAwXkEyXkFqcGdeQXVyMTAwMzUyOTc@._V1_SX600.jpg,Krzysztof Kieslowski,"After his wife divorces him, a Polish immigrant plots to get even with her."
movie_0969,Falling Down,Movie,Action,Crime,1993,113.0,R,English,USA,7.6,,40903593.0,,,False,2018-10-08,True,https://m.media-amazon.com/images/M/MV5BYjcxMzM3OWMtNmM3Yy00YzBkLTkxMmQtMDk4MmM3Y2Y4MDliL2ltYWdlXkEyXkFqcGdeQXVyMTQxNzMzNDI@._V1_SX600.jpg,Joel Schumacher,An ordinary man frustrated with the various flaws he sees in society begins to psychotically and violently lash out against them.
movie_0970,Dazed and Confused,Movie,Comedy,,1993,102.0,U,English,USA,7.6,,7993039.0,,,False,2022-07-02,False,https://m.media-amazon.com/images/M/MV5BMTM5MDY5MDQyOV5BMl5BanBnXkFtZTgwMzM3NzMxMDE@._V1_SX600.jpg,Richard Linklater,The adventures of high school and junior high students on the last day of school in May 1976.
movie_0971,My Cousin Vinny,Movie,Comedy,Crime,1992,120.0,UA,English,USA,7.6,,52929168.0,,,False,2022-08-13,True,https://m.media-amazon.com/images/M/MV5BMTQxNDYzMTg1M15BMl5BanBnXkFtZTgwNzk4MDgxMTE@._V1_SX600.jpg,Jonathan Lynn,"Two New Yorkers accused of murder in rural Alabama while on their way back to college call in the help of one of their cousins, a loudmouth lawyer with no trial experience."
movie_0972,Omohide poro poro,Movie,Animation,Drama,1991,118.0,U,Japanese,Japan,7.6,,453243.0,,,False,2023-12-14,False,https://m.media-amazon.com/images/M/MV5BMTY5NjI2MjQxMl5BMl5BanBnXkFtZTgwMDA2MzM2NzE@._V1_SX600.jpg,Isao Takahata,A twenty-seven-year-old office worker travels to the countryside while reminiscing about her childhood in Tokyo.
movie_0973,Delicatessen,Movie,Comedy,Crime,1991,99.0,R,English,USA,7.6,,1794187.0,,,False,2019-07-15,True,https://m.media-amazon.com/images/M/MV5BNjg5ZDM0MTEtYTZmNC00NDJiLWI5MTktYzk4N2QxY2IxZTc2L2ltYWdlXkEyXkFqcGdeQXVyNTAyODkwOQ@._V1_SX600.jpg,Marc Caro,Post-apocalyptic surrealist black comedy about the landlord of an apartment building who occasionally prepares a delicacy for his odd tenants.
movie_0974,Home Alone,Movie,Comedy,Family,1990,103.0,U,English,USA,7.6,,285761243.0,,,False,2023-02-14,False,https://m.media-amazon.com/images/M/MV5BMzFkM2YwOTQtYzk2Mi00N2VlLWE3NTItN2YwNDg1YmY0ZDNmXkEyXkFqcGdeQXVyMTMxODk2OTU@._V1_SX600.jpg,Chris Columbus,An eight-year-old troublemaker must protect his house from a pair of burglars when he is accidentally left home alone by his family during Christmas vacation.
movie_0975,The Godfather: Part III,Movie,Crime,Drama,1990,162.0,A,English,USA,7.6,,66666062.0,,,False,2016-11-07,True,https://m.media-amazon.com/images/M/MV5BNWFlYWY2YjYtNjdhNi00MzVlLTg2MTMtMWExNzg4NmM5NmEzXkEyXkFqcGdeQXVyMDk5Mzc5MQ@._V1_SX600.jpg,Francis Ford Coppola,"Follows Michael Corleone, now in his 60s, as he seeks to free his family from crime and find a suitable successor to his empire."
movie_0976,When Harry Met Sally...,Movie,Comedy,Drama,1989,95.0,UA,English,USA,7.6,,92823600.0,,,False,2024-06-04,False,https://m.media-amazon.com/images/M/MV5BMjE0ODEwNjM2NF5BMl5BanBnXkFtZTcwMjU2Mzg3NA@._V1_SX600.jpg,Rob Reiner,"Harry and Sally have known each other for years, and are very good friends, but they fear sex would ruin the friendship."
movie_0977,The Little Mermaid,Movie,Animation,Family,1989,83.0,U,English,USA,7.6,,111543479.0,,,False,2020-03-29,False,https://m.media-amazon.com/images/M/MV5BN2JlZTBhYTEtZDE3OC00NTA3LTk5NTQtNjg5M2RjODllM2M0XkEyXkFqcGdeQXVyNjk1Njg5NTA@._V1_SX600.jpg,Ron Clements,A mermaid princess makes a Faustian bargain in an attempt to become human and win a prince's love.
movie_0978,The Naked Gun: From the Files of Police Squad!,Movie,Comedy,Crime,1988,85.0,U,English,USA,7.6,,78756177.0,,,False,2025-04-24,True,https://m.media-amazon.com/images/M/MV5BODk1ZWM4ZjItMjFhZi00MDMxLTgxNmYtODFhNWZlZTkwM2UwXkEyXkFqcGdeQXVyMTQxNzMzNDI@._V1_SX600.jpg,David Zucker,Incompetent police Detective Frank Drebin must foil an attempt to assassinate Queen Elizabeth II.
movie_0979,"Planes, Trains & Automobiles",Movie,Comedy,Drama,1987,93.0,U,English,USA,7.6,,49530280.0,,,False,2016-06-06,False,https://m.media-amazon.com/images/M/MV5BM2I1ZWNkYjEtYWY3ZS00MmMwLWI5OTEtNWNkZjNiYjIwNzY0XkEyXkFqcGdeQXVyNTI4MjkwNjA@._V1_SX600.jpg,John Hughes,A man must struggle to travel home for Thanksgiving with a lovable oaf of a shower curtain ring salesman as his only companion.
movie_0980,Lethal Weapon,Movie,Action,Crime,1987,109.0,A,English,USA,7.6,,65207127.0,,,False,2021-12-23,True,https://m.media-amazon.com/images/M/MV5BZTllNWNlZjctMWQwMS00ZDc3LTg5ZjMtNzhmNzhjMmVhYTFlXkEyXkFqcGdeQXVyNTc1NTQxODI@._V1_SX600.jpg,Richard Donner,Two newly paired cops who are complete opposites must put aside their differences in order to catch a gang of drug smugglers.
movie_0981,Blood Simple,Movie,Crime,Drama,1984,99.0,A,English,USA,7.6,,2150000.0,,,False,2020-12-27,True,https://m.media-amazon.com/images/M/MV5BZmI5YzM1MjItMzFmNy00NGFkLThlMDUtZjZmYTZkM2QxMjU3XkEyXkFqcGdeQXVyNzkwMjQ5NzM@._V1_SX600.jpg,Joel Coen,"The owner of a seedy small-town Texas bar discovers that one of his employees is having an affair with his wife. A chaotic chain of misunderstandings, lies and mischief ensues after he devises a plot to have them murdered."
movie_0982,On Golden Pond,Movie,Drama,,1981,109.0,UA,English,USA,7.6,,119285432.0,,,False,2015-04-21,False,https://m.media-amazon.com/images/M/MV5BNWQ4MGZlZmYtZjY0MS00N2JhLWE0NmMtOTMwMTk4NDQ4NjE2XkEyXkFqcGdeQXVyNTI4MjkwNjA@._V1_SX600.jpg,Mark Rydell,"Norman is a curmudgeon with an estranged relationship with his daughter Chelsea. At Golden Pond, he and his wife nevertheless agree to care for Billy, the son of Chelsea's new boyfriend, and a most unexpected relationship blooms."
movie_0983,Mad Max 2,Movie,Action,Adventure,1981,96.0,A,English,USA,7.6,,12465371.0,,,False,2025-03-03,False,https://m.media-amazon.com/images/M/MV5BN2VlNjNhZWQtMTY2OC00Y2E1LWJkNGUtMDU4M2ViNzliMGYwXkEyXkFqcGdeQXVyNTAyODkwOQ@._V1_SX600.jpg,George Miller,"In the post-apocalyptic Australian wasteland, a cynical drifter agrees to help a small, gasoline-rich community escape a horde of bandits."
movie_0984,The Warriors,Movie,Action,Crime,1979,92.0,UA,English,USA,7.6,,22490039.0,,,False,2019-06-02,True,https://m.media-amazon.com/images/M/MV5BYTU2MWRiMTMtYzAzZi00NGYzLTlkMDEtNWQ3MzZlNTJlNzZkL2ltYWdlL2ltYWdlXkEyXkFqcGdeQXVyNjc1NTYyMjg@._V1_SX600.jpg,Walter Hill,"In the near future, a charismatic leader summons the street gangs of New York City in a bid to take it over. When he is killed, The Warriors are falsely blamed and now must fight their way home while every other gang is hunting them down."
movie_0985,The Muppet Movie,Movie,Adventure,Comedy,1979,95.0,U,English,USA,7.6,,76657000.0,,,False,2021-08-21,False,https://m.media-amazon.com/images/M/MV5BMGQ0OGM5YjItYzYyMi00NmVmLWI3ODMtMTY2NGRkZmI5MWU2XkEyXkFqcGdeQXVyMzI0NDc4ODY@._V1_SX600.jpg,James Frawley,"Kermit and his newfound friends trek across America to find success in Hollywood, but a frog legs merchant is after Kermit."
movie_0986,Escape from Alcatraz,Movie,Action,Biography,1979,112.0,A,English,USA,7.6,,43000000.0,,,False,2021-04-30,False,https://m.media-amazon.com/images/M/MV5BNDQ3MzNjMDItZjE0ZS00ZTYxLTgxNTAtM2I4YjZjNWFjYjJlL2ltYWdlXkEyXkFqcGdeQXVyNTAyODkwOQ@._V1_SX600.jpg,Don Siegel,"Alcatraz is the most secure prison of its time. It is believed that no one can ever escape from it, until three daring men make a possible successful attempt at escaping from one of the most infamous prisons in the world."
movie_0987,Watership Down,Movie,Animation,Adventure,1978,91.0,U,English,USA,7.6,,,,,False,2022-06-08,False,https://m.media-amazon.com/images/M/MV5BMzZiODUwNzktNzBiZi00MDc4LThkMGMtZmE3MTE0M2E1MTM3L2ltYWdlXkEyXkFqcGdeQXVyNTAyODkwOQ@._V1_SX600.jpg,Martin Rosen,"Hoping to escape destruction by human developers and save their community, a colony of rabbits, led by Hazel and Fiver, seek out a safe place to set up a new warren."
movie_0988,Midnight Express,Movie,Biography,Crime,1978,121.0,A,English,USA,7.6,,35000000.0,,,False,2015-04-22,True,https://m.media-amazon.com/images/M/MV5BNDU1MjQ0YWMtMWQ2MS00NTdmLTg1MGItNDA5NTNkNTRhOTIyXkEyXkFqcGdeQXVyNTIzOTk5ODM@._V1_SX600.jpg,Alan Parker,"Billy Hayes, an American college student, is caught smuggling drugs out of Turkey and thrown into prison."
movie_0989,Close Encounters of the Third Kind,Movie,Drama,Sci-Fi,1977,138.0,U,English,USA,7.6,,132088635.0,,,False,2015-12-10,False,https://m.media-amazon.com/images/M/MV5BMjM1NjE5NjQxN15BMl5BanBnXkFtZTgwMjYzMzQxMDE@._V1_SX600.jpg,Steven Spielberg,"Roy Neary, an electric lineman, watches how his quiet and ordinary daily life turns upside down after a close encounter with a UFO."
movie_0990,The Long Goodbye,Movie,Comedy,Crime,1973,112.0,A,English,USA,7.6,,959000.0,,,False,2022-03-17,True,https://m.media-amazon.com/images/M/MV5BYzZhODNiOWYtMmNkNS00OTFhLTkzYzktYTQ4ZmNmZWMyN2ZiL2ltYWdlL2ltYWdlXkEyXkFqcGdeQXVyNjc1NTYyMjg@._V1_SX600.jpg,Robert Altman,"Private investigator Philip Marlowe helps a friend out of a jam, but in doing so gets implicated in his wife's murder."
movie_0991,Giù la testa,Movie,Drama,War,1971,157.0,PG,Italian,Italy,7.6,,696690.0,,,False,2019-10-22,True,https://m.media-amazon.com/images/M/MV5BYjRmY2VjN2ItMzBmYy00YTRjLWFiMTgtNGZhNWJjMjk3YjZjXkEyXkFqcGdeQXVyNjc1NTYyMjg@._V1_SX600.jpg,Sergio Leone,A low-life bandit and an I.R.A. explosives expert rebel against the government and become heroes of the Mexican Revolution.
movie_0992,Kelly's Heroes,Movie,Adventure,Comedy,1970,144.0,GP,English,USA,7.6,,1378435.0,,,False,2016-07-09,False,https://m.media-amazon.com/images/M/MV5BMzAyNDUwYzUtN2NlMC00ODliLWExMjgtMGMzNmYzZmUwYTg1XkEyXkFqcGdeQXVyNjc1NTYyMjg@._V1_SX600.jpg,Brian G. Hutton,A group of U.S. soldiers sneaks across enemy lines to get their hands on a secret stash of Nazi treasure.
movie_0993,The Jungle Book,Movie,Animation,Adventure,1967,78.0,U,English,USA,7.6,,141843612.0,,,False,2024-09-20,False,https://m.media-amazon.com/images/M/MV5BMjAwMTExODExNl5BMl5BanBnXkFtZTgwMjM2MDgyMTE@._V1_SX600.jpg,Wolfgang Reitherman,Bagheera the Panther and Baloo the Bear have a difficult time trying to convince a boy to leave the jungle for human civilization.
movie_0994,Blowup,Movie,Drama,Mystery,1966,111.0,A,English,USA,7.6,,,,,False,2020-03-06,False,https://m.media-amazon.com/images/M/MV5BYTE4YWU0NjAtMjNiYi00MTNiLTgwYzctZjk0YjY5NGVhNWQwXkEyXkFqcGdeQXVyMTY5Nzc4MDY@._V1_SX600.jpg,Michelangelo Antonioni,A fashion photographer unknowingly captures a death on film after following two lovers in a park.
movie_0995,A Hard Day's Night,Movie,Comedy,Music,1964,87.0,U,English,USA,7.6,,13780024.0,,,False,2017-01-14,False,https://m.media-amazon.com/images/M/MV5BZjQyMGUwNzAtNTc2MC00Y2FjLThlM2ItZGRjNzM0OWVmZGYyXkEyXkFqcGdeQXVyNjc1NTYyMjg@._V1_SX600.jpg,Richard Lester,"Over two ""typical"" days in the life of The Beatles, the boys struggle to keep themselves and Sir Paul McCartney's mischievous grandfather in check while preparing for a live television performance."
movie_0996,Breakfast at Tiffany's,Movie,Comedy,Drama,1961,115.0,A,English,USA,7.6,,,,,False,2015-07-25,False,https://m.media-amazon.com/images/M/MV5BNGEwMTRmZTQtMDY4Ni00MTliLTk5ZmMtOWMxYWMyMTllMDg0L2ltYWdlL2ltYWdlXkEyXkFqcGdeQXVyNjc1NTYyMjg@._V1_SX600.jpg,Blake Edwards,"A young New York socialite becomes interested in a young man who has moved into her apartment building, but her past threatens to get in the way."
movie_0997,Giant,Movie,Drama,Western,1956,201.0,G,English,USA,7.6,,,,,False,2017-12-01,False,https://m.media-amazon.com/images/M/MV5BODk3YjdjZTItOGVhYi00Mjc2LTgzMDAtMThmYTVkNTBlMWVkXkEyXkFqcGdeQXVyNDY2MTk1ODk@._V1_SX600.jpg,George Stevens,Sprawling epic covering the life of a Texas cattle rancher and his family and associates.
movie_0998,From Here to Eternity,Movie,Drama,Romance,1953,118.0,Passed,English,USA,7.6,,30500000.0,,,False,2019-04-02,False,https://m.media-amazon.com/images/M/MV5BM2U3YzkxNGMtYWE0YS00ODk0LTk1ZGEtNjk3ZTE0MTk4MzJjXkEyXkFqcGdeQXVyNDk0MDg4NDk@._V1_SX600.jpg,Fred Zinnemann,"In Hawaii in 1941, a private is cruelly punished for not boxing on his unit's team, while his captain's wife and second-in-command are falling in love."
movie_0999,Lifeboat,Movie,Drama,War,1944,97.0,Not Rated,English,USA,7.6,,,,,False,2018-09-02,True,https://m.media-amazon.com/images/M/MV5BZTBmMjUyMjItYTM4ZS00MjAwLWEyOGYtYjMyZTUxN2I3OTMxXkEyXkFqcGdeQXVyNjc1NTYyMjg@._V1_SX600.jpg,Alfred Hitchcock,Several survivors of a torpedoed merchant ship in World War II find themselves in the same lifeboat with one of the crew members of the U-boat that sank their ship.
movie_1000,The 39 Steps,Movie,Crime,Mystery,1935,86.0,Not Rated,English,USA,7.6,,,,,False,2017-05-16,True,https://m.media-amazon.com/images/M/MV5BMTY5ODAzMTcwOF5BMl5BanBnXkFtZTcwMzYxNDYyNA@._V1_SX600.jpg,Alfred Hitchcock,"A man in London tries to help a counter-espionage Agent. But when the Agent is killed, and the man stands accused, he must go on the run to save himself and stop a spy ring which is trying to steal top secret information."
